[5.300s] [34mcolcon[0m [1;30mDEBUG[0m [32mCommand line arguments: ['/usr/bin/colcon', 'build'][0m
[5.301s] [34mcolcon[0m [1;30mDEBUG[0m [32mParsed command line arguments: Namespace(allow_overriding=[], ament_cmake_args=None, base_paths=['.'], build_base='build', catkin_cmake_args=None, catkin_skip_building_tests=False, cmake_args=None, cmake_clean_cache=False, cmake_clean_first=False, cmake_force_configure=False, cmake_target=None, cmake_target_skip_unavailable=False, continue_on_error=False, event_handlers=None, executor='parallel', ignore_user_meta=False, install_base='install', log_base=None, log_level=None, main=<bound method BuildVerb.main of <colcon_core.verb.build.BuildVerb object at 0xffffaceaf820>>, merge_install=False, metas=['./colcon.meta'], packages_above=None, packages_above_and_dependencies=None, packages_above_depth=None, packages_end=None, packages_ignore=None, packages_ignore_regex=None, packages_select=None, packages_select_build_failed=False, packages_select_by_dep=None, packages_select_regex=None, packages_select_test_failures=False, packages_skip=None, packages_skip_build_finished=False, packages_skip_by_dep=None, packages_skip_regex=None, packages_skip_test_passed=False, packages_skip_up_to=None, packages_start=None, packages_up_to=None, packages_up_to_regex=None, parallel_workers=4, paths=None, symlink_install=False, test_result_base=None, verb_extension=<colcon_core.verb.build.BuildVerb object at 0xffffaceaf820>, verb_name='build', verb_parser=<colcon_defaults.argument_parser.defaults.DefaultArgumentsDecorator object at 0xffffacd76130>)[0m
[5.849s] [34mcolcon.colcon_core.package_discovery[0m [1;30mLevel 1[0m discover_packages(colcon_meta) check parameters
[5.849s] [34mcolcon.colcon_core.package_discovery[0m [1;30mLevel 1[0m discover_packages(recursive) check parameters
[5.849s] [34mcolcon.colcon_core.package_discovery[0m [1;30mLevel 1[0m discover_packages(ignore) check parameters
[5.849s] [34mcolcon.colcon_core.package_discovery[0m [1;30mLevel 1[0m discover_packages(path) check parameters
[5.849s] [34mcolcon.colcon_core.package_discovery[0m [1;30mLevel 1[0m discover_packages(colcon_meta) discover
[5.849s] [34mcolcon.colcon_core.package_discovery[0m [1;30mLevel 1[0m discover_packages(recursive) discover
[5.850s] [34mcolcon.colcon_core.package_discovery[0m [1;30mINFO[0m Crawling recursively for packages in '/home/unitree/106a_final'
[5.850s] [34mcolcon.colcon_core.package_identification[0m [1;30mLevel 1[0m _identify(.) by extensions ['ignore', 'ignore_ament_install']
[5.850s] [34mcolcon.colcon_core.package_identification[0m [1;30mLevel 1[0m _identify(.) by extension 'ignore'
[5.850s] [34mcolcon.colcon_core.package_identification[0m [1;30mLevel 1[0m _identify(.) by extension 'ignore_ament_install'
[5.850s] [34mcolcon.colcon_core.package_identification[0m [1;30mLevel 1[0m _identify(.) by extensions ['colcon_pkg']
[5.850s] [34mcolcon.colcon_core.package_identification[0m [1;30mLevel 1[0m _identify(.) by extension 'colcon_pkg'
[5.851s] [34mcolcon.colcon_core.package_identification[0m [1;30mLevel 1[0m _identify(.) by extensions ['colcon_meta']
[5.851s] [34mcolcon.colcon_core.package_identification[0m [1;30mLevel 1[0m _identify(.) by extension 'colcon_meta'
[5.851s] [34mcolcon.colcon_core.package_identification[0m [1;30mLevel 1[0m _identify(.) by extensions ['ros']
[5.851s] [34mcolcon.colcon_core.package_identification[0m [1;30mLevel 1[0m _identify(.) by extension 'ros'
[5.877s] [34mcolcon.colcon_core.package_identification[0m [1;30mLevel 1[0m _identify(.) by extensions ['cmake', 'python']
[5.877s] [34mcolcon.colcon_core.package_identification[0m [1;30mLevel 1[0m _identify(.) by extension 'cmake'
[5.877s] [34mcolcon.colcon_core.package_identification[0m [1;30mLevel 1[0m _identify(.) by extension 'python'
[5.877s] [34mcolcon.colcon_core.package_identification[0m [1;30mLevel 1[0m _identify(.) by extensions ['python_setup_py']
[5.878s] [34mcolcon.colcon_core.package_identification[0m [1;30mLevel 1[0m _identify(.) by extension 'python_setup_py'
[5.878s] [34mcolcon.colcon_core.package_identification[0m [1;30mLevel 1[0m _identify(build) by extensions ['ignore', 'ignore_ament_install']
[5.878s] [34mcolcon.colcon_core.package_identification[0m [1;30mLevel 1[0m _identify(build) by extension 'ignore'
[5.878s] [34mcolcon.colcon_core.package_identification[0m [1;30mLevel 1[0m _identify(build) ignored
[5.879s] [34mcolcon.colcon_core.package_identification[0m [1;30mLevel 1[0m _identify(install) by extensions ['ignore', 'ignore_ament_install']
[5.879s] [34mcolcon.colcon_core.package_identification[0m [1;30mLevel 1[0m _identify(install) by extension 'ignore'
[5.879s] [34mcolcon.colcon_core.package_identification[0m [1;30mLevel 1[0m _identify(install) ignored
[5.880s] [34mcolcon.colcon_core.package_identification[0m [1;30mLevel 1[0m _identify(log) by extensions ['ignore', 'ignore_ament_install']
[5.880s] [34mcolcon.colcon_core.package_identification[0m [1;30mLevel 1[0m _identify(log) by extension 'ignore'
[5.880s] [34mcolcon.colcon_core.package_identification[0m [1;30mLevel 1[0m _identify(log) ignored
[5.880s] [34mcolcon.colcon_core.package_identification[0m [1;30mLevel 1[0m _identify(src) by extensions ['ignore', 'ignore_ament_install']
[5.880s] [34mcolcon.colcon_core.package_identification[0m [1;30mLevel 1[0m _identify(src) by extension 'ignore'
[5.881s] [34mcolcon.colcon_core.package_identification[0m [1;30mLevel 1[0m _identify(src) by extension 'ignore_ament_install'
[5.881s] [34mcolcon.colcon_core.package_identification[0m [1;30mLevel 1[0m _identify(src) by extensions ['colcon_pkg']
[5.881s] [34mcolcon.colcon_core.package_identification[0m [1;30mLevel 1[0m _identify(src) by extension 'colcon_pkg'
[5.881s] [34mcolcon.colcon_core.package_identification[0m [1;30mLevel 1[0m _identify(src) by extensions ['colcon_meta']
[5.881s] [34mcolcon.colcon_core.package_identification[0m [1;30mLevel 1[0m _identify(src) by extension 'colcon_meta'
[5.881s] [34mcolcon.colcon_core.package_identification[0m [1;30mLevel 1[0m _identify(src) by extensions ['ros']
[5.881s] [34mcolcon.colcon_core.package_identification[0m [1;30mLevel 1[0m _identify(src) by extension 'ros'
[5.881s] [34mcolcon.colcon_core.package_identification[0m [1;30mLevel 1[0m _identify(src) by extensions ['cmake', 'python']
[5.881s] [34mcolcon.colcon_core.package_identification[0m [1;30mLevel 1[0m _identify(src) by extension 'cmake'
[5.881s] [34mcolcon.colcon_core.package_identification[0m [1;30mLevel 1[0m _identify(src) by extension 'python'
[5.881s] [34mcolcon.colcon_core.package_identification[0m [1;30mLevel 1[0m _identify(src) by extensions ['python_setup_py']
[5.882s] [34mcolcon.colcon_core.package_identification[0m [1;30mLevel 1[0m _identify(src) by extension 'python_setup_py'
[5.882s] [34mcolcon.colcon_core.package_identification[0m [1;30mLevel 1[0m _identify(src/arm_control) by extensions ['ignore', 'ignore_ament_install']
[5.882s] [34mcolcon.colcon_core.package_identification[0m [1;30mLevel 1[0m _identify(src/arm_control) by extension 'ignore'
[5.882s] [34mcolcon.colcon_core.package_identification[0m [1;30mLevel 1[0m _identify(src/arm_control) by extension 'ignore_ament_install'
[5.882s] [34mcolcon.colcon_core.package_identification[0m [1;30mLevel 1[0m _identify(src/arm_control) by extensions ['colcon_pkg']
[5.882s] [34mcolcon.colcon_core.package_identification[0m [1;30mLevel 1[0m _identify(src/arm_control) by extension 'colcon_pkg'
[5.882s] [34mcolcon.colcon_core.package_identification[0m [1;30mLevel 1[0m _identify(src/arm_control) by extensions ['colcon_meta']
[5.882s] [34mcolcon.colcon_core.package_identification[0m [1;30mLevel 1[0m _identify(src/arm_control) by extension 'colcon_meta'
[5.882s] [34mcolcon.colcon_core.package_identification[0m [1;30mLevel 1[0m _identify(src/arm_control) by extensions ['ros']
[5.883s] [34mcolcon.colcon_core.package_identification[0m [1;30mLevel 1[0m _identify(src/arm_control) by extension 'ros'
[5.890s] [34mcolcon.colcon_core.package_identification[0m [1;30mDEBUG[0m [32mPackage 'src/arm_control' with type 'ros.ament_python' and name 'arm_control'[0m
[5.891s] [34mcolcon.colcon_core.package_identification[0m [1;30mLevel 1[0m _identify(src/arm_driver) by extensions ['ignore', 'ignore_ament_install']
[5.891s] [34mcolcon.colcon_core.package_identification[0m [1;30mLevel 1[0m _identify(src/arm_driver) by extension 'ignore'
[5.891s] [34mcolcon.colcon_core.package_identification[0m [1;30mLevel 1[0m _identify(src/arm_driver) by extension 'ignore_ament_install'
[5.891s] [34mcolcon.colcon_core.package_identification[0m [1;30mLevel 1[0m _identify(src/arm_driver) by extensions ['colcon_pkg']
[5.892s] [34mcolcon.colcon_core.package_identification[0m [1;30mLevel 1[0m _identify(src/arm_driver) by extension 'colcon_pkg'
[5.892s] [34mcolcon.colcon_core.package_identification[0m [1;30mLevel 1[0m _identify(src/arm_driver) by extensions ['colcon_meta']
[5.892s] [34mcolcon.colcon_core.package_identification[0m [1;30mLevel 1[0m _identify(src/arm_driver) by extension 'colcon_meta'
[5.892s] [34mcolcon.colcon_core.package_identification[0m [1;30mLevel 1[0m _identify(src/arm_driver) by extensions ['ros']
[5.892s] [34mcolcon.colcon_core.package_identification[0m [1;30mLevel 1[0m _identify(src/arm_driver) by extension 'ros'
[5.894s] [34mcolcon.colcon_core.package_identification[0m [1;30mDEBUG[0m [32mPackage 'src/arm_driver' with type 'ros.ament_cmake' and name 'arm_driver'[0m
[5.895s] [34mcolcon.colcon_core.package_identification[0m [1;30mLevel 1[0m _identify(src/aruco_node) by extensions ['ignore', 'ignore_ament_install']
[5.895s] [34mcolcon.colcon_core.package_identification[0m [1;30mLevel 1[0m _identify(src/aruco_node) by extension 'ignore'
[5.895s] [34mcolcon.colcon_core.package_identification[0m [1;30mLevel 1[0m _identify(src/aruco_node) by extension 'ignore_ament_install'
[5.895s] [34mcolcon.colcon_core.package_identification[0m [1;30mLevel 1[0m _identify(src/aruco_node) by extensions ['colcon_pkg']
[5.895s] [34mcolcon.colcon_core.package_identification[0m [1;30mLevel 1[0m _identify(src/aruco_node) by extension 'colcon_pkg'
[5.895s] [34mcolcon.colcon_core.package_identification[0m [1;30mLevel 1[0m _identify(src/aruco_node) by extensions ['colcon_meta']
[5.895s] [34mcolcon.colcon_core.package_identification[0m [1;30mLevel 1[0m _identify(src/aruco_node) by extension 'colcon_meta'
[5.896s] [34mcolcon.colcon_core.package_identification[0m [1;30mLevel 1[0m _identify(src/aruco_node) by extensions ['ros']
[5.896s] [34mcolcon.colcon_core.package_identification[0m [1;30mLevel 1[0m _identify(src/aruco_node) by extension 'ros'
[5.898s] [34mcolcon.colcon_core.package_identification[0m [1;30mDEBUG[0m [32mPackage 'src/aruco_node' with type 'ros.ament_python' and name 'aruco_node'[0m
[5.898s] [34mcolcon.colcon_core.package_identification[0m [1;30mLevel 1[0m _identify(src/base_driver) by extensions ['ignore', 'ignore_ament_install']
[5.898s] [34mcolcon.colcon_core.package_identification[0m [1;30mLevel 1[0m _identify(src/base_driver) by extension 'ignore'
[5.898s] [34mcolcon.colcon_core.package_identification[0m [1;30mLevel 1[0m _identify(src/base_driver) by extension 'ignore_ament_install'
[5.898s] [34mcolcon.colcon_core.package_identification[0m [1;30mLevel 1[0m _identify(src/base_driver) by extensions ['colcon_pkg']
[5.899s] [34mcolcon.colcon_core.package_identification[0m [1;30mLevel 1[0m _identify(src/base_driver) by extension 'colcon_pkg'
[5.899s] [34mcolcon.colcon_core.package_identification[0m [1;30mLevel 1[0m _identify(src/base_driver) by extensions ['colcon_meta']
[5.899s] [34mcolcon.colcon_core.package_identification[0m [1;30mLevel 1[0m _identify(src/base_driver) by extension 'colcon_meta'
[5.899s] [34mcolcon.colcon_core.package_identification[0m [1;30mLevel 1[0m _identify(src/base_driver) by extensions ['ros']
[5.899s] [34mcolcon.colcon_core.package_identification[0m [1;30mLevel 1[0m _identify(src/base_driver) by extension 'ros'
[5.900s] [34mcolcon.colcon_core.package_identification[0m [1;30mDEBUG[0m [32mPackage 'src/base_driver' with type 'ros.ament_cmake' and name 'base_driver'[0m
[5.901s] [34mcolcon.colcon_core.package_identification[0m [1;30mLevel 1[0m _identify(src/d1_sdk) by extensions ['ignore', 'ignore_ament_install']
[5.901s] [34mcolcon.colcon_core.package_identification[0m [1;30mLevel 1[0m _identify(src/d1_sdk) by extension 'ignore'
[5.901s] [34mcolcon.colcon_core.package_identification[0m [1;30mLevel 1[0m _identify(src/d1_sdk) ignored
[5.901s] [34mcolcon.colcon_core.package_identification[0m [1;30mLevel 1[0m _identify(src/go2_bringup) by extensions ['ignore', 'ignore_ament_install']
[5.901s] [34mcolcon.colcon_core.package_identification[0m [1;30mLevel 1[0m _identify(src/go2_bringup) by extension 'ignore'
[5.901s] [34mcolcon.colcon_core.package_identification[0m [1;30mLevel 1[0m _identify(src/go2_bringup) by extension 'ignore_ament_install'
[5.902s] [34mcolcon.colcon_core.package_identification[0m [1;30mLevel 1[0m _identify(src/go2_bringup) by extensions ['colcon_pkg']
[5.902s] [34mcolcon.colcon_core.package_identification[0m [1;30mLevel 1[0m _identify(src/go2_bringup) by extension 'colcon_pkg'
[5.902s] [34mcolcon.colcon_core.package_identification[0m [1;30mLevel 1[0m _identify(src/go2_bringup) by extensions ['colcon_meta']
[5.902s] [34mcolcon.colcon_core.package_identification[0m [1;30mLevel 1[0m _identify(src/go2_bringup) by extension 'colcon_meta'
[5.902s] [34mcolcon.colcon_core.package_identification[0m [1;30mLevel 1[0m _identify(src/go2_bringup) by extensions ['ros']
[5.902s] [34mcolcon.colcon_core.package_identification[0m [1;30mLevel 1[0m _identify(src/go2_bringup) by extension 'ros'
[5.903s] [34mcolcon.colcon_core.package_identification[0m [1;30mDEBUG[0m [32mPackage 'src/go2_bringup' with type 'ros.ament_python' and name 'go2_bringup'[0m
[5.904s] [34mcolcon.colcon_core.package_identification[0m [1;30mLevel 1[0m _identify(src/navigation_node) by extensions ['ignore', 'ignore_ament_install']
[5.904s] [34mcolcon.colcon_core.package_identification[0m [1;30mLevel 1[0m _identify(src/navigation_node) by extension 'ignore'
[5.904s] [34mcolcon.colcon_core.package_identification[0m [1;30mLevel 1[0m _identify(src/navigation_node) by extension 'ignore_ament_install'
[5.904s] [34mcolcon.colcon_core.package_identification[0m [1;30mLevel 1[0m _identify(src/navigation_node) by extensions ['colcon_pkg']
[5.904s] [34mcolcon.colcon_core.package_identification[0m [1;30mLevel 1[0m _identify(src/navigation_node) by extension 'colcon_pkg'
[5.904s] [34mcolcon.colcon_core.package_identification[0m [1;30mLevel 1[0m _identify(src/navigation_node) by extensions ['colcon_meta']
[5.904s] [34mcolcon.colcon_core.package_identification[0m [1;30mLevel 1[0m _identify(src/navigation_node) by extension 'colcon_meta'
[5.904s] [34mcolcon.colcon_core.package_identification[0m [1;30mLevel 1[0m _identify(src/navigation_node) by extensions ['ros']
[5.905s] [34mcolcon.colcon_core.package_identification[0m [1;30mLevel 1[0m _identify(src/navigation_node) by extension 'ros'
[5.905s] [34mcolcon.colcon_core.package_identification[0m [1;30mDEBUG[0m [32mPackage 'src/navigation_node' with type 'ros.ament_python' and name 'navigation_node'[0m
[5.906s] [34mcolcon.colcon_core.package_identification[0m [1;30mLevel 1[0m _identify(src/navigation_node_three) by extensions ['ignore', 'ignore_ament_install']
[5.906s] [34mcolcon.colcon_core.package_identification[0m [1;30mLevel 1[0m _identify(src/navigation_node_three) by extension 'ignore'
[5.906s] [34mcolcon.colcon_core.package_identification[0m [1;30mLevel 1[0m _identify(src/navigation_node_three) by extension 'ignore_ament_install'
[5.906s] [34mcolcon.colcon_core.package_identification[0m [1;30mLevel 1[0m _identify(src/navigation_node_three) by extensions ['colcon_pkg']
[5.906s] [34mcolcon.colcon_core.package_identification[0m [1;30mLevel 1[0m _identify(src/navigation_node_three) by extension 'colcon_pkg'
[5.906s] [34mcolcon.colcon_core.package_identification[0m [1;30mLevel 1[0m _identify(src/navigation_node_three) by extensions ['colcon_meta']
[5.906s] [34mcolcon.colcon_core.package_identification[0m [1;30mLevel 1[0m _identify(src/navigation_node_three) by extension 'colcon_meta'
[5.907s] [34mcolcon.colcon_core.package_identification[0m [1;30mLevel 1[0m _identify(src/navigation_node_three) by extensions ['ros']
[5.907s] [34mcolcon.colcon_core.package_identification[0m [1;30mLevel 1[0m _identify(src/navigation_node_three) by extension 'ros'
[5.908s] [34mcolcon.colcon_core.package_identification[0m [1;30mDEBUG[0m [32mPackage 'src/navigation_node_three' with type 'ros.ament_python' and name 'navigation_node_three'[0m
[5.908s] [34mcolcon.colcon_core.package_identification[0m [1;30mLevel 1[0m _identify(src/navigation_node_two) by extensions ['ignore', 'ignore_ament_install']
[5.908s] [34mcolcon.colcon_core.package_identification[0m [1;30mLevel 1[0m _identify(src/navigation_node_two) by extension 'ignore'
[5.909s] [34mcolcon.colcon_core.package_identification[0m [1;30mLevel 1[0m _identify(src/navigation_node_two) by extension 'ignore_ament_install'
[5.909s] [34mcolcon.colcon_core.package_identification[0m [1;30mLevel 1[0m _identify(src/navigation_node_two) by extensions ['colcon_pkg']
[5.909s] [34mcolcon.colcon_core.package_identification[0m [1;30mLevel 1[0m _identify(src/navigation_node_two) by extension 'colcon_pkg'
[5.909s] [34mcolcon.colcon_core.package_identification[0m [1;30mLevel 1[0m _identify(src/navigation_node_two) by extensions ['colcon_meta']
[5.909s] [34mcolcon.colcon_core.package_identification[0m [1;30mLevel 1[0m _identify(src/navigation_node_two) by extension 'colcon_meta'
[5.909s] [34mcolcon.colcon_core.package_identification[0m [1;30mLevel 1[0m _identify(src/navigation_node_two) by extensions ['ros']
[5.909s] [34mcolcon.colcon_core.package_identification[0m [1;30mLevel 1[0m _identify(src/navigation_node_two) by extension 'ros'
[5.911s] [34mcolcon.colcon_core.package_identification[0m [1;30mDEBUG[0m [32mPackage 'src/navigation_node_two' with type 'ros.ament_python' and name 'navigation_node_two'[0m
[5.911s] [34mcolcon.colcon_core.package_identification[0m [1;30mLevel 1[0m _identify(src/navigation_return_node) by extensions ['ignore', 'ignore_ament_install']
[5.911s] [34mcolcon.colcon_core.package_identification[0m [1;30mLevel 1[0m _identify(src/navigation_return_node) by extension 'ignore'
[5.911s] [34mcolcon.colcon_core.package_identification[0m [1;30mLevel 1[0m _identify(src/navigation_return_node) by extension 'ignore_ament_install'
[5.912s] [34mcolcon.colcon_core.package_identification[0m [1;30mLevel 1[0m _identify(src/navigation_return_node) by extensions ['colcon_pkg']
[5.912s] [34mcolcon.colcon_core.package_identification[0m [1;30mLevel 1[0m _identify(src/navigation_return_node) by extension 'colcon_pkg'
[5.912s] [34mcolcon.colcon_core.package_identification[0m [1;30mLevel 1[0m _identify(src/navigation_return_node) by extensions ['colcon_meta']
[5.912s] [34mcolcon.colcon_core.package_identification[0m [1;30mLevel 1[0m _identify(src/navigation_return_node) by extension 'colcon_meta'
[5.912s] [34mcolcon.colcon_core.package_identification[0m [1;30mLevel 1[0m _identify(src/navigation_return_node) by extensions ['ros']
[5.912s] [34mcolcon.colcon_core.package_identification[0m [1;30mLevel 1[0m _identify(src/navigation_return_node) by extension 'ros'
[5.914s] [34mcolcon.colcon_core.package_identification[0m [1;30mDEBUG[0m [32mPackage 'src/navigation_return_node' with type 'ros.ament_python' and name 'navigation_return_node'[0m
[5.914s] [34mcolcon.colcon_core.package_identification[0m [1;30mLevel 1[0m _identify(src/realsense-ros) by extensions ['ignore', 'ignore_ament_install']
[5.914s] [34mcolcon.colcon_core.package_identification[0m [1;30mLevel 1[0m _identify(src/realsense-ros) by extension 'ignore'
[5.915s] [34mcolcon.colcon_core.package_identification[0m [1;30mLevel 1[0m _identify(src/realsense-ros) ignored
[5.915s] [34mcolcon.colcon_core.package_identification[0m [1;30mLevel 1[0m _identify(src/unitree_sdk2) by extensions ['ignore', 'ignore_ament_install']
[5.915s] [34mcolcon.colcon_core.package_identification[0m [1;30mLevel 1[0m _identify(src/unitree_sdk2) by extension 'ignore'
[5.915s] [34mcolcon.colcon_core.package_identification[0m [1;30mLevel 1[0m _identify(src/unitree_sdk2) ignored
[5.915s] [34mcolcon.colcon_core.package_identification[0m [1;30mLevel 1[0m _identify(src/unitree_sdk2_python) by extensions ['ignore', 'ignore_ament_install']
[5.915s] [34mcolcon.colcon_core.package_identification[0m [1;30mLevel 1[0m _identify(src/unitree_sdk2_python) by extension 'ignore'
[5.916s] [34mcolcon.colcon_core.package_identification[0m [1;30mLevel 1[0m _identify(src/unitree_sdk2_python) ignored
[5.916s] [34mcolcon.colcon_core.package_identification[0m [1;30mLevel 1[0m _identify(src/vision_node) by extensions ['ignore', 'ignore_ament_install']
[5.916s] [34mcolcon.colcon_core.package_identification[0m [1;30mLevel 1[0m _identify(src/vision_node) by extension 'ignore'
[5.916s] [34mcolcon.colcon_core.package_identification[0m [1;30mLevel 1[0m _identify(src/vision_node) by extension 'ignore_ament_install'
[5.916s] [34mcolcon.colcon_core.package_identification[0m [1;30mLevel 1[0m _identify(src/vision_node) by extensions ['colcon_pkg']
[5.916s] [34mcolcon.colcon_core.package_identification[0m [1;30mLevel 1[0m _identify(src/vision_node) by extension 'colcon_pkg'
[5.916s] [34mcolcon.colcon_core.package_identification[0m [1;30mLevel 1[0m _identify(src/vision_node) by extensions ['colcon_meta']
[5.916s] [34mcolcon.colcon_core.package_identification[0m [1;30mLevel 1[0m _identify(src/vision_node) by extension 'colcon_meta'
[5.917s] [34mcolcon.colcon_core.package_identification[0m [1;30mLevel 1[0m _identify(src/vision_node) by extensions ['ros']
[5.917s] [34mcolcon.colcon_core.package_identification[0m [1;30mLevel 1[0m _identify(src/vision_node) by extension 'ros'
[5.919s] [34mcolcon.colcon_core.package_identification[0m [1;30mDEBUG[0m [32mPackage 'src/vision_node' with type 'ros.ament_python' and name 'vision_node'[0m
[5.919s] [34mcolcon.colcon_core.package_discovery[0m [1;30mLevel 1[0m discover_packages(recursive) using defaults
[5.919s] [34mcolcon.colcon_core.package_discovery[0m [1;30mLevel 1[0m discover_packages(ignore) discover
[5.919s] [34mcolcon.colcon_core.package_discovery[0m [1;30mLevel 1[0m discover_packages(ignore) using defaults
[5.919s] [34mcolcon.colcon_core.package_discovery[0m [1;30mLevel 1[0m discover_packages(path) discover
[5.919s] [34mcolcon.colcon_core.package_discovery[0m [1;30mLevel 1[0m discover_packages(path) using defaults
[6.478s] [34mcolcon.colcon_core.package_discovery[0m [1;30mLevel 1[0m discover_packages(prefix_path) check parameters
[6.479s] [34mcolcon.colcon_core.package_discovery[0m [1;30mLevel 1[0m discover_packages(prefix_path) discover
[6.679s] [34mcolcon.colcon_installed_package_information.package_discovery[0m [1;30mDEBUG[0m [32mFound 14 installed packages in /home/unitree/106a_final/install[0m
[6.778s] [34mcolcon.colcon_installed_package_information.package_discovery[0m [1;30mDEBUG[0m [32mFound 2 installed packages in /home/unitree/cyclonedds_ws/install[0m
[6.873s] [34mcolcon.colcon_installed_package_information.package_discovery[0m [1;30mDEBUG[0m [32mFound 292 installed packages in /opt/ros/foxy[0m
[6.876s] [34mcolcon.colcon_core.package_discovery[0m [1;30mLevel 1[0m discover_packages(prefix_path) using defaults
[7.221s] [34mcolcon.colcon_core.verb[0m [1;30mLevel 5[0m set package 'arm_control' build argument 'cmake_args' from command line to 'None'
[7.221s] [34mcolcon.colcon_core.verb[0m [1;30mLevel 5[0m set package 'arm_control' build argument 'cmake_target' from command line to 'None'
[7.221s] [34mcolcon.colcon_core.verb[0m [1;30mLevel 5[0m set package 'arm_control' build argument 'cmake_target_skip_unavailable' from command line to 'False'
[7.221s] [34mcolcon.colcon_core.verb[0m [1;30mLevel 5[0m set package 'arm_control' build argument 'cmake_clean_cache' from command line to 'False'
[7.221s] [34mcolcon.colcon_core.verb[0m [1;30mLevel 5[0m set package 'arm_control' build argument 'cmake_clean_first' from command line to 'False'
[7.221s] [34mcolcon.colcon_core.verb[0m [1;30mLevel 5[0m set package 'arm_control' build argument 'cmake_force_configure' from command line to 'False'
[7.221s] [34mcolcon.colcon_core.verb[0m [1;30mLevel 5[0m set package 'arm_control' build argument 'ament_cmake_args' from command line to 'None'
[7.221s] [34mcolcon.colcon_core.verb[0m [1;30mLevel 5[0m set package 'arm_control' build argument 'catkin_cmake_args' from command line to 'None'
[7.221s] [34mcolcon.colcon_core.verb[0m [1;30mLevel 5[0m set package 'arm_control' build argument 'catkin_skip_building_tests' from command line to 'False'
[7.222s] [34mcolcon.colcon_core.verb[0m [1;30mDEBUG[0m [32mBuilding package 'arm_control' with the following arguments: {'ament_cmake_args': None, 'build_base': '/home/unitree/106a_final/build/arm_control', 'catkin_cmake_args': None, 'catkin_skip_building_tests': False, 'cmake_args': None, 'cmake_clean_cache': False, 'cmake_clean_first': False, 'cmake_force_configure': False, 'cmake_target': None, 'cmake_target_skip_unavailable': False, 'install_base': '/home/unitree/106a_final/install/arm_control', 'merge_install': False, 'path': '/home/unitree/106a_final/src/arm_control', 'symlink_install': False, 'test_result_base': None}[0m
[7.315s] [34mcolcon.colcon_core.verb[0m [1;30mLevel 5[0m set package 'arm_driver' build argument 'cmake_args' from command line to 'None'
[7.316s] [34mcolcon.colcon_core.verb[0m [1;30mLevel 5[0m set package 'arm_driver' build argument 'cmake_target' from command line to 'None'
[7.316s] [34mcolcon.colcon_core.verb[0m [1;30mLevel 5[0m set package 'arm_driver' build argument 'cmake_target_skip_unavailable' from command line to 'False'
[7.316s] [34mcolcon.colcon_core.verb[0m [1;30mLevel 5[0m set package 'arm_driver' build argument 'cmake_clean_cache' from command line to 'False'
[7.316s] [34mcolcon.colcon_core.verb[0m [1;30mLevel 5[0m set package 'arm_driver' build argument 'cmake_clean_first' from command line to 'False'
[7.316s] [34mcolcon.colcon_core.verb[0m [1;30mLevel 5[0m set package 'arm_driver' build argument 'cmake_force_configure' from command line to 'False'
[7.316s] [34mcolcon.colcon_core.verb[0m [1;30mLevel 5[0m set package 'arm_driver' build argument 'ament_cmake_args' from command line to 'None'
[7.316s] [34mcolcon.colcon_core.verb[0m [1;30mLevel 5[0m set package 'arm_driver' build argument 'catkin_cmake_args' from command line to 'None'
[7.316s] [34mcolcon.colcon_core.verb[0m [1;30mLevel 5[0m set package 'arm_driver' build argument 'catkin_skip_building_tests' from command line to 'False'
[7.316s] [34mcolcon.colcon_core.verb[0m [1;30mDEBUG[0m [32mBuilding package 'arm_driver' with the following arguments: {'ament_cmake_args': None, 'build_base': '/home/unitree/106a_final/build/arm_driver', 'catkin_cmake_args': None, 'catkin_skip_building_tests': False, 'cmake_args': None, 'cmake_clean_cache': False, 'cmake_clean_first': False, 'cmake_force_configure': False, 'cmake_target': None, 'cmake_target_skip_unavailable': False, 'install_base': '/home/unitree/106a_final/install/arm_driver', 'merge_install': False, 'path': '/home/unitree/106a_final/src/arm_driver', 'symlink_install': False, 'test_result_base': None}[0m
[7.410s] [34mcolcon.colcon_core.verb[0m [1;30mLevel 5[0m set package 'aruco_node' build argument 'cmake_args' from command line to 'None'
[7.411s] [34mcolcon.colcon_core.verb[0m [1;30mLevel 5[0m set package 'aruco_node' build argument 'cmake_target' from command line to 'None'
[7.411s] [34mcolcon.colcon_core.verb[0m [1;30mLevel 5[0m set package 'aruco_node' build argument 'cmake_target_skip_unavailable' from command line to 'False'
[7.411s] [34mcolcon.colcon_core.verb[0m [1;30mLevel 5[0m set package 'aruco_node' build argument 'cmake_clean_cache' from command line to 'False'
[7.411s] [34mcolcon.colcon_core.verb[0m [1;30mLevel 5[0m set package 'aruco_node' build argument 'cmake_clean_first' from command line to 'False'
[7.411s] [34mcolcon.colcon_core.verb[0m [1;30mLevel 5[0m set package 'aruco_node' build argument 'cmake_force_configure' from command line to 'False'
[7.411s] [34mcolcon.colcon_core.verb[0m [1;30mLevel 5[0m set package 'aruco_node' build argument 'ament_cmake_args' from command line to 'None'
[7.411s] [34mcolcon.colcon_core.verb[0m [1;30mLevel 5[0m set package 'aruco_node' build argument 'catkin_cmake_args' from command line to 'None'
[7.411s] [34mcolcon.colcon_core.verb[0m [1;30mLevel 5[0m set package 'aruco_node' build argument 'catkin_skip_building_tests' from command line to 'False'
[7.411s] [34mcolcon.colcon_core.verb[0m [1;30mDEBUG[0m [32mBuilding package 'aruco_node' with the following arguments: {'ament_cmake_args': None, 'build_base': '/home/unitree/106a_final/build/aruco_node', 'catkin_cmake_args': None, 'catkin_skip_building_tests': False, 'cmake_args': None, 'cmake_clean_cache': False, 'cmake_clean_first': False, 'cmake_force_configure': False, 'cmake_target': None, 'cmake_target_skip_unavailable': False, 'install_base': '/home/unitree/106a_final/install/aruco_node', 'merge_install': False, 'path': '/home/unitree/106a_final/src/aruco_node', 'symlink_install': False, 'test_result_base': None}[0m
[7.509s] [34mcolcon.colcon_core.verb[0m [1;30mLevel 5[0m set package 'base_driver' build argument 'cmake_args' from command line to 'None'
[7.509s] [34mcolcon.colcon_core.verb[0m [1;30mLevel 5[0m set package 'base_driver' build argument 'cmake_target' from command line to 'None'
[7.509s] [34mcolcon.colcon_core.verb[0m [1;30mLevel 5[0m set package 'base_driver' build argument 'cmake_target_skip_unavailable' from command line to 'False'
[7.509s] [34mcolcon.colcon_core.verb[0m [1;30mLevel 5[0m set package 'base_driver' build argument 'cmake_clean_cache' from command line to 'False'
[7.509s] [34mcolcon.colcon_core.verb[0m [1;30mLevel 5[0m set package 'base_driver' build argument 'cmake_clean_first' from command line to 'False'
[7.509s] [34mcolcon.colcon_core.verb[0m [1;30mLevel 5[0m set package 'base_driver' build argument 'cmake_force_configure' from command line to 'False'
[7.509s] [34mcolcon.colcon_core.verb[0m [1;30mLevel 5[0m set package 'base_driver' build argument 'ament_cmake_args' from command line to 'None'
[7.509s] [34mcolcon.colcon_core.verb[0m [1;30mLevel 5[0m set package 'base_driver' build argument 'catkin_cmake_args' from command line to 'None'
[7.509s] [34mcolcon.colcon_core.verb[0m [1;30mLevel 5[0m set package 'base_driver' build argument 'catkin_skip_building_tests' from command line to 'False'
[7.509s] [34mcolcon.colcon_core.verb[0m [1;30mDEBUG[0m [32mBuilding package 'base_driver' with the following arguments: {'ament_cmake_args': None, 'build_base': '/home/unitree/106a_final/build/base_driver', 'catkin_cmake_args': None, 'catkin_skip_building_tests': False, 'cmake_args': None, 'cmake_clean_cache': False, 'cmake_clean_first': False, 'cmake_force_configure': False, 'cmake_target': None, 'cmake_target_skip_unavailable': False, 'install_base': '/home/unitree/106a_final/install/base_driver', 'merge_install': False, 'path': '/home/unitree/106a_final/src/base_driver', 'symlink_install': False, 'test_result_base': None}[0m
[7.607s] [34mcolcon.colcon_core.verb[0m [1;30mLevel 5[0m set package 'navigation_node' build argument 'cmake_args' from command line to 'None'
[7.607s] [34mcolcon.colcon_core.verb[0m [1;30mLevel 5[0m set package 'navigation_node' build argument 'cmake_target' from command line to 'None'
[7.607s] [34mcolcon.colcon_core.verb[0m [1;30mLevel 5[0m set package 'navigation_node' build argument 'cmake_target_skip_unavailable' from command line to 'False'
[7.607s] [34mcolcon.colcon_core.verb[0m [1;30mLevel 5[0m set package 'navigation_node' build argument 'cmake_clean_cache' from command line to 'False'
[7.607s] [34mcolcon.colcon_core.verb[0m [1;30mLevel 5[0m set package 'navigation_node' build argument 'cmake_clean_first' from command line to 'False'
[7.607s] [34mcolcon.colcon_core.verb[0m [1;30mLevel 5[0m set package 'navigation_node' build argument 'cmake_force_configure' from command line to 'False'
[7.607s] [34mcolcon.colcon_core.verb[0m [1;30mLevel 5[0m set package 'navigation_node' build argument 'ament_cmake_args' from command line to 'None'
[7.607s] [34mcolcon.colcon_core.verb[0m [1;30mLevel 5[0m set package 'navigation_node' build argument 'catkin_cmake_args' from command line to 'None'
[7.608s] [34mcolcon.colcon_core.verb[0m [1;30mLevel 5[0m set package 'navigation_node' build argument 'catkin_skip_building_tests' from command line to 'False'
[7.608s] [34mcolcon.colcon_core.verb[0m [1;30mDEBUG[0m [32mBuilding package 'navigation_node' with the following arguments: {'ament_cmake_args': None, 'build_base': '/home/unitree/106a_final/build/navigation_node', 'catkin_cmake_args': None, 'catkin_skip_building_tests': False, 'cmake_args': None, 'cmake_clean_cache': False, 'cmake_clean_first': False, 'cmake_force_configure': False, 'cmake_target': None, 'cmake_target_skip_unavailable': False, 'install_base': '/home/unitree/106a_final/install/navigation_node', 'merge_install': False, 'path': '/home/unitree/106a_final/src/navigation_node', 'symlink_install': False, 'test_result_base': None}[0m
[7.744s] [34mcolcon.colcon_core.verb[0m [1;30mLevel 5[0m set package 'navigation_node_three' build argument 'cmake_args' from command line to 'None'
[7.744s] [34mcolcon.colcon_core.verb[0m [1;30mLevel 5[0m set package 'navigation_node_three' build argument 'cmake_target' from command line to 'None'
[7.744s] [34mcolcon.colcon_core.verb[0m [1;30mLevel 5[0m set package 'navigation_node_three' build argument 'cmake_target_skip_unavailable' from command line to 'False'
[7.744s] [34mcolcon.colcon_core.verb[0m [1;30mLevel 5[0m set package 'navigation_node_three' build argument 'cmake_clean_cache' from command line to 'False'
[7.745s] [34mcolcon.colcon_core.verb[0m [1;30mLevel 5[0m set package 'navigation_node_three' build argument 'cmake_clean_first' from command line to 'False'
[7.745s] [34mcolcon.colcon_core.verb[0m [1;30mLevel 5[0m set package 'navigation_node_three' build argument 'cmake_force_configure' from command line to 'False'
[7.745s] [34mcolcon.colcon_core.verb[0m [1;30mLevel 5[0m set package 'navigation_node_three' build argument 'ament_cmake_args' from command line to 'None'
[7.745s] [34mcolcon.colcon_core.verb[0m [1;30mLevel 5[0m set package 'navigation_node_three' build argument 'catkin_cmake_args' from command line to 'None'
[7.745s] [34mcolcon.colcon_core.verb[0m [1;30mLevel 5[0m set package 'navigation_node_three' build argument 'catkin_skip_building_tests' from command line to 'False'
[7.745s] [34mcolcon.colcon_core.verb[0m [1;30mDEBUG[0m [32mBuilding package 'navigation_node_three' with the following arguments: {'ament_cmake_args': None, 'build_base': '/home/unitree/106a_final/build/navigation_node_three', 'catkin_cmake_args': None, 'catkin_skip_building_tests': False, 'cmake_args': None, 'cmake_clean_cache': False, 'cmake_clean_first': False, 'cmake_force_configure': False, 'cmake_target': None, 'cmake_target_skip_unavailable': False, 'install_base': '/home/unitree/106a_final/install/navigation_node_three', 'merge_install': False, 'path': '/home/unitree/106a_final/src/navigation_node_three', 'symlink_install': False, 'test_result_base': None}[0m
[7.839s] [34mcolcon.colcon_core.verb[0m [1;30mLevel 5[0m set package 'navigation_node_two' build argument 'cmake_args' from command line to 'None'
[7.839s] [34mcolcon.colcon_core.verb[0m [1;30mLevel 5[0m set package 'navigation_node_two' build argument 'cmake_target' from command line to 'None'
[7.839s] [34mcolcon.colcon_core.verb[0m [1;30mLevel 5[0m set package 'navigation_node_two' build argument 'cmake_target_skip_unavailable' from command line to 'False'
[7.839s] [34mcolcon.colcon_core.verb[0m [1;30mLevel 5[0m set package 'navigation_node_two' build argument 'cmake_clean_cache' from command line to 'False'
[7.839s] [34mcolcon.colcon_core.verb[0m [1;30mLevel 5[0m set package 'navigation_node_two' build argument 'cmake_clean_first' from command line to 'False'
[7.839s] [34mcolcon.colcon_core.verb[0m [1;30mLevel 5[0m set package 'navigation_node_two' build argument 'cmake_force_configure' from command line to 'False'
[7.839s] [34mcolcon.colcon_core.verb[0m [1;30mLevel 5[0m set package 'navigation_node_two' build argument 'ament_cmake_args' from command line to 'None'
[7.839s] [34mcolcon.colcon_core.verb[0m [1;30mLevel 5[0m set package 'navigation_node_two' build argument 'catkin_cmake_args' from command line to 'None'
[7.839s] [34mcolcon.colcon_core.verb[0m [1;30mLevel 5[0m set package 'navigation_node_two' build argument 'catkin_skip_building_tests' from command line to 'False'
[7.839s] [34mcolcon.colcon_core.verb[0m [1;30mDEBUG[0m [32mBuilding package 'navigation_node_two' with the following arguments: {'ament_cmake_args': None, 'build_base': '/home/unitree/106a_final/build/navigation_node_two', 'catkin_cmake_args': None, 'catkin_skip_building_tests': False, 'cmake_args': None, 'cmake_clean_cache': False, 'cmake_clean_first': False, 'cmake_force_configure': False, 'cmake_target': None, 'cmake_target_skip_unavailable': False, 'install_base': '/home/unitree/106a_final/install/navigation_node_two', 'merge_install': False, 'path': '/home/unitree/106a_final/src/navigation_node_two', 'symlink_install': False, 'test_result_base': None}[0m
[7.932s] [34mcolcon.colcon_core.verb[0m [1;30mLevel 5[0m set package 'navigation_return_node' build argument 'cmake_args' from command line to 'None'
[7.933s] [34mcolcon.colcon_core.verb[0m [1;30mLevel 5[0m set package 'navigation_return_node' build argument 'cmake_target' from command line to 'None'
[7.933s] [34mcolcon.colcon_core.verb[0m [1;30mLevel 5[0m set package 'navigation_return_node' build argument 'cmake_target_skip_unavailable' from command line to 'False'
[7.933s] [34mcolcon.colcon_core.verb[0m [1;30mLevel 5[0m set package 'navigation_return_node' build argument 'cmake_clean_cache' from command line to 'False'
[7.933s] [34mcolcon.colcon_core.verb[0m [1;30mLevel 5[0m set package 'navigation_return_node' build argument 'cmake_clean_first' from command line to 'False'
[7.933s] [34mcolcon.colcon_core.verb[0m [1;30mLevel 5[0m set package 'navigation_return_node' build argument 'cmake_force_configure' from command line to 'False'
[7.933s] [34mcolcon.colcon_core.verb[0m [1;30mLevel 5[0m set package 'navigation_return_node' build argument 'ament_cmake_args' from command line to 'None'
[7.933s] [34mcolcon.colcon_core.verb[0m [1;30mLevel 5[0m set package 'navigation_return_node' build argument 'catkin_cmake_args' from command line to 'None'
[7.933s] [34mcolcon.colcon_core.verb[0m [1;30mLevel 5[0m set package 'navigation_return_node' build argument 'catkin_skip_building_tests' from command line to 'False'
[7.933s] [34mcolcon.colcon_core.verb[0m [1;30mDEBUG[0m [32mBuilding package 'navigation_return_node' with the following arguments: {'ament_cmake_args': None, 'build_base': '/home/unitree/106a_final/build/navigation_return_node', 'catkin_cmake_args': None, 'catkin_skip_building_tests': False, 'cmake_args': None, 'cmake_clean_cache': False, 'cmake_clean_first': False, 'cmake_force_configure': False, 'cmake_target': None, 'cmake_target_skip_unavailable': False, 'install_base': '/home/unitree/106a_final/install/navigation_return_node', 'merge_install': False, 'path': '/home/unitree/106a_final/src/navigation_return_node', 'symlink_install': False, 'test_result_base': None}[0m
[8.028s] [34mcolcon.colcon_core.verb[0m [1;30mLevel 5[0m set package 'vision_node' build argument 'cmake_args' from command line to 'None'
[8.029s] [34mcolcon.colcon_core.verb[0m [1;30mLevel 5[0m set package 'vision_node' build argument 'cmake_target' from command line to 'None'
[8.029s] [34mcolcon.colcon_core.verb[0m [1;30mLevel 5[0m set package 'vision_node' build argument 'cmake_target_skip_unavailable' from command line to 'False'
[8.029s] [34mcolcon.colcon_core.verb[0m [1;30mLevel 5[0m set package 'vision_node' build argument 'cmake_clean_cache' from command line to 'False'
[8.029s] [34mcolcon.colcon_core.verb[0m [1;30mLevel 5[0m set package 'vision_node' build argument 'cmake_clean_first' from command line to 'False'
[8.029s] [34mcolcon.colcon_core.verb[0m [1;30mLevel 5[0m set package 'vision_node' build argument 'cmake_force_configure' from command line to 'False'
[8.029s] [34mcolcon.colcon_core.verb[0m [1;30mLevel 5[0m set package 'vision_node' build argument 'ament_cmake_args' from command line to 'None'
[8.029s] [34mcolcon.colcon_core.verb[0m [1;30mLevel 5[0m set package 'vision_node' build argument 'catkin_cmake_args' from command line to 'None'
[8.029s] [34mcolcon.colcon_core.verb[0m [1;30mLevel 5[0m set package 'vision_node' build argument 'catkin_skip_building_tests' from command line to 'False'
[8.029s] [34mcolcon.colcon_core.verb[0m [1;30mDEBUG[0m [32mBuilding package 'vision_node' with the following arguments: {'ament_cmake_args': None, 'build_base': '/home/unitree/106a_final/build/vision_node', 'catkin_cmake_args': None, 'catkin_skip_building_tests': False, 'cmake_args': None, 'cmake_clean_cache': False, 'cmake_clean_first': False, 'cmake_force_configure': False, 'cmake_target': None, 'cmake_target_skip_unavailable': False, 'install_base': '/home/unitree/106a_final/install/vision_node', 'merge_install': False, 'path': '/home/unitree/106a_final/src/vision_node', 'symlink_install': False, 'test_result_base': None}[0m
[8.126s] [34mcolcon.colcon_core.verb[0m [1;30mLevel 5[0m set package 'go2_bringup' build argument 'cmake_args' from command line to 'None'
[8.127s] [34mcolcon.colcon_core.verb[0m [1;30mLevel 5[0m set package 'go2_bringup' build argument 'cmake_target' from command line to 'None'
[8.127s] [34mcolcon.colcon_core.verb[0m [1;30mLevel 5[0m set package 'go2_bringup' build argument 'cmake_target_skip_unavailable' from command line to 'False'
[8.127s] [34mcolcon.colcon_core.verb[0m [1;30mLevel 5[0m set package 'go2_bringup' build argument 'cmake_clean_cache' from command line to 'False'
[8.127s] [34mcolcon.colcon_core.verb[0m [1;30mLevel 5[0m set package 'go2_bringup' build argument 'cmake_clean_first' from command line to 'False'
[8.127s] [34mcolcon.colcon_core.verb[0m [1;30mLevel 5[0m set package 'go2_bringup' build argument 'cmake_force_configure' from command line to 'False'
[8.127s] [34mcolcon.colcon_core.verb[0m [1;30mLevel 5[0m set package 'go2_bringup' build argument 'ament_cmake_args' from command line to 'None'
[8.127s] [34mcolcon.colcon_core.verb[0m [1;30mLevel 5[0m set package 'go2_bringup' build argument 'catkin_cmake_args' from command line to 'None'
[8.127s] [34mcolcon.colcon_core.verb[0m [1;30mLevel 5[0m set package 'go2_bringup' build argument 'catkin_skip_building_tests' from command line to 'False'
[8.127s] [34mcolcon.colcon_core.verb[0m [1;30mDEBUG[0m [32mBuilding package 'go2_bringup' with the following arguments: {'ament_cmake_args': None, 'build_base': '/home/unitree/106a_final/build/go2_bringup', 'catkin_cmake_args': None, 'catkin_skip_building_tests': False, 'cmake_args': None, 'cmake_clean_cache': False, 'cmake_clean_first': False, 'cmake_force_configure': False, 'cmake_target': None, 'cmake_target_skip_unavailable': False, 'install_base': '/home/unitree/106a_final/install/go2_bringup', 'merge_install': False, 'path': '/home/unitree/106a_final/src/go2_bringup', 'symlink_install': False, 'test_result_base': None}[0m
[8.223s] [34mcolcon.colcon_core.executor[0m [1;30mINFO[0m Executing jobs using 'parallel' executor
[8.320s] [34mcolcon.colcon_parallel_executor.executor.parallel[0m [1;30mDEBUG[0m [32mrun_until_complete[0m
[8.321s] [34mcolcon.colcon_ros.task.ament_python.build[0m [1;30mINFO[0m Building ROS package in '/home/unitree/106a_final/src/arm_control' with build type 'ament_python'
[8.321s] [34mcolcon.colcon_core.shell[0m [1;30mLevel 1[0m create_environment_hook('arm_control', 'ament_prefix_path')
[8.423s] [34mcolcon.colcon_core.plugin_system[0m [1;30mINFO[0m Skipping extension 'colcon_core.shell.bat': Not used on non-Windows systems
[8.424s] [34mcolcon.colcon_core.shell[0m [1;30mINFO[0m Creating environment hook '/home/unitree/106a_final/install/arm_control/share/arm_control/hook/ament_prefix_path.ps1'
[8.426s] [34mcolcon.colcon_core.shell[0m [1;30mINFO[0m Creating environment descriptor '/home/unitree/106a_final/install/arm_control/share/arm_control/hook/ament_prefix_path.dsv'
[8.427s] [34mcolcon.colcon_core.shell[0m [1;30mINFO[0m Creating environment hook '/home/unitree/106a_final/install/arm_control/share/arm_control/hook/ament_prefix_path.sh'
[8.526s] [34mcolcon.colcon_core.shell[0m [1;30mINFO[0m Skip shell extension 'powershell' for command environment: Not usable outside of PowerShell
[8.526s] [34mcolcon.colcon_core.shell[0m [1;30mDEBUG[0m [32mSkip shell extension 'dsv' for command environment[0m
[8.944s] [34mcolcon.colcon_ros.task.ament_cmake.build[0m [1;30mINFO[0m Building ROS package in '/home/unitree/106a_final/src/arm_driver' with build type 'ament_cmake'
[8.945s] [34mcolcon.colcon_cmake.task.cmake.build[0m [1;30mINFO[0m Building CMake package in '/home/unitree/106a_final/src/arm_driver'
[9.048s] [34mcolcon.colcon_core.shell[0m [1;30mINFO[0m Skip shell extension 'powershell' for command environment: Not usable outside of PowerShell
[9.048s] [34mcolcon.colcon_core.shell[0m [1;30mDEBUG[0m [32mSkip shell extension 'dsv' for command environment[0m
[9.473s] [34mcolcon.colcon_ros.task.ament_python.build[0m [1;30mINFO[0m Building ROS package in '/home/unitree/106a_final/src/aruco_node' with build type 'ament_python'
[9.474s] [34mcolcon.colcon_core.shell[0m [1;30mLevel 1[0m create_environment_hook('aruco_node', 'ament_prefix_path')
[9.597s] [34mcolcon.colcon_core.shell[0m [1;30mINFO[0m Creating environment hook '/home/unitree/106a_final/install/aruco_node/share/aruco_node/hook/ament_prefix_path.ps1'
[9.599s] [34mcolcon.colcon_core.shell[0m [1;30mINFO[0m Creating environment descriptor '/home/unitree/106a_final/install/aruco_node/share/aruco_node/hook/ament_prefix_path.dsv'
[9.600s] [34mcolcon.colcon_core.shell[0m [1;30mINFO[0m Creating environment hook '/home/unitree/106a_final/install/aruco_node/share/aruco_node/hook/ament_prefix_path.sh'
[9.734s] [34mcolcon.colcon_core.shell[0m [1;30mINFO[0m Skip shell extension 'powershell' for command environment: Not usable outside of PowerShell
[9.734s] [34mcolcon.colcon_core.shell[0m [1;30mDEBUG[0m [32mSkip shell extension 'dsv' for command environment[0m
[10.262s] [34mcolcon.colcon_ros.task.ament_cmake.build[0m [1;30mINFO[0m Building ROS package in '/home/unitree/106a_final/src/base_driver' with build type 'ament_cmake'
[10.263s] [34mcolcon.colcon_cmake.task.cmake.build[0m [1;30mINFO[0m Building CMake package in '/home/unitree/106a_final/src/base_driver'
[10.391s] [34mcolcon.colcon_core.shell[0m [1;30mINFO[0m Skip shell extension 'powershell' for command environment: Not usable outside of PowerShell
[10.392s] [34mcolcon.colcon_core.shell[0m [1;30mDEBUG[0m [32mSkip shell extension 'dsv' for command environment[0m
[11.692s] [34mcolcon.colcon_core.task.python.build[0m [1;30mINFO[0m Building Python package in '/home/unitree/106a_final/src/arm_control'
[11.793s] [34mcolcon.colcon_core.shell[0m [1;30mINFO[0m Skip shell extension 'powershell' for command environment: Not usable outside of PowerShell
[11.794s] [34mcolcon.colcon_core.shell[0m [1;30mDEBUG[0m [32mSkip shell extension 'dsv' for command environment[0m
[12.237s] [34mcolcon.colcon_core.event_handler.log_command[0m [1;30mDEBUG[0m [32mInvoking command in '/home/unitree/106a_final/build/arm_driver': CMAKE_PREFIX_PATH=${CMAKE_PREFIX_PATH}:/home/unitree/106a_final/install/go2_bringup:/home/unitree/106a_final/install/vision_node:/home/unitree/106a_final/install/navigation_return_node:/home/unitree/106a_final/install/navigation_node_two:/home/unitree/106a_final/install/navigation_node_three:/home/unitree/106a_final/install/navigation_node:/home/unitree/106a_final/install/navigatigation_node_three:/home/unitree/106a_final/install/aruco_node:/home/unitree/106a_final/install/arm_control:/opt/ros/foxy /usr/bin/cmake --build /home/unitree/106a_final/build/arm_driver -- -j4 -l4[0m
[12.866s] [34mcolcon.colcon_core.task.python.build[0m [1;30mINFO[0m Building Python package in '/home/unitree/106a_final/src/aruco_node'
[12.968s] [34mcolcon.colcon_core.shell[0m [1;30mINFO[0m Skip shell extension 'powershell' for command environment: Not usable outside of PowerShell
[12.969s] [34mcolcon.colcon_core.shell[0m [1;30mDEBUG[0m [32mSkip shell extension 'dsv' for command environment[0m
[13.451s] [34mcolcon.colcon_core.event_handler.log_command[0m [1;30mDEBUG[0m [32mInvoking command in '/home/unitree/106a_final/build/base_driver': CMAKE_PREFIX_PATH=${CMAKE_PREFIX_PATH}:/home/unitree/106a_final/install/go2_bringup:/home/unitree/106a_final/install/vision_node:/home/unitree/106a_final/install/navigation_return_node:/home/unitree/106a_final/install/navigation_node_two:/home/unitree/106a_final/install/navigation_node_three:/home/unitree/106a_final/install/navigation_node:/home/unitree/106a_final/install/navigatigation_node_three:/home/unitree/106a_final/install/aruco_node:/home/unitree/106a_final/install/arm_control:/opt/ros/foxy /usr/bin/cmake --build /home/unitree/106a_final/build/base_driver -- -j4 -l4[0m
[13.472s] [34mcolcon.colcon_core.event_handler.log_command[0m [1;30mDEBUG[0m [32mInvoked command in '/home/unitree/106a_final/build/arm_driver' returned '0': CMAKE_PREFIX_PATH=${CMAKE_PREFIX_PATH}:/home/unitree/106a_final/install/go2_bringup:/home/unitree/106a_final/install/vision_node:/home/unitree/106a_final/install/navigation_return_node:/home/unitree/106a_final/install/navigation_node_two:/home/unitree/106a_final/install/navigation_node_three:/home/unitree/106a_final/install/navigation_node:/home/unitree/106a_final/install/navigatigation_node_three:/home/unitree/106a_final/install/aruco_node:/home/unitree/106a_final/install/arm_control:/opt/ros/foxy /usr/bin/cmake --build /home/unitree/106a_final/build/arm_driver -- -j4 -l4[0m
[13.517s] [34mcolcon.colcon_core.event_handler.log_command[0m [1;30mDEBUG[0m [32mInvoking command in '/home/unitree/106a_final/build/arm_driver': CMAKE_PREFIX_PATH=${CMAKE_PREFIX_PATH}:/home/unitree/106a_final/install/go2_bringup:/home/unitree/106a_final/install/vision_node:/home/unitree/106a_final/install/navigation_return_node:/home/unitree/106a_final/install/navigation_node_two:/home/unitree/106a_final/install/navigation_node_three:/home/unitree/106a_final/install/navigation_node:/home/unitree/106a_final/install/navigatigation_node_three:/home/unitree/106a_final/install/aruco_node:/home/unitree/106a_final/install/arm_control:/opt/ros/foxy /usr/bin/cmake --install /home/unitree/106a_final/build/arm_driver[0m
[13.595s] [34mcolcon.colcon_core.environment[0m [1;30mLevel 1[0m create_environment_scripts_only(arm_driver)
[13.597s] [34mcolcon.colcon_core.event_handler.log_command[0m [1;30mDEBUG[0m [32mInvoked command in '/home/unitree/106a_final/build/arm_driver' returned '0': CMAKE_PREFIX_PATH=${CMAKE_PREFIX_PATH}:/home/unitree/106a_final/install/go2_bringup:/home/unitree/106a_final/install/vision_node:/home/unitree/106a_final/install/navigation_return_node:/home/unitree/106a_final/install/navigation_node_two:/home/unitree/106a_final/install/navigation_node_three:/home/unitree/106a_final/install/navigation_node:/home/unitree/106a_final/install/navigatigation_node_three:/home/unitree/106a_final/install/aruco_node:/home/unitree/106a_final/install/arm_control:/opt/ros/foxy /usr/bin/cmake --install /home/unitree/106a_final/build/arm_driver[0m
[13.874s] [34mcolcon.colcon_core.environment[0m [1;30mLevel 1[0m checking '/home/unitree/106a_final/install/arm_driver' for CMake module files
[13.875s] [34mcolcon.colcon_core.environment[0m [1;30mLevel 1[0m checking '/home/unitree/106a_final/install/arm_driver' for CMake config files
[13.876s] [34mcolcon.colcon_core.shell[0m [1;30mLevel 1[0m create_environment_hook('arm_driver', 'cmake_prefix_path')
[14.166s] [34mcolcon.colcon_core.shell[0m [1;30mINFO[0m Creating environment hook '/home/unitree/106a_final/install/arm_driver/share/arm_driver/hook/cmake_prefix_path.ps1'
[14.167s] [34mcolcon.colcon_core.shell[0m [1;30mINFO[0m Creating environment descriptor '/home/unitree/106a_final/install/arm_driver/share/arm_driver/hook/cmake_prefix_path.dsv'
[14.168s] [34mcolcon.colcon_core.shell[0m [1;30mINFO[0m Creating environment hook '/home/unitree/106a_final/install/arm_driver/share/arm_driver/hook/cmake_prefix_path.sh'
[14.170s] [34mcolcon.colcon_core.environment[0m [1;30mLevel 1[0m checking '/home/unitree/106a_final/install/arm_driver/lib'
[14.171s] [34mcolcon.colcon_core.environment[0m [1;30mLevel 1[0m checking '/home/unitree/106a_final/install/arm_driver/bin'
[14.171s] [34mcolcon.colcon_core.environment[0m [1;30mLevel 1[0m checking '/home/unitree/106a_final/install/arm_driver/lib/pkgconfig/arm_driver.pc'
[14.171s] [34mcolcon.colcon_core.environment[0m [1;30mLevel 1[0m checking '/home/unitree/106a_final/install/arm_driver/lib/python3.8/site-packages'
[14.172s] [34mcolcon.colcon_core.environment[0m [1;30mLevel 1[0m checking '/home/unitree/106a_final/install/arm_driver/bin'
[14.292s] [34mcolcon.colcon_core.shell[0m [1;30mINFO[0m Creating package script '/home/unitree/106a_final/install/arm_driver/share/arm_driver/package.ps1'
[14.309s] [34mcolcon.colcon_core.shell[0m [1;30mINFO[0m Creating package descriptor '/home/unitree/106a_final/install/arm_driver/share/arm_driver/package.dsv'
[14.311s] [34mcolcon.colcon_core.shell[0m [1;30mINFO[0m Creating package script '/home/unitree/106a_final/install/arm_driver/share/arm_driver/package.sh'
[14.318s] [34mcolcon.colcon_core.shell[0m [1;30mINFO[0m Creating package script '/home/unitree/106a_final/install/arm_driver/share/arm_driver/package.bash'
[14.325s] [34mcolcon.colcon_core.shell[0m [1;30mINFO[0m Creating package script '/home/unitree/106a_final/install/arm_driver/share/arm_driver/package.zsh'
[14.332s] [34mcolcon.colcon_core.environment[0m [1;30mLevel 1[0m create_file_with_runtime_dependencies(/home/unitree/106a_final/install/arm_driver/share/colcon-core/packages/arm_driver)
[14.645s] [34mcolcon.colcon_core.environment[0m [1;30mLevel 1[0m create_environment_scripts_only(arm_driver)
[14.986s] [34mcolcon.colcon_core.environment[0m [1;30mLevel 1[0m checking '/home/unitree/106a_final/install/arm_driver' for CMake module files
[14.987s] [34mcolcon.colcon_core.environment[0m [1;30mLevel 1[0m checking '/home/unitree/106a_final/install/arm_driver' for CMake config files
[14.988s] [34mcolcon.colcon_core.shell[0m [1;30mLevel 1[0m create_environment_hook('arm_driver', 'cmake_prefix_path')
[15.244s] [34mcolcon.colcon_core.shell[0m [1;30mINFO[0m Creating environment hook '/home/unitree/106a_final/install/arm_driver/share/arm_driver/hook/cmake_prefix_path.ps1'
[15.246s] [34mcolcon.colcon_core.shell[0m [1;30mINFO[0m Creating environment descriptor '/home/unitree/106a_final/install/arm_driver/share/arm_driver/hook/cmake_prefix_path.dsv'
[15.247s] [34mcolcon.colcon_core.shell[0m [1;30mINFO[0m Creating environment hook '/home/unitree/106a_final/install/arm_driver/share/arm_driver/hook/cmake_prefix_path.sh'
[15.248s] [34mcolcon.colcon_core.environment[0m [1;30mLevel 1[0m checking '/home/unitree/106a_final/install/arm_driver/lib'
[15.248s] [34mcolcon.colcon_core.environment[0m [1;30mLevel 1[0m checking '/home/unitree/106a_final/install/arm_driver/bin'
[15.249s] [34mcolcon.colcon_core.environment[0m [1;30mLevel 1[0m checking '/home/unitree/106a_final/install/arm_driver/lib/pkgconfig/arm_driver.pc'
[15.249s] [34mcolcon.colcon_core.environment[0m [1;30mLevel 1[0m checking '/home/unitree/106a_final/install/arm_driver/lib/python3.8/site-packages'
[15.249s] [34mcolcon.colcon_core.environment[0m [1;30mLevel 1[0m checking '/home/unitree/106a_final/install/arm_driver/bin'
[15.347s] [34mcolcon.colcon_core.shell[0m [1;30mINFO[0m Creating package script '/home/unitree/106a_final/install/arm_driver/share/arm_driver/package.ps1'
[15.351s] [34mcolcon.colcon_core.shell[0m [1;30mINFO[0m Creating package descriptor '/home/unitree/106a_final/install/arm_driver/share/arm_driver/package.dsv'
[15.352s] [34mcolcon.colcon_core.shell[0m [1;30mINFO[0m Creating package script '/home/unitree/106a_final/install/arm_driver/share/arm_driver/package.sh'
[15.353s] [34mcolcon.colcon_core.shell[0m [1;30mINFO[0m Creating package script '/home/unitree/106a_final/install/arm_driver/share/arm_driver/package.bash'
[15.354s] [34mcolcon.colcon_core.shell[0m [1;30mINFO[0m Creating package script '/home/unitree/106a_final/install/arm_driver/share/arm_driver/package.zsh'
[15.355s] [34mcolcon.colcon_core.environment[0m [1;30mLevel 1[0m create_file_with_runtime_dependencies(/home/unitree/106a_final/install/arm_driver/share/colcon-core/packages/arm_driver)
[15.358s] [34mcolcon.colcon_ros.task.ament_python.build[0m [1;30mINFO[0m Building ROS package in '/home/unitree/106a_final/src/navigation_node_three' with build type 'ament_python'
[15.359s] [34mcolcon.colcon_core.shell[0m [1;30mLevel 1[0m create_environment_hook('navigation_node_three', 'ament_prefix_path')
[15.458s] [34mcolcon.colcon_core.shell[0m [1;30mINFO[0m Creating environment hook '/home/unitree/106a_final/install/navigation_node_three/share/navigation_node_three/hook/ament_prefix_path.ps1'
[15.461s] [34mcolcon.colcon_core.shell[0m [1;30mINFO[0m Creating environment descriptor '/home/unitree/106a_final/install/navigation_node_three/share/navigation_node_three/hook/ament_prefix_path.dsv'
[15.464s] [34mcolcon.colcon_core.shell[0m [1;30mINFO[0m Creating environment hook '/home/unitree/106a_final/install/navigation_node_three/share/navigation_node_three/hook/ament_prefix_path.sh'
[15.669s] [34mcolcon.colcon_core.shell[0m [1;30mINFO[0m Skip shell extension 'powershell' for command environment: Not usable outside of PowerShell
[15.669s] [34mcolcon.colcon_core.shell[0m [1;30mDEBUG[0m [32mSkip shell extension 'dsv' for command environment[0m
[16.216s] [34mcolcon.colcon_core.event_handler.log_command[0m [1;30mDEBUG[0m [32mInvoking command in '/home/unitree/106a_final/src/aruco_node': PYTHONPATH=/home/unitree/106a_final/build/aruco_node/prefix_override:/home/unitree/106a_final/install/aruco_node/lib/python3.8/site-packages:${PYTHONPATH} /usr/bin/python3 setup.py egg_info --egg-base ../../build/aruco_node build --build-base /home/unitree/106a_final/build/aruco_node/build install --record /home/unitree/106a_final/build/aruco_node/install.log --single-version-externally-managed[0m
[16.239s] [34mcolcon.colcon_core.event_handler.log_command[0m [1;30mDEBUG[0m [32mInvoking command in '/home/unitree/106a_final/src/arm_control': PYTHONPATH=/home/unitree/106a_final/build/arm_control/prefix_override:/home/unitree/106a_final/install/arm_control/lib/python3.8/site-packages:${PYTHONPATH} /usr/bin/python3 setup.py egg_info --egg-base ../../build/arm_control build --build-base /home/unitree/106a_final/build/arm_control/build install --record /home/unitree/106a_final/build/arm_control/install.log --install-scripts $base/lib/arm_control --single-version-externally-managed[0m
[17.278s] [34mcolcon.colcon_core.task.python.build[0m [1;30mINFO[0m Building Python package in '/home/unitree/106a_final/src/navigation_node_three'
[17.483s] [34mcolcon.colcon_core.shell[0m [1;30mINFO[0m Skip shell extension 'powershell' for command environment: Not usable outside of PowerShell
[17.484s] [34mcolcon.colcon_core.shell[0m [1;30mDEBUG[0m [32mSkip shell extension 'dsv' for command environment[0m
[18.097s] [34mcolcon.colcon_core.event_handler.log_command[0m [1;30mDEBUG[0m [32mInvoked command in '/home/unitree/106a_final/src/aruco_node' returned '0': PYTHONPATH=/home/unitree/106a_final/build/aruco_node/prefix_override:/home/unitree/106a_final/install/aruco_node/lib/python3.8/site-packages:${PYTHONPATH} /usr/bin/python3 setup.py egg_info --egg-base ../../build/aruco_node build --build-base /home/unitree/106a_final/build/aruco_node/build install --record /home/unitree/106a_final/build/aruco_node/install.log --single-version-externally-managed[0m
[18.224s] [34mcolcon.colcon_core.environment[0m [1;30mLevel 1[0m checking '/home/unitree/106a_final/install/aruco_node' for CMake module files
[18.225s] [34mcolcon.colcon_core.environment[0m [1;30mLevel 1[0m checking '/home/unitree/106a_final/install/aruco_node' for CMake config files
[18.227s] [34mcolcon.colcon_core.environment[0m [1;30mLevel 1[0m checking '/home/unitree/106a_final/install/aruco_node/lib'
[18.227s] [34mcolcon.colcon_core.environment[0m [1;30mLevel 1[0m checking '/home/unitree/106a_final/install/aruco_node/bin'
[18.227s] [34mcolcon.colcon_core.environment[0m [1;30mLevel 1[0m checking '/home/unitree/106a_final/install/aruco_node/lib/pkgconfig/aruco_node.pc'
[18.228s] [34mcolcon.colcon_core.environment[0m [1;30mLevel 1[0m checking '/home/unitree/106a_final/install/aruco_node/lib/python3.8/site-packages'
[18.228s] [34mcolcon.colcon_core.shell[0m [1;30mLevel 1[0m create_environment_hook('aruco_node', 'pythonpath')
[18.327s] [34mcolcon.colcon_core.shell[0m [1;30mINFO[0m Creating environment hook '/home/unitree/106a_final/install/aruco_node/share/aruco_node/hook/pythonpath.ps1'
[18.329s] [34mcolcon.colcon_core.shell[0m [1;30mINFO[0m Creating environment descriptor '/home/unitree/106a_final/install/aruco_node/share/aruco_node/hook/pythonpath.dsv'
[18.330s] [34mcolcon.colcon_core.shell[0m [1;30mINFO[0m Creating environment hook '/home/unitree/106a_final/install/aruco_node/share/aruco_node/hook/pythonpath.sh'
[18.332s] [34mcolcon.colcon_core.environment[0m [1;30mLevel 1[0m checking '/home/unitree/106a_final/install/aruco_node/bin'
[18.332s] [34mcolcon.colcon_core.environment[0m [1;30mLevel 1[0m create_environment_scripts_only(aruco_node)
[18.476s] [34mcolcon.colcon_core.shell[0m [1;30mINFO[0m Creating package script '/home/unitree/106a_final/install/aruco_node/share/aruco_node/package.ps1'
[18.477s] [34mcolcon.colcon_core.shell[0m [1;30mINFO[0m Creating package descriptor '/home/unitree/106a_final/install/aruco_node/share/aruco_node/package.dsv'
[18.478s] [34mcolcon.colcon_core.shell[0m [1;30mINFO[0m Creating package script '/home/unitree/106a_final/install/aruco_node/share/aruco_node/package.sh'
[18.479s] [34mcolcon.colcon_core.shell[0m [1;30mINFO[0m Creating package script '/home/unitree/106a_final/install/aruco_node/share/aruco_node/package.bash'
[18.496s] [34mcolcon.colcon_core.shell[0m [1;30mINFO[0m Creating package script '/home/unitree/106a_final/install/aruco_node/share/aruco_node/package.zsh'
[18.498s] [34mcolcon.colcon_core.environment[0m [1;30mLevel 1[0m create_file_with_runtime_dependencies(/home/unitree/106a_final/install/aruco_node/share/colcon-core/packages/aruco_node)
[18.510s] [34mcolcon.colcon_core.event_handler.log_command[0m [1;30mDEBUG[0m [32mInvoked command in '/home/unitree/106a_final/src/arm_control' returned '0': PYTHONPATH=/home/unitree/106a_final/build/arm_control/prefix_override:/home/unitree/106a_final/install/arm_control/lib/python3.8/site-packages:${PYTHONPATH} /usr/bin/python3 setup.py egg_info --egg-base ../../build/arm_control build --build-base /home/unitree/106a_final/build/arm_control/build install --record /home/unitree/106a_final/build/arm_control/install.log --install-scripts $base/lib/arm_control --single-version-externally-managed[0m
[18.723s] [34mcolcon.colcon_core.environment[0m [1;30mLevel 1[0m checking '/home/unitree/106a_final/install/arm_control' for CMake module files
[18.725s] [34mcolcon.colcon_core.environment[0m [1;30mLevel 1[0m checking '/home/unitree/106a_final/install/arm_control' for CMake config files
[18.727s] [34mcolcon.colcon_core.environment[0m [1;30mLevel 1[0m checking '/home/unitree/106a_final/install/arm_control/lib'
[18.727s] [34mcolcon.colcon_core.environment[0m [1;30mLevel 1[0m checking '/home/unitree/106a_final/install/arm_control/bin'
[18.727s] [34mcolcon.colcon_core.environment[0m [1;30mLevel 1[0m checking '/home/unitree/106a_final/install/arm_control/lib/pkgconfig/arm_control.pc'
[18.728s] [34mcolcon.colcon_core.environment[0m [1;30mLevel 1[0m checking '/home/unitree/106a_final/install/arm_control/lib/python3.8/site-packages'
[18.728s] [34mcolcon.colcon_core.shell[0m [1;30mLevel 1[0m create_environment_hook('arm_control', 'pythonpath')
[18.858s] [34mcolcon.colcon_core.shell[0m [1;30mINFO[0m Creating environment hook '/home/unitree/106a_final/install/arm_control/share/arm_control/hook/pythonpath.ps1'
[18.860s] [34mcolcon.colcon_core.shell[0m [1;30mINFO[0m Creating environment descriptor '/home/unitree/106a_final/install/arm_control/share/arm_control/hook/pythonpath.dsv'
[18.861s] [34mcolcon.colcon_core.shell[0m [1;30mINFO[0m Creating environment hook '/home/unitree/106a_final/install/arm_control/share/arm_control/hook/pythonpath.sh'
[18.862s] [34mcolcon.colcon_core.environment[0m [1;30mLevel 1[0m checking '/home/unitree/106a_final/install/arm_control/bin'
[18.862s] [34mcolcon.colcon_core.environment[0m [1;30mLevel 1[0m create_environment_scripts_only(arm_control)
[18.984s] [34mcolcon.colcon_core.shell[0m [1;30mINFO[0m Creating package script '/home/unitree/106a_final/install/arm_control/share/arm_control/package.ps1'
[18.986s] [34mcolcon.colcon_core.shell[0m [1;30mINFO[0m Creating package descriptor '/home/unitree/106a_final/install/arm_control/share/arm_control/package.dsv'
[18.988s] [34mcolcon.colcon_core.shell[0m [1;30mINFO[0m Creating package script '/home/unitree/106a_final/install/arm_control/share/arm_control/package.sh'
[18.989s] [34mcolcon.colcon_core.shell[0m [1;30mINFO[0m Creating package script '/home/unitree/106a_final/install/arm_control/share/arm_control/package.bash'
[18.990s] [34mcolcon.colcon_core.shell[0m [1;30mINFO[0m Creating package script '/home/unitree/106a_final/install/arm_control/share/arm_control/package.zsh'
[18.991s] [34mcolcon.colcon_core.environment[0m [1;30mLevel 1[0m create_file_with_runtime_dependencies(/home/unitree/106a_final/install/arm_control/share/colcon-core/packages/arm_control)
[19.005s] [34mcolcon.colcon_ros.task.ament_python.build[0m [1;30mINFO[0m Building ROS package in '/home/unitree/106a_final/src/navigation_return_node' with build type 'ament_python'
[19.006s] [34mcolcon.colcon_core.shell[0m [1;30mLevel 1[0m create_environment_hook('navigation_return_node', 'ament_prefix_path')
[19.163s] [34mcolcon.colcon_core.shell[0m [1;30mINFO[0m Creating environment hook '/home/unitree/106a_final/install/navigation_return_node/share/navigation_return_node/hook/ament_prefix_path.ps1'
[19.165s] [34mcolcon.colcon_core.shell[0m [1;30mINFO[0m Creating environment descriptor '/home/unitree/106a_final/install/navigation_return_node/share/navigation_return_node/hook/ament_prefix_path.dsv'
[19.166s] [34mcolcon.colcon_core.shell[0m [1;30mINFO[0m Creating environment hook '/home/unitree/106a_final/install/navigation_return_node/share/navigation_return_node/hook/ament_prefix_path.sh'
[19.388s] [34mcolcon.colcon_core.shell[0m [1;30mINFO[0m Skip shell extension 'powershell' for command environment: Not usable outside of PowerShell
[19.388s] [34mcolcon.colcon_core.shell[0m [1;30mDEBUG[0m [32mSkip shell extension 'dsv' for command environment[0m
[20.117s] [34mcolcon.colcon_ros.task.ament_python.build[0m [1;30mINFO[0m Building ROS package in '/home/unitree/106a_final/src/vision_node' with build type 'ament_python'
[20.118s] [34mcolcon.colcon_core.shell[0m [1;30mLevel 1[0m create_environment_hook('vision_node', 'ament_prefix_path')
[20.363s] [34mcolcon.colcon_core.shell[0m [1;30mINFO[0m Creating environment hook '/home/unitree/106a_final/install/vision_node/share/vision_node/hook/ament_prefix_path.ps1'
[20.371s] [34mcolcon.colcon_core.shell[0m [1;30mINFO[0m Creating environment descriptor '/home/unitree/106a_final/install/vision_node/share/vision_node/hook/ament_prefix_path.dsv'
[20.373s] [34mcolcon.colcon_core.shell[0m [1;30mINFO[0m Creating environment hook '/home/unitree/106a_final/install/vision_node/share/vision_node/hook/ament_prefix_path.sh'
[20.522s] [34mcolcon.colcon_core.shell[0m [1;30mINFO[0m Skip shell extension 'powershell' for command environment: Not usable outside of PowerShell
[20.522s] [34mcolcon.colcon_core.shell[0m [1;30mDEBUG[0m [32mSkip shell extension 'dsv' for command environment[0m
[22.020s] [34mcolcon.colcon_core.task.python.build[0m [1;30mINFO[0m Building Python package in '/home/unitree/106a_final/src/navigation_return_node'
[22.140s] [34mcolcon.colcon_core.shell[0m [1;30mINFO[0m Skip shell extension 'powershell' for command environment: Not usable outside of PowerShell
[22.140s] [34mcolcon.colcon_core.shell[0m [1;30mDEBUG[0m [32mSkip shell extension 'dsv' for command environment[0m
[23.473s] [34mcolcon.colcon_core.task.python.build[0m [1;30mINFO[0m Building Python package in '/home/unitree/106a_final/src/vision_node'
[23.577s] [34mcolcon.colcon_core.shell[0m [1;30mINFO[0m Skip shell extension 'powershell' for command environment: Not usable outside of PowerShell
[23.577s] [34mcolcon.colcon_core.shell[0m [1;30mDEBUG[0m [32mSkip shell extension 'dsv' for command environment[0m
[24.050s] [34mcolcon.colcon_core.event_handler.log_command[0m [1;30mDEBUG[0m [32mInvoking command in '/home/unitree/106a_final/src/navigation_node_three': PYTHONPATH=/home/unitree/106a_final/build/navigation_node_three/prefix_override:/home/unitree/106a_final/install/navigation_node_three/lib/python3.8/site-packages:${PYTHONPATH} /usr/bin/python3 setup.py egg_info --egg-base ../../build/navigation_node_three build --build-base /home/unitree/106a_final/build/navigation_node_three/build install --record /home/unitree/106a_final/build/navigation_node_three/install.log --install-scripts $base/lib/navigation_node_three --single-version-externally-managed[0m
[25.450s] [34mcolcon.colcon_core.event_handler.log_command[0m [1;30mDEBUG[0m [32mInvoking command in '/home/unitree/106a_final/src/vision_node': PYTHONPATH=/home/unitree/106a_final/build/vision_node/prefix_override:/home/unitree/106a_final/install/vision_node/lib/python3.8/site-packages:${PYTHONPATH} /usr/bin/python3 setup.py egg_info --egg-base ../../build/vision_node build --build-base /home/unitree/106a_final/build/vision_node/build install --record /home/unitree/106a_final/build/vision_node/install.log --install-scripts $base/lib/vision_node --single-version-externally-managed[0m
[25.525s] [34mcolcon.colcon_core.event_handler.log_command[0m [1;30mDEBUG[0m [32mInvoked command in '/home/unitree/106a_final/src/navigation_node_three' returned '0': PYTHONPATH=/home/unitree/106a_final/build/navigation_node_three/prefix_override:/home/unitree/106a_final/install/navigation_node_three/lib/python3.8/site-packages:${PYTHONPATH} /usr/bin/python3 setup.py egg_info --egg-base ../../build/navigation_node_three build --build-base /home/unitree/106a_final/build/navigation_node_three/build install --record /home/unitree/106a_final/build/navigation_node_three/install.log --install-scripts $base/lib/navigation_node_three --single-version-externally-managed[0m
[25.620s] [34mcolcon.colcon_core.environment[0m [1;30mLevel 1[0m checking '/home/unitree/106a_final/install/navigation_node_three' for CMake module files
[25.621s] [34mcolcon.colcon_core.environment[0m [1;30mLevel 1[0m checking '/home/unitree/106a_final/install/navigation_node_three' for CMake config files
[25.623s] [34mcolcon.colcon_core.environment[0m [1;30mLevel 1[0m checking '/home/unitree/106a_final/install/navigation_node_three/lib'
[25.623s] [34mcolcon.colcon_core.environment[0m [1;30mLevel 1[0m checking '/home/unitree/106a_final/install/navigation_node_three/bin'
[25.623s] [34mcolcon.colcon_core.environment[0m [1;30mLevel 1[0m checking '/home/unitree/106a_final/install/navigation_node_three/lib/pkgconfig/navigation_node_three.pc'
[25.623s] [34mcolcon.colcon_core.environment[0m [1;30mLevel 1[0m checking '/home/unitree/106a_final/install/navigation_node_three/lib/python3.8/site-packages'
[25.624s] [34mcolcon.colcon_core.shell[0m [1;30mLevel 1[0m create_environment_hook('navigation_node_three', 'pythonpath')
[25.791s] [34mcolcon.colcon_core.shell[0m [1;30mINFO[0m Creating environment hook '/home/unitree/106a_final/install/navigation_node_three/share/navigation_node_three/hook/pythonpath.ps1'
[25.797s] [34mcolcon.colcon_core.shell[0m [1;30mINFO[0m Creating environment descriptor '/home/unitree/106a_final/install/navigation_node_three/share/navigation_node_three/hook/pythonpath.dsv'
[25.798s] [34mcolcon.colcon_core.shell[0m [1;30mINFO[0m Creating environment hook '/home/unitree/106a_final/install/navigation_node_three/share/navigation_node_three/hook/pythonpath.sh'
[25.800s] [34mcolcon.colcon_core.environment[0m [1;30mLevel 1[0m checking '/home/unitree/106a_final/install/navigation_node_three/bin'
[25.800s] [34mcolcon.colcon_core.environment[0m [1;30mLevel 1[0m create_environment_scripts_only(navigation_node_three)
[25.898s] [34mcolcon.colcon_core.shell[0m [1;30mINFO[0m Creating package script '/home/unitree/106a_final/install/navigation_node_three/share/navigation_node_three/package.ps1'
[25.900s] [34mcolcon.colcon_core.shell[0m [1;30mINFO[0m Creating package descriptor '/home/unitree/106a_final/install/navigation_node_three/share/navigation_node_three/package.dsv'
[25.901s] [34mcolcon.colcon_core.shell[0m [1;30mINFO[0m Creating package script '/home/unitree/106a_final/install/navigation_node_three/share/navigation_node_three/package.sh'
[25.902s] [34mcolcon.colcon_core.shell[0m [1;30mINFO[0m Creating package script '/home/unitree/106a_final/install/navigation_node_three/share/navigation_node_three/package.bash'
[25.903s] [34mcolcon.colcon_core.shell[0m [1;30mINFO[0m Creating package script '/home/unitree/106a_final/install/navigation_node_three/share/navigation_node_three/package.zsh'
[25.904s] [34mcolcon.colcon_core.environment[0m [1;30mLevel 1[0m create_file_with_runtime_dependencies(/home/unitree/106a_final/install/navigation_node_three/share/colcon-core/packages/navigation_node_three)
[25.908s] [34mcolcon.colcon_ros.task.ament_python.build[0m [1;30mINFO[0m Building ROS package in '/home/unitree/106a_final/src/navigation_node' with build type 'ament_python'
[25.909s] [34mcolcon.colcon_core.shell[0m [1;30mLevel 1[0m create_environment_hook('navigation_node', 'ament_prefix_path')
[26.009s] [34mcolcon.colcon_core.shell[0m [1;30mINFO[0m Creating environment hook '/home/unitree/106a_final/install/navigation_node/share/navigation_node/hook/ament_prefix_path.ps1'
[26.010s] [34mcolcon.colcon_core.shell[0m [1;30mINFO[0m Creating environment descriptor '/home/unitree/106a_final/install/navigation_node/share/navigation_node/hook/ament_prefix_path.dsv'
[26.011s] [34mcolcon.colcon_core.shell[0m [1;30mINFO[0m Creating environment hook '/home/unitree/106a_final/install/navigation_node/share/navigation_node/hook/ament_prefix_path.sh'
[26.122s] [34mcolcon.colcon_core.shell[0m [1;30mINFO[0m Skip shell extension 'powershell' for command environment: Not usable outside of PowerShell
[26.122s] [34mcolcon.colcon_core.shell[0m [1;30mDEBUG[0m [32mSkip shell extension 'dsv' for command environment[0m
[26.672s] [34mcolcon.colcon_core.event_handler.log_command[0m [1;30mDEBUG[0m [32mInvoking command in '/home/unitree/106a_final/src/navigation_return_node': PYTHONPATH=/home/unitree/106a_final/build/navigation_return_node/prefix_override:/home/unitree/106a_final/install/navigation_return_node/lib/python3.8/site-packages:${PYTHONPATH} /usr/bin/python3 setup.py egg_info --egg-base ../../build/navigation_return_node build --build-base /home/unitree/106a_final/build/navigation_return_node/build install --record /home/unitree/106a_final/build/navigation_return_node/install.log --install-scripts $base/lib/navigation_return_node --single-version-externally-managed[0m
[26.701s] [34mcolcon.colcon_core.event_handler.log_command[0m [1;30mDEBUG[0m [32mInvoked command in '/home/unitree/106a_final/src/vision_node' returned '0': PYTHONPATH=/home/unitree/106a_final/build/vision_node/prefix_override:/home/unitree/106a_final/install/vision_node/lib/python3.8/site-packages:${PYTHONPATH} /usr/bin/python3 setup.py egg_info --egg-base ../../build/vision_node build --build-base /home/unitree/106a_final/build/vision_node/build install --record /home/unitree/106a_final/build/vision_node/install.log --install-scripts $base/lib/vision_node --single-version-externally-managed[0m
[26.957s] [34mcolcon.colcon_core.environment[0m [1;30mLevel 1[0m checking '/home/unitree/106a_final/install/vision_node' for CMake module files
[26.960s] [34mcolcon.colcon_core.environment[0m [1;30mLevel 1[0m checking '/home/unitree/106a_final/install/vision_node' for CMake config files
[26.969s] [34mcolcon.colcon_core.environment[0m [1;30mLevel 1[0m checking '/home/unitree/106a_final/install/vision_node/lib'
[26.969s] [34mcolcon.colcon_core.environment[0m [1;30mLevel 1[0m checking '/home/unitree/106a_final/install/vision_node/bin'
[26.969s] [34mcolcon.colcon_core.environment[0m [1;30mLevel 1[0m checking '/home/unitree/106a_final/install/vision_node/lib/pkgconfig/vision_node.pc'
[26.970s] [34mcolcon.colcon_core.environment[0m [1;30mLevel 1[0m checking '/home/unitree/106a_final/install/vision_node/lib/python3.8/site-packages'
[26.970s] [34mcolcon.colcon_core.shell[0m [1;30mLevel 1[0m create_environment_hook('vision_node', 'pythonpath')
[27.187s] [34mcolcon.colcon_core.shell[0m [1;30mINFO[0m Creating environment hook '/home/unitree/106a_final/install/vision_node/share/vision_node/hook/pythonpath.ps1'
[27.189s] [34mcolcon.colcon_core.shell[0m [1;30mINFO[0m Creating environment descriptor '/home/unitree/106a_final/install/vision_node/share/vision_node/hook/pythonpath.dsv'
[27.196s] [34mcolcon.colcon_core.shell[0m [1;30mINFO[0m Creating environment hook '/home/unitree/106a_final/install/vision_node/share/vision_node/hook/pythonpath.sh'
[27.198s] [34mcolcon.colcon_core.environment[0m [1;30mLevel 1[0m checking '/home/unitree/106a_final/install/vision_node/bin'
[27.199s] [34mcolcon.colcon_core.environment[0m [1;30mLevel 1[0m create_environment_scripts_only(vision_node)
[27.426s] [34mcolcon.colcon_core.shell[0m [1;30mINFO[0m Creating package script '/home/unitree/106a_final/install/vision_node/share/vision_node/package.ps1'
[27.428s] [34mcolcon.colcon_core.shell[0m [1;30mINFO[0m Creating package descriptor '/home/unitree/106a_final/install/vision_node/share/vision_node/package.dsv'
[27.429s] [34mcolcon.colcon_core.shell[0m [1;30mINFO[0m Creating package script '/home/unitree/106a_final/install/vision_node/share/vision_node/package.sh'
[27.430s] [34mcolcon.colcon_core.shell[0m [1;30mINFO[0m Creating package script '/home/unitree/106a_final/install/vision_node/share/vision_node/package.bash'
[27.431s] [34mcolcon.colcon_core.shell[0m [1;30mINFO[0m Creating package script '/home/unitree/106a_final/install/vision_node/share/vision_node/package.zsh'
[27.432s] [34mcolcon.colcon_core.environment[0m [1;30mLevel 1[0m create_file_with_runtime_dependencies(/home/unitree/106a_final/install/vision_node/share/colcon-core/packages/vision_node)
[27.458s] [34mcolcon.colcon_ros.task.ament_python.build[0m [1;30mINFO[0m Building ROS package in '/home/unitree/106a_final/src/navigation_node_two' with build type 'ament_python'
[27.459s] [34mcolcon.colcon_core.shell[0m [1;30mLevel 1[0m create_environment_hook('navigation_node_two', 'ament_prefix_path')
[27.821s] [34mcolcon.colcon_core.shell[0m [1;30mINFO[0m Creating environment hook '/home/unitree/106a_final/install/navigation_node_two/share/navigation_node_two/hook/ament_prefix_path.ps1'
[27.823s] [34mcolcon.colcon_core.shell[0m [1;30mINFO[0m Creating environment descriptor '/home/unitree/106a_final/install/navigation_node_two/share/navigation_node_two/hook/ament_prefix_path.dsv'
[27.824s] [34mcolcon.colcon_core.shell[0m [1;30mINFO[0m Creating environment hook '/home/unitree/106a_final/install/navigation_node_two/share/navigation_node_two/hook/ament_prefix_path.sh'
[27.994s] [34mcolcon.colcon_core.shell[0m [1;30mINFO[0m Skip shell extension 'powershell' for command environment: Not usable outside of PowerShell
[27.994s] [34mcolcon.colcon_core.shell[0m [1;30mDEBUG[0m [32mSkip shell extension 'dsv' for command environment[0m
[29.152s] [34mcolcon.colcon_core.task.python.build[0m [1;30mINFO[0m Building Python package in '/home/unitree/106a_final/src/navigation_node'
[29.283s] [34mcolcon.colcon_core.shell[0m [1;30mINFO[0m Skip shell extension 'powershell' for command environment: Not usable outside of PowerShell
[29.283s] [34mcolcon.colcon_core.shell[0m [1;30mDEBUG[0m [32mSkip shell extension 'dsv' for command environment[0m
[29.849s] [34mcolcon.colcon_core.event_handler.log_command[0m [1;30mDEBUG[0m [32mInvoked command in '/home/unitree/106a_final/src/navigation_return_node' returned '0': PYTHONPATH=/home/unitree/106a_final/build/navigation_return_node/prefix_override:/home/unitree/106a_final/install/navigation_return_node/lib/python3.8/site-packages:${PYTHONPATH} /usr/bin/python3 setup.py egg_info --egg-base ../../build/navigation_return_node build --build-base /home/unitree/106a_final/build/navigation_return_node/build install --record /home/unitree/106a_final/build/navigation_return_node/install.log --install-scripts $base/lib/navigation_return_node --single-version-externally-managed[0m
[29.988s] [34mcolcon.colcon_core.environment[0m [1;30mLevel 1[0m checking '/home/unitree/106a_final/install/navigation_return_node' for CMake module files
[29.989s] [34mcolcon.colcon_core.environment[0m [1;30mLevel 1[0m checking '/home/unitree/106a_final/install/navigation_return_node' for CMake config files
[29.990s] [34mcolcon.colcon_core.environment[0m [1;30mLevel 1[0m checking '/home/unitree/106a_final/install/navigation_return_node/lib'
[29.990s] [34mcolcon.colcon_core.environment[0m [1;30mLevel 1[0m checking '/home/unitree/106a_final/install/navigation_return_node/bin'
[29.990s] [34mcolcon.colcon_core.environment[0m [1;30mLevel 1[0m checking '/home/unitree/106a_final/install/navigation_return_node/lib/pkgconfig/navigation_return_node.pc'
[29.991s] [34mcolcon.colcon_core.environment[0m [1;30mLevel 1[0m checking '/home/unitree/106a_final/install/navigation_return_node/lib/python3.8/site-packages'
[29.991s] [34mcolcon.colcon_core.shell[0m [1;30mLevel 1[0m create_environment_hook('navigation_return_node', 'pythonpath')
[30.132s] [34mcolcon.colcon_core.shell[0m [1;30mINFO[0m Creating environment hook '/home/unitree/106a_final/install/navigation_return_node/share/navigation_return_node/hook/pythonpath.ps1'
[30.134s] [34mcolcon.colcon_core.shell[0m [1;30mINFO[0m Creating environment descriptor '/home/unitree/106a_final/install/navigation_return_node/share/navigation_return_node/hook/pythonpath.dsv'
[30.135s] [34mcolcon.colcon_core.shell[0m [1;30mINFO[0m Creating environment hook '/home/unitree/106a_final/install/navigation_return_node/share/navigation_return_node/hook/pythonpath.sh'
[30.137s] [34mcolcon.colcon_core.environment[0m [1;30mLevel 1[0m checking '/home/unitree/106a_final/install/navigation_return_node/bin'
[30.137s] [34mcolcon.colcon_core.environment[0m [1;30mLevel 1[0m create_environment_scripts_only(navigation_return_node)
[30.279s] [34mcolcon.colcon_core.shell[0m [1;30mINFO[0m Creating package script '/home/unitree/106a_final/install/navigation_return_node/share/navigation_return_node/package.ps1'
[30.281s] [34mcolcon.colcon_core.shell[0m [1;30mINFO[0m Creating package descriptor '/home/unitree/106a_final/install/navigation_return_node/share/navigation_return_node/package.dsv'
[30.282s] [34mcolcon.colcon_core.shell[0m [1;30mINFO[0m Creating package script '/home/unitree/106a_final/install/navigation_return_node/share/navigation_return_node/package.sh'
[30.283s] [34mcolcon.colcon_core.shell[0m [1;30mINFO[0m Creating package script '/home/unitree/106a_final/install/navigation_return_node/share/navigation_return_node/package.bash'
[30.284s] [34mcolcon.colcon_core.shell[0m [1;30mINFO[0m Creating package script '/home/unitree/106a_final/install/navigation_return_node/share/navigation_return_node/package.zsh'
[30.285s] [34mcolcon.colcon_core.environment[0m [1;30mLevel 1[0m create_file_with_runtime_dependencies(/home/unitree/106a_final/install/navigation_return_node/share/colcon-core/packages/navigation_return_node)
[31.027s] [34mcolcon.colcon_core.task.python.build[0m [1;30mINFO[0m Building Python package in '/home/unitree/106a_final/src/navigation_node_two'
[31.149s] [34mcolcon.colcon_core.shell[0m [1;30mINFO[0m Skip shell extension 'powershell' for command environment: Not usable outside of PowerShell
[31.149s] [34mcolcon.colcon_core.shell[0m [1;30mDEBUG[0m [32mSkip shell extension 'dsv' for command environment[0m
[32.824s] [34mcolcon.colcon_core.event_handler.log_command[0m [1;30mDEBUG[0m [32mInvoking command in '/home/unitree/106a_final/src/navigation_node': PYTHONPATH=/home/unitree/106a_final/build/navigation_node/prefix_override:/home/unitree/106a_final/install/navigation_node/lib/python3.8/site-packages:${PYTHONPATH} /usr/bin/python3 setup.py egg_info --egg-base ../../build/navigation_node build --build-base /home/unitree/106a_final/build/navigation_node/build install --record /home/unitree/106a_final/build/navigation_node/install.log --install-scripts $base/lib/navigation_node --single-version-externally-managed[0m
[32.981s] [34mcolcon.colcon_core.event_handler.log_command[0m [1;30mDEBUG[0m [32mInvoking command in '/home/unitree/106a_final/src/navigation_node_two': PYTHONPATH=/home/unitree/106a_final/build/navigation_node_two/prefix_override:/home/unitree/106a_final/install/navigation_node_two/lib/python3.8/site-packages:${PYTHONPATH} /usr/bin/python3 setup.py egg_info --egg-base ../../build/navigation_node_two build --build-base /home/unitree/106a_final/build/navigation_node_two/build install --record /home/unitree/106a_final/build/navigation_node_two/install.log --install-scripts $base/lib/navigation_node_two --single-version-externally-managed[0m
[33.946s] [34mcolcon.colcon_core.event_handler.log_command[0m [1;30mDEBUG[0m [32mInvoked command in '/home/unitree/106a_final/src/navigation_node_two' returned '0': PYTHONPATH=/home/unitree/106a_final/build/navigation_node_two/prefix_override:/home/unitree/106a_final/install/navigation_node_two/lib/python3.8/site-packages:${PYTHONPATH} /usr/bin/python3 setup.py egg_info --egg-base ../../build/navigation_node_two build --build-base /home/unitree/106a_final/build/navigation_node_two/build install --record /home/unitree/106a_final/build/navigation_node_two/install.log --install-scripts $base/lib/navigation_node_two --single-version-externally-managed[0m
[34.104s] [34mcolcon.colcon_core.environment[0m [1;30mLevel 1[0m checking '/home/unitree/106a_final/install/navigation_node_two' for CMake module files
[34.105s] [34mcolcon.colcon_core.environment[0m [1;30mLevel 1[0m checking '/home/unitree/106a_final/install/navigation_node_two' for CMake config files
[34.107s] [34mcolcon.colcon_core.environment[0m [1;30mLevel 1[0m checking '/home/unitree/106a_final/install/navigation_node_two/lib'
[34.107s] [34mcolcon.colcon_core.environment[0m [1;30mLevel 1[0m checking '/home/unitree/106a_final/install/navigation_node_two/bin'
[34.107s] [34mcolcon.colcon_core.environment[0m [1;30mLevel 1[0m checking '/home/unitree/106a_final/install/navigation_node_two/lib/pkgconfig/navigation_node_two.pc'
[34.108s] [34mcolcon.colcon_core.environment[0m [1;30mLevel 1[0m checking '/home/unitree/106a_final/install/navigation_node_two/lib/python3.8/site-packages'
[34.108s] [34mcolcon.colcon_core.shell[0m [1;30mLevel 1[0m create_environment_hook('navigation_node_two', 'pythonpath')
[34.207s] [34mcolcon.colcon_core.shell[0m [1;30mINFO[0m Creating environment hook '/home/unitree/106a_final/install/navigation_node_two/share/navigation_node_two/hook/pythonpath.ps1'
[34.208s] [34mcolcon.colcon_core.shell[0m [1;30mINFO[0m Creating environment descriptor '/home/unitree/106a_final/install/navigation_node_two/share/navigation_node_two/hook/pythonpath.dsv'
[34.209s] [34mcolcon.colcon_core.shell[0m [1;30mINFO[0m Creating environment hook '/home/unitree/106a_final/install/navigation_node_two/share/navigation_node_two/hook/pythonpath.sh'
[34.211s] [34mcolcon.colcon_core.environment[0m [1;30mLevel 1[0m checking '/home/unitree/106a_final/install/navigation_node_two/bin'
[34.211s] [34mcolcon.colcon_core.environment[0m [1;30mLevel 1[0m create_environment_scripts_only(navigation_node_two)
[34.312s] [34mcolcon.colcon_core.shell[0m [1;30mINFO[0m Creating package script '/home/unitree/106a_final/install/navigation_node_two/share/navigation_node_two/package.ps1'
[34.313s] [34mcolcon.colcon_core.shell[0m [1;30mINFO[0m Creating package descriptor '/home/unitree/106a_final/install/navigation_node_two/share/navigation_node_two/package.dsv'
[34.314s] [34mcolcon.colcon_core.shell[0m [1;30mINFO[0m Creating package script '/home/unitree/106a_final/install/navigation_node_two/share/navigation_node_two/package.sh'
[34.315s] [34mcolcon.colcon_core.shell[0m [1;30mINFO[0m Creating package script '/home/unitree/106a_final/install/navigation_node_two/share/navigation_node_two/package.bash'
[34.316s] [34mcolcon.colcon_core.shell[0m [1;30mINFO[0m Creating package script '/home/unitree/106a_final/install/navigation_node_two/share/navigation_node_two/package.zsh'
[34.317s] [34mcolcon.colcon_core.environment[0m [1;30mLevel 1[0m create_file_with_runtime_dependencies(/home/unitree/106a_final/install/navigation_node_two/share/colcon-core/packages/navigation_node_two)
[34.322s] [34mcolcon.colcon_core.event_handler.log_command[0m [1;30mDEBUG[0m [32mInvoked command in '/home/unitree/106a_final/src/navigation_node' returned '0': PYTHONPATH=/home/unitree/106a_final/build/navigation_node/prefix_override:/home/unitree/106a_final/install/navigation_node/lib/python3.8/site-packages:${PYTHONPATH} /usr/bin/python3 setup.py egg_info --egg-base ../../build/navigation_node build --build-base /home/unitree/106a_final/build/navigation_node/build install --record /home/unitree/106a_final/build/navigation_node/install.log --install-scripts $base/lib/navigation_node --single-version-externally-managed[0m
[34.460s] [34mcolcon.colcon_core.environment[0m [1;30mLevel 1[0m checking '/home/unitree/106a_final/install/navigation_node' for CMake module files
[34.461s] [34mcolcon.colcon_core.environment[0m [1;30mLevel 1[0m checking '/home/unitree/106a_final/install/navigation_node' for CMake config files
[34.463s] [34mcolcon.colcon_core.environment[0m [1;30mLevel 1[0m checking '/home/unitree/106a_final/install/navigation_node/lib'
[34.463s] [34mcolcon.colcon_core.environment[0m [1;30mLevel 1[0m checking '/home/unitree/106a_final/install/navigation_node/bin'
[34.463s] [34mcolcon.colcon_core.environment[0m [1;30mLevel 1[0m checking '/home/unitree/106a_final/install/navigation_node/lib/pkgconfig/navigation_node.pc'
[34.464s] [34mcolcon.colcon_core.environment[0m [1;30mLevel 1[0m checking '/home/unitree/106a_final/install/navigation_node/lib/python3.8/site-packages'
[34.464s] [34mcolcon.colcon_core.shell[0m [1;30mLevel 1[0m create_environment_hook('navigation_node', 'pythonpath')
[34.607s] [34mcolcon.colcon_core.shell[0m [1;30mINFO[0m Creating environment hook '/home/unitree/106a_final/install/navigation_node/share/navigation_node/hook/pythonpath.ps1'
[34.608s] [34mcolcon.colcon_core.shell[0m [1;30mINFO[0m Creating environment descriptor '/home/unitree/106a_final/install/navigation_node/share/navigation_node/hook/pythonpath.dsv'
[34.609s] [34mcolcon.colcon_core.shell[0m [1;30mINFO[0m Creating environment hook '/home/unitree/106a_final/install/navigation_node/share/navigation_node/hook/pythonpath.sh'
[34.611s] [34mcolcon.colcon_core.environment[0m [1;30mLevel 1[0m checking '/home/unitree/106a_final/install/navigation_node/bin'
[34.611s] [34mcolcon.colcon_core.environment[0m [1;30mLevel 1[0m create_environment_scripts_only(navigation_node)
[34.727s] [34mcolcon.colcon_core.shell[0m [1;30mINFO[0m Creating package script '/home/unitree/106a_final/install/navigation_node/share/navigation_node/package.ps1'
[34.729s] [34mcolcon.colcon_core.shell[0m [1;30mINFO[0m Creating package descriptor '/home/unitree/106a_final/install/navigation_node/share/navigation_node/package.dsv'
[34.732s] [34mcolcon.colcon_core.shell[0m [1;30mINFO[0m Creating package script '/home/unitree/106a_final/install/navigation_node/share/navigation_node/package.sh'
[34.734s] [34mcolcon.colcon_core.shell[0m [1;30mINFO[0m Creating package script '/home/unitree/106a_final/install/navigation_node/share/navigation_node/package.bash'
[34.734s] [34mcolcon.colcon_core.shell[0m [1;30mINFO[0m Creating package script '/home/unitree/106a_final/install/navigation_node/share/navigation_node/package.zsh'
[34.735s] [34mcolcon.colcon_core.environment[0m [1;30mLevel 1[0m create_file_with_runtime_dependencies(/home/unitree/106a_final/install/navigation_node/share/colcon-core/packages/navigation_node)
[36.406s] [34mcolcon.colcon_core.event_handler.log_command[0m [1;30mDEBUG[0m [32mInvoked command in '/home/unitree/106a_final/build/base_driver' returned '2': CMAKE_PREFIX_PATH=${CMAKE_PREFIX_PATH}:/home/unitree/106a_final/install/go2_bringup:/home/unitree/106a_final/install/vision_node:/home/unitree/106a_final/install/navigation_return_node:/home/unitree/106a_final/install/navigation_node_two:/home/unitree/106a_final/install/navigation_node_three:/home/unitree/106a_final/install/navigation_node:/home/unitree/106a_final/install/navigatigation_node_three:/home/unitree/106a_final/install/aruco_node:/home/unitree/106a_final/install/arm_control:/opt/ros/foxy /usr/bin/cmake --build /home/unitree/106a_final/build/base_driver -- -j4 -l4[0m
[36.507s] [34mcolcon.colcon_core.environment[0m [1;30mLevel 1[0m create_environment_scripts_only(base_driver)
[36.605s] [34mcolcon.colcon_core.environment[0m [1;30mLevel 1[0m checking '/home/unitree/106a_final/install/base_driver' for CMake module files
[36.607s] [34mcolcon.colcon_core.environment[0m [1;30mLevel 1[0m checking '/home/unitree/106a_final/install/base_driver' for CMake config files
[36.607s] [34mcolcon.colcon_core.shell[0m [1;30mLevel 1[0m create_environment_hook('base_driver', 'cmake_prefix_path')
[36.751s] [34mcolcon.colcon_core.shell[0m [1;30mINFO[0m Creating environment hook '/home/unitree/106a_final/install/base_driver/share/base_driver/hook/cmake_prefix_path.ps1'
[36.753s] [34mcolcon.colcon_core.shell[0m [1;30mINFO[0m Creating environment descriptor '/home/unitree/106a_final/install/base_driver/share/base_driver/hook/cmake_prefix_path.dsv'
[36.754s] [34mcolcon.colcon_core.shell[0m [1;30mINFO[0m Creating environment hook '/home/unitree/106a_final/install/base_driver/share/base_driver/hook/cmake_prefix_path.sh'
[36.756s] [34mcolcon.colcon_core.environment[0m [1;30mLevel 1[0m checking '/home/unitree/106a_final/install/base_driver/lib'
[36.756s] [34mcolcon.colcon_core.environment[0m [1;30mLevel 1[0m checking '/home/unitree/106a_final/install/base_driver/bin'
[36.756s] [34mcolcon.colcon_core.environment[0m [1;30mLevel 1[0m checking '/home/unitree/106a_final/install/base_driver/lib/pkgconfig/base_driver.pc'
[36.757s] [34mcolcon.colcon_core.environment[0m [1;30mLevel 1[0m checking '/home/unitree/106a_final/install/base_driver/lib/python3.8/site-packages'
[36.757s] [34mcolcon.colcon_core.environment[0m [1;30mLevel 1[0m checking '/home/unitree/106a_final/install/base_driver/bin'
[36.853s] [34mcolcon.colcon_core.shell[0m [1;30mINFO[0m Creating package script '/home/unitree/106a_final/install/base_driver/share/base_driver/package.ps1'
[36.854s] [34mcolcon.colcon_core.shell[0m [1;30mINFO[0m Creating package descriptor '/home/unitree/106a_final/install/base_driver/share/base_driver/package.dsv'
[36.855s] [34mcolcon.colcon_core.shell[0m [1;30mINFO[0m Creating package script '/home/unitree/106a_final/install/base_driver/share/base_driver/package.sh'
[36.856s] [34mcolcon.colcon_core.shell[0m [1;30mINFO[0m Creating package script '/home/unitree/106a_final/install/base_driver/share/base_driver/package.bash'
[36.857s] [34mcolcon.colcon_core.shell[0m [1;30mINFO[0m Creating package script '/home/unitree/106a_final/install/base_driver/share/base_driver/package.zsh'
[36.858s] [34mcolcon.colcon_core.environment[0m [1;30mLevel 1[0m create_file_with_runtime_dependencies(/home/unitree/106a_final/install/base_driver/share/colcon-core/packages/base_driver)
[36.870s] [34mcolcon.colcon_parallel_executor.executor.parallel[0m [1;30mDEBUG[0m [32mclosing loop[0m
[36.870s] [34mcolcon.colcon_parallel_executor.executor.parallel[0m [1;30mDEBUG[0m [32mloop closed[0m
[36.871s] [34mcolcon.colcon_parallel_executor.executor.parallel[0m [1;30mDEBUG[0m [32mrun_until_complete finished with '2'[0m
[36.871s] [34mcolcon.colcon_core.event_reactor[0m [1;30mDEBUG[0m [32mjoining thread[0m
[36.982s] [34mcolcon.colcon_core.plugin_system[0m [1;30mINFO[0m Skipping extension 'colcon_notification.desktop_notification.terminal_notifier': Not used on non-Darwin systems
[36.983s] [34mcolcon.colcon_core.plugin_system[0m [1;30mINFO[0m Skipping extension 'colcon_notification.desktop_notification.win32': Not used on non-Windows systems
[36.983s] [34mcolcon.colcon_notification.desktop_notification[0m [1;30mINFO[0m Sending desktop notification using 'notify2'
[37.009s] [34mcolcon.colcon_notification.desktop_notification.notify2[0m [1;30mDEBUG[0m [32mFailed to initialize notify2: org.freedesktop.DBus.Error.Spawn.ChildExited: Process org.freedesktop.Notifications exited with status 1[0m
[37.010s] [34mcolcon.colcon_core.event_reactor[0m [1;30mDEBUG[0m [32mjoined thread[0m
[37.107s] [34mcolcon.colcon_core.shell[0m [1;30mINFO[0m Creating prefix script '/home/unitree/106a_final/install/local_setup.ps1'
[37.109s] [34mcolcon.colcon_core.shell[0m [1;30mINFO[0m Creating prefix util module '/home/unitree/106a_final/install/_local_setup_util_ps1.py'
[37.113s] [34mcolcon.colcon_core.shell[0m [1;30mINFO[0m Creating prefix chain script '/home/unitree/106a_final/install/setup.ps1'
[37.210s] [34mcolcon.colcon_core.shell[0m [1;30mINFO[0m Creating prefix script '/home/unitree/106a_final/install/local_setup.sh'
[37.212s] [34mcolcon.colcon_core.shell[0m [1;30mINFO[0m Creating prefix util module '/home/unitree/106a_final/install/_local_setup_util_sh.py'
[37.213s] [34mcolcon.colcon_core.shell[0m [1;30mINFO[0m Creating prefix chain script '/home/unitree/106a_final/install/setup.sh'
[37.310s] [34mcolcon.colcon_core.shell[0m [1;30mINFO[0m Creating prefix script '/home/unitree/106a_final/install/local_setup.bash'
[37.311s] [34mcolcon.colcon_core.shell[0m [1;30mINFO[0m Creating prefix chain script '/home/unitree/106a_final/install/setup.bash'
[37.409s] [34mcolcon.colcon_core.shell[0m [1;30mINFO[0m Creating prefix script '/home/unitree/106a_final/install/local_setup.zsh'
[37.411s] [34mcolcon.colcon_core.shell[0m [1;30mINFO[0m Creating prefix chain script '/home/unitree/106a_final/install/setup.zsh'
