[0.000000] (-) TimerEvent: {}
[0.001458] (arm_control) JobQueued: {'identifier': 'arm_control', 'dependencies': OrderedDict()}
[0.001639] (arm_driver) JobQueued: {'identifier': 'arm_driver', 'dependencies': OrderedDict()}
[0.001841] (aruco_node) JobQueued: {'identifier': 'aruco_node', 'dependencies': OrderedDict()}
[0.002983] (base_driver) JobQueued: {'identifier': 'base_driver', 'dependencies': OrderedDict()}
[0.003202] (navigation_node) JobQueued: {'identifier': 'navigation_node', 'dependencies': OrderedDict()}
[0.004054] (navigation_node_three) JobQueued: {'identifier': 'navigation_node_three', 'dependencies': OrderedDict()}
[0.005937] (navigation_node_two) JobQueued: {'identifier': 'navigation_node_two', 'dependencies': OrderedDict()}
[0.006206] (navigation_return_node) JobQueued: {'identifier': 'navigation_return_node', 'dependencies': OrderedDict()}
[0.006568] (vision_node) JobQueued: {'identifier': 'vision_node', 'dependencies': OrderedDict()}
[0.006793] (go2_bringup) JobQueued: {'identifier': 'go2_bringup', 'dependencies': OrderedDict([('arm_control', '/home/unitree/106a_final/install/arm_control'), ('arm_driver', '/home/unitree/106a_final/install/arm_driver'), ('aruco_node', '/home/unitree/106a_final/install/aruco_node'), ('base_driver', '/home/unitree/106a_final/install/base_driver'), ('navigation_node_three', '/home/unitree/106a_final/install/navigation_node_three'), ('navigation_return_node', '/home/unitree/106a_final/install/navigation_return_node'), ('vision_node', '/home/unitree/106a_final/install/vision_node')])}
[0.009899] (arm_control) JobStarted: {'identifier': 'arm_control'}
[0.099899] (-) TimerEvent: {}
[0.200732] (-) TimerEvent: {}
[0.301480] (-) TimerEvent: {}
[0.402181] (-) TimerEvent: {}
[0.503539] (-) TimerEvent: {}
[0.623205] (-) TimerEvent: {}
[0.724209] (-) TimerEvent: {}
[0.826242] (arm_driver) JobStarted: {'identifier': 'arm_driver'}
[0.826696] (-) TimerEvent: {}
[0.928241] (-) TimerEvent: {}
[1.029027] (-) TimerEvent: {}
[1.130082] (-) TimerEvent: {}
[1.230948] (-) TimerEvent: {}
[1.331664] (-) TimerEvent: {}
[1.432499] (-) TimerEvent: {}
[1.443190] (aruco_node) JobStarted: {'identifier': 'aruco_node'}
[1.532809] (-) TimerEvent: {}
[1.633638] (-) TimerEvent: {}
[1.734297] (-) TimerEvent: {}
[1.840755] (-) TimerEvent: {}
[1.947734] (-) TimerEvent: {}
[2.050227] (-) TimerEvent: {}
[2.171218] (-) TimerEvent: {}
[2.272087] (-) TimerEvent: {}
[2.355233] (base_driver) JobStarted: {'identifier': 'base_driver'}
[2.372493] (-) TimerEvent: {}
[2.473194] (-) TimerEvent: {}
[2.574609] (-) TimerEvent: {}
[2.675269] (-) TimerEvent: {}
[2.776057] (-) TimerEvent: {}
[2.876845] (-) TimerEvent: {}
[2.977609] (-) TimerEvent: {}
[3.078321] (-) TimerEvent: {}
[3.179504] (-) TimerEvent: {}
[3.280375] (-) TimerEvent: {}
[3.381264] (-) TimerEvent: {}
[3.487785] (-) TimerEvent: {}
[3.588870] (-) TimerEvent: {}
[3.689787] (-) TimerEvent: {}
[3.790783] (-) TimerEvent: {}
[3.892745] (-) TimerEvent: {}
[3.995132] (-) TimerEvent: {}
[4.096524] (-) TimerEvent: {}
[4.198254] (-) TimerEvent: {}
[4.299578] (-) TimerEvent: {}
[4.367624] (arm_driver) JobProgress: {'identifier': 'arm_driver', 'progress': 'cmake'}
[4.369256] (arm_driver) JobProgress: {'identifier': 'arm_driver', 'progress': 'build'}
[4.371207] (arm_driver) Command: {'cmd': ['/usr/bin/cmake', '--build', '/home/unitree/106a_final/build/arm_driver', '--', '-j4', '-l4'], 'cwd': '/home/unitree/106a_final/build/arm_driver', 'env': OrderedDict([('LESSOPEN', '| /usr/bin/lesspipe %s'), ('USER', 'unitree'), ('SSH_CLIENT', '192.168.50.153 39758 22'), ('XDG_SESSION_TYPE', 'tty'), ('SHLVL', '1'), ('LD_LIBRARY_PATH', '/home/unitree/106a_final/install/realsense2_camera/lib:/home/unitree/106a_final/install/realsense2_camera_msgs/lib:/usr/local/cuda-11.4/lib64:/usr/local/lib:/home/unitree/cyclonedds_ws/install/rmw_cyclonedds_cpp/lib:/home/unitree/cyclonedds_ws/install/cyclonedds/lib:/opt/ros/foxy/opt/yaml_cpp_vendor/lib:/opt/ros/foxy/opt/rviz_ogre_vendor/lib:/opt/ros/foxy/lib/aarch64-linux-gnu:/opt/ros/foxy/lib'), ('MOTD_SHOWN', 'pam'), ('HOME', '/home/unitree'), ('CYCLONEDDS_URI', '/home/unitree/cyclonedds_ws/cyclonedds.xml'), ('OLDPWD', '/home/unitree'), ('SSH_TTY', '/dev/pts/11'), ('ROS_PYTHON_VERSION', '3'), ('DBUS_SESSION_BUS_ADDRESS', 'unix:path=/run/user/1000/bus'), ('COLCON_PREFIX_PATH', '/home/unitree/106a_final/install:/home/unitree/cyclonedds_ws/install'), ('ROS_DISTRO', 'foxy'), ('LOGNAME', 'unitree'), ('_', '/usr/bin/colcon'), ('ROS_VERSION', '2'), ('PKG_CONFIG_PATH', '/home/unitree/cyclonedds_ws/install/cyclonedds/lib/aarch64-linux-gnu/pkgconfig:/home/unitree/cyclonedds_ws/install/cyclonedds/lib/pkgconfig'), ('XDG_SESSION_CLASS', 'user'), ('TERM', 'xterm-256color'), ('XDG_SESSION_ID', '7'), ('ROS_LOCALHOST_ONLY', '0'), ('PATH', '/home/unitree/.local/bin:/usr/local/cuda-11.4/bin:/home/unitree/cyclonedds_ws/install/cyclonedds/bin:/opt/ros/foxy/bin:/usr/local/sbin:/usr/local/bin:/usr/sbin:/usr/bin:/sbin:/bin:/usr/games:/usr/local/games:/snap/bin'), ('XDG_RUNTIME_DIR', '/run/user/1000'), ('LANG', 'en_US.UTF-8'), ('RMW_IMPLEMENTATION', 'rmw_cyclonedds_cpp'), ('LS_COLORS', 'rs=0:di=01;34:ln=01;36:mh=00:pi=40;33:so=01;35:do=01;35:bd=40;33;01:cd=40;33;01:or=40;31;01:mi=00:su=37;41:sg=30;43:ca=30;41:tw=30;42:ow=34;42:st=37;44:ex=01;32:*.tar=01;31:*.tgz=01;31:*.arc=01;31:*.arj=01;31:*.taz=01;31:*.lha=01;31:*.lz4=01;31:*.lzh=01;31:*.lzma=01;31:*.tlz=01;31:*.txz=01;31:*.tzo=01;31:*.t7z=01;31:*.zip=01;31:*.z=01;31:*.dz=01;31:*.gz=01;31:*.lrz=01;31:*.lz=01;31:*.lzo=01;31:*.xz=01;31:*.zst=01;31:*.tzst=01;31:*.bz2=01;31:*.bz=01;31:*.tbz=01;31:*.tbz2=01;31:*.tz=01;31:*.deb=01;31:*.rpm=01;31:*.jar=01;31:*.war=01;31:*.ear=01;31:*.sar=01;31:*.rar=01;31:*.alz=01;31:*.ace=01;31:*.zoo=01;31:*.cpio=01;31:*.7z=01;31:*.rz=01;31:*.cab=01;31:*.wim=01;31:*.swm=01;31:*.dwm=01;31:*.esd=01;31:*.jpg=01;35:*.jpeg=01;35:*.mjpg=01;35:*.mjpeg=01;35:*.gif=01;35:*.bmp=01;35:*.pbm=01;35:*.pgm=01;35:*.ppm=01;35:*.tga=01;35:*.xbm=01;35:*.xpm=01;35:*.tif=01;35:*.tiff=01;35:*.png=01;35:*.svg=01;35:*.svgz=01;35:*.mng=01;35:*.pcx=01;35:*.mov=01;35:*.mpg=01;35:*.mpeg=01;35:*.m2v=01;35:*.mkv=01;35:*.webm=01;35:*.ogm=01;35:*.mp4=01;35:*.m4v=01;35:*.mp4v=01;35:*.vob=01;35:*.qt=01;35:*.nuv=01;35:*.wmv=01;35:*.asf=01;35:*.rm=01;35:*.rmvb=01;35:*.flc=01;35:*.avi=01;35:*.fli=01;35:*.flv=01;35:*.gl=01;35:*.dl=01;35:*.xcf=01;35:*.xwd=01;35:*.yuv=01;35:*.cgm=01;35:*.emf=01;35:*.ogv=01;35:*.ogx=01;35:*.aac=00;36:*.au=00;36:*.flac=00;36:*.m4a=00;36:*.mid=00;36:*.midi=00;36:*.mka=00;36:*.mp3=00;36:*.mpc=00;36:*.ogg=00;36:*.ra=00;36:*.wav=00;36:*.oga=00;36:*.opus=00;36:*.spx=00;36:*.xspf=00;36:'), ('AMENT_PREFIX_PATH', '/home/unitree/106a_final/install/go2_bringup:/home/unitree/106a_final/install/vision_node:/home/unitree/106a_final/install/realsense2_description:/home/unitree/106a_final/install/realsense2_camera:/home/unitree/106a_final/install/realsense2_camera_msgs:/home/unitree/106a_final/install/navigation_return_node:/home/unitree/106a_final/install/navigation_node_two:/home/unitree/106a_final/install/navigation_node_three:/home/unitree/106a_final/install/navigation_node:/home/unitree/106a_final/install/navigatigation_node_three:/home/unitree/106a_final/install/base_driver:/home/unitree/106a_final/install/aruco_node:/home/unitree/106a_final/install/arm_driver:/home/unitree/106a_final/install/arm_control:/home/unitree/cyclonedds_ws/install/rmw_cyclonedds_cpp:/opt/ros/foxy'), ('SHELL', '/bin/bash'), ('LESSCLOSE', '/usr/bin/lesspipe %s %s'), ('PWD', '/home/unitree/106a_final/build/arm_driver'), ('LC_ALL', 'en_US.UTF-8'), ('SSH_CONNECTION', '192.168.50.153 39758 192.168.50.28 22'), ('XDG_DATA_DIRS', '/usr/local/share:/usr/share:/var/lib/snapd/desktop'), ('PYTHONPATH', '/home/unitree/106a_final/install/go2_bringup/lib/python3.8/site-packages:/home/unitree/106a_final/install/vision_node/lib/python3.8/site-packages:/home/unitree/106a_final/install/realsense2_camera_msgs/lib/python3.8/site-packages:/home/unitree/106a_final/install/navigation_return_node/lib/python3.8/site-packages:/home/unitree/106a_final/install/navigation_node_two/lib/python3.8/site-packages:/home/unitree/106a_final/install/navigation_node_three/lib/python3.8/site-packages:/home/unitree/106a_final/install/navigation_node/lib/python3.8/site-packages:/home/unitree/106a_final/install/navigatigation_node_three/lib/python3.8/site-packages:/home/unitree/106a_final/install/aruco_node/lib/python3.8/site-packages:/home/unitree/106a_final/install/arm_control/lib/python3.8/site-packages:/opt/ros/foxy/lib/python3.8/site-packages'), ('COLCON', '1'), ('CMAKE_PREFIX_PATH', '/home/unitree/106a_final/install/realsense2_description:/home/unitree/106a_final/install/realsense2_camera:/home/unitree/106a_final/install/realsense2_camera_msgs:/home/unitree/106a_final/install/base_driver:/home/unitree/106a_final/install/arm_driver:/home/unitree/cyclonedds_ws/install/rmw_cyclonedds_cpp:/home/unitree/cyclonedds_ws/install/cyclonedds:/home/unitree/106a_final/install/go2_bringup:/home/unitree/106a_final/install/vision_node:/home/unitree/106a_final/install/navigation_return_node:/home/unitree/106a_final/install/navigation_node_two:/home/unitree/106a_final/install/navigation_node_three:/home/unitree/106a_final/install/navigation_node:/home/unitree/106a_final/install/navigatigation_node_three:/home/unitree/106a_final/install/aruco_node:/home/unitree/106a_final/install/arm_control:/opt/ros/foxy')]), 'shell': False}
[4.400091] (-) TimerEvent: {}
[4.502373] (-) TimerEvent: {}
[4.603473] (-) TimerEvent: {}
[4.704464] (-) TimerEvent: {}
[4.805586] (-) TimerEvent: {}
[4.906629] (-) TimerEvent: {}
[5.009300] (-) TimerEvent: {}
[5.110338] (-) TimerEvent: {}
[5.211509] (-) TimerEvent: {}
[5.312613] (-) TimerEvent: {}
[5.413628] (-) TimerEvent: {}
[5.514715] (-) TimerEvent: {}
[5.619072] (-) TimerEvent: {}
[5.719949] (-) TimerEvent: {}
[5.823059] (-) TimerEvent: {}
[5.912383] (arm_driver) StdoutLine: {'line': b'[ 66%] Built target d1_wrapper\n'}
[5.914220] (arm_driver) StdoutLine: {'line': b'[100%] Built target servo_driver\n'}
[5.920776] (base_driver) JobProgress: {'identifier': 'base_driver', 'progress': 'cmake'}
[5.922853] (base_driver) JobProgress: {'identifier': 'base_driver', 'progress': 'build'}
[5.922976] (-) TimerEvent: {}
[5.924202] (base_driver) Command: {'cmd': ['/usr/bin/cmake', '--build', '/home/unitree/106a_final/build/base_driver', '--', '-j4', '-l4'], 'cwd': '/home/unitree/106a_final/build/base_driver', 'env': OrderedDict([('LESSOPEN', '| /usr/bin/lesspipe %s'), ('USER', 'unitree'), ('SSH_CLIENT', '192.168.50.153 39758 22'), ('XDG_SESSION_TYPE', 'tty'), ('SHLVL', '1'), ('LD_LIBRARY_PATH', '/home/unitree/106a_final/install/realsense2_camera/lib:/home/unitree/106a_final/install/realsense2_camera_msgs/lib:/usr/local/cuda-11.4/lib64:/usr/local/lib:/home/unitree/cyclonedds_ws/install/rmw_cyclonedds_cpp/lib:/home/unitree/cyclonedds_ws/install/cyclonedds/lib:/opt/ros/foxy/opt/yaml_cpp_vendor/lib:/opt/ros/foxy/opt/rviz_ogre_vendor/lib:/opt/ros/foxy/lib/aarch64-linux-gnu:/opt/ros/foxy/lib'), ('MOTD_SHOWN', 'pam'), ('HOME', '/home/unitree'), ('CYCLONEDDS_URI', '/home/unitree/cyclonedds_ws/cyclonedds.xml'), ('OLDPWD', '/home/unitree'), ('SSH_TTY', '/dev/pts/11'), ('ROS_PYTHON_VERSION', '3'), ('DBUS_SESSION_BUS_ADDRESS', 'unix:path=/run/user/1000/bus'), ('COLCON_PREFIX_PATH', '/home/unitree/106a_final/install:/home/unitree/cyclonedds_ws/install'), ('ROS_DISTRO', 'foxy'), ('LOGNAME', 'unitree'), ('_', '/usr/bin/colcon'), ('ROS_VERSION', '2'), ('PKG_CONFIG_PATH', '/home/unitree/cyclonedds_ws/install/cyclonedds/lib/aarch64-linux-gnu/pkgconfig:/home/unitree/cyclonedds_ws/install/cyclonedds/lib/pkgconfig'), ('XDG_SESSION_CLASS', 'user'), ('TERM', 'xterm-256color'), ('XDG_SESSION_ID', '7'), ('ROS_LOCALHOST_ONLY', '0'), ('PATH', '/home/unitree/.local/bin:/usr/local/cuda-11.4/bin:/home/unitree/cyclonedds_ws/install/cyclonedds/bin:/opt/ros/foxy/bin:/usr/local/sbin:/usr/local/bin:/usr/sbin:/usr/bin:/sbin:/bin:/usr/games:/usr/local/games:/snap/bin'), ('XDG_RUNTIME_DIR', '/run/user/1000'), ('LANG', 'en_US.UTF-8'), ('RMW_IMPLEMENTATION', 'rmw_cyclonedds_cpp'), ('LS_COLORS', 'rs=0:di=01;34:ln=01;36:mh=00:pi=40;33:so=01;35:do=01;35:bd=40;33;01:cd=40;33;01:or=40;31;01:mi=00:su=37;41:sg=30;43:ca=30;41:tw=30;42:ow=34;42:st=37;44:ex=01;32:*.tar=01;31:*.tgz=01;31:*.arc=01;31:*.arj=01;31:*.taz=01;31:*.lha=01;31:*.lz4=01;31:*.lzh=01;31:*.lzma=01;31:*.tlz=01;31:*.txz=01;31:*.tzo=01;31:*.t7z=01;31:*.zip=01;31:*.z=01;31:*.dz=01;31:*.gz=01;31:*.lrz=01;31:*.lz=01;31:*.lzo=01;31:*.xz=01;31:*.zst=01;31:*.tzst=01;31:*.bz2=01;31:*.bz=01;31:*.tbz=01;31:*.tbz2=01;31:*.tz=01;31:*.deb=01;31:*.rpm=01;31:*.jar=01;31:*.war=01;31:*.ear=01;31:*.sar=01;31:*.rar=01;31:*.alz=01;31:*.ace=01;31:*.zoo=01;31:*.cpio=01;31:*.7z=01;31:*.rz=01;31:*.cab=01;31:*.wim=01;31:*.swm=01;31:*.dwm=01;31:*.esd=01;31:*.jpg=01;35:*.jpeg=01;35:*.mjpg=01;35:*.mjpeg=01;35:*.gif=01;35:*.bmp=01;35:*.pbm=01;35:*.pgm=01;35:*.ppm=01;35:*.tga=01;35:*.xbm=01;35:*.xpm=01;35:*.tif=01;35:*.tiff=01;35:*.png=01;35:*.svg=01;35:*.svgz=01;35:*.mng=01;35:*.pcx=01;35:*.mov=01;35:*.mpg=01;35:*.mpeg=01;35:*.m2v=01;35:*.mkv=01;35:*.webm=01;35:*.ogm=01;35:*.mp4=01;35:*.m4v=01;35:*.mp4v=01;35:*.vob=01;35:*.qt=01;35:*.nuv=01;35:*.wmv=01;35:*.asf=01;35:*.rm=01;35:*.rmvb=01;35:*.flc=01;35:*.avi=01;35:*.fli=01;35:*.flv=01;35:*.gl=01;35:*.dl=01;35:*.xcf=01;35:*.xwd=01;35:*.yuv=01;35:*.cgm=01;35:*.emf=01;35:*.ogv=01;35:*.ogx=01;35:*.aac=00;36:*.au=00;36:*.flac=00;36:*.m4a=00;36:*.mid=00;36:*.midi=00;36:*.mka=00;36:*.mp3=00;36:*.mpc=00;36:*.ogg=00;36:*.ra=00;36:*.wav=00;36:*.oga=00;36:*.opus=00;36:*.spx=00;36:*.xspf=00;36:'), ('AMENT_PREFIX_PATH', '/home/unitree/106a_final/install/go2_bringup:/home/unitree/106a_final/install/vision_node:/home/unitree/106a_final/install/realsense2_description:/home/unitree/106a_final/install/realsense2_camera:/home/unitree/106a_final/install/realsense2_camera_msgs:/home/unitree/106a_final/install/navigation_return_node:/home/unitree/106a_final/install/navigation_node_two:/home/unitree/106a_final/install/navigation_node_three:/home/unitree/106a_final/install/navigation_node:/home/unitree/106a_final/install/navigatigation_node_three:/home/unitree/106a_final/install/base_driver:/home/unitree/106a_final/install/aruco_node:/home/unitree/106a_final/install/arm_driver:/home/unitree/106a_final/install/arm_control:/home/unitree/cyclonedds_ws/install/rmw_cyclonedds_cpp:/opt/ros/foxy'), ('SHELL', '/bin/bash'), ('LESSCLOSE', '/usr/bin/lesspipe %s %s'), ('PWD', '/home/unitree/106a_final/build/base_driver'), ('LC_ALL', 'en_US.UTF-8'), ('SSH_CONNECTION', '192.168.50.153 39758 192.168.50.28 22'), ('XDG_DATA_DIRS', '/usr/local/share:/usr/share:/var/lib/snapd/desktop'), ('PYTHONPATH', '/home/unitree/106a_final/install/go2_bringup/lib/python3.8/site-packages:/home/unitree/106a_final/install/vision_node/lib/python3.8/site-packages:/home/unitree/106a_final/install/realsense2_camera_msgs/lib/python3.8/site-packages:/home/unitree/106a_final/install/navigation_return_node/lib/python3.8/site-packages:/home/unitree/106a_final/install/navigation_node_two/lib/python3.8/site-packages:/home/unitree/106a_final/install/navigation_node_three/lib/python3.8/site-packages:/home/unitree/106a_final/install/navigation_node/lib/python3.8/site-packages:/home/unitree/106a_final/install/navigatigation_node_three/lib/python3.8/site-packages:/home/unitree/106a_final/install/aruco_node/lib/python3.8/site-packages:/home/unitree/106a_final/install/arm_control/lib/python3.8/site-packages:/opt/ros/foxy/lib/python3.8/site-packages'), ('COLCON', '1'), ('CMAKE_PREFIX_PATH', '/home/unitree/106a_final/install/realsense2_description:/home/unitree/106a_final/install/realsense2_camera:/home/unitree/106a_final/install/realsense2_camera_msgs:/home/unitree/106a_final/install/base_driver:/home/unitree/106a_final/install/arm_driver:/home/unitree/cyclonedds_ws/install/rmw_cyclonedds_cpp:/home/unitree/cyclonedds_ws/install/cyclonedds:/home/unitree/106a_final/install/go2_bringup:/home/unitree/106a_final/install/vision_node:/home/unitree/106a_final/install/navigation_return_node:/home/unitree/106a_final/install/navigation_node_two:/home/unitree/106a_final/install/navigation_node_three:/home/unitree/106a_final/install/navigation_node:/home/unitree/106a_final/install/navigatigation_node_three:/home/unitree/106a_final/install/aruco_node:/home/unitree/106a_final/install/arm_control:/opt/ros/foxy')]), 'shell': False}
[6.012648] (arm_driver) CommandEnded: {'returncode': 0}
[6.015521] (arm_driver) JobProgress: {'identifier': 'arm_driver', 'progress': 'install'}
[6.023477] (-) TimerEvent: {}
[6.086638] (base_driver) StdoutLine: {'line': b'-- Found ament_cmake: 0.9.12 (/opt/ros/foxy/share/ament_cmake/cmake)\n'}
[6.102688] (arm_driver) Command: {'cmd': ['/usr/bin/cmake', '--install', '/home/unitree/106a_final/build/arm_driver'], 'cwd': '/home/unitree/106a_final/build/arm_driver', 'env': OrderedDict([('LESSOPEN', '| /usr/bin/lesspipe %s'), ('USER', 'unitree'), ('SSH_CLIENT', '192.168.50.153 39758 22'), ('XDG_SESSION_TYPE', 'tty'), ('SHLVL', '1'), ('LD_LIBRARY_PATH', '/home/unitree/106a_final/install/realsense2_camera/lib:/home/unitree/106a_final/install/realsense2_camera_msgs/lib:/usr/local/cuda-11.4/lib64:/usr/local/lib:/home/unitree/cyclonedds_ws/install/rmw_cyclonedds_cpp/lib:/home/unitree/cyclonedds_ws/install/cyclonedds/lib:/opt/ros/foxy/opt/yaml_cpp_vendor/lib:/opt/ros/foxy/opt/rviz_ogre_vendor/lib:/opt/ros/foxy/lib/aarch64-linux-gnu:/opt/ros/foxy/lib'), ('MOTD_SHOWN', 'pam'), ('HOME', '/home/unitree'), ('CYCLONEDDS_URI', '/home/unitree/cyclonedds_ws/cyclonedds.xml'), ('OLDPWD', '/home/unitree'), ('SSH_TTY', '/dev/pts/11'), ('ROS_PYTHON_VERSION', '3'), ('DBUS_SESSION_BUS_ADDRESS', 'unix:path=/run/user/1000/bus'), ('COLCON_PREFIX_PATH', '/home/unitree/106a_final/install:/home/unitree/cyclonedds_ws/install'), ('ROS_DISTRO', 'foxy'), ('LOGNAME', 'unitree'), ('_', '/usr/bin/colcon'), ('ROS_VERSION', '2'), ('PKG_CONFIG_PATH', '/home/unitree/cyclonedds_ws/install/cyclonedds/lib/aarch64-linux-gnu/pkgconfig:/home/unitree/cyclonedds_ws/install/cyclonedds/lib/pkgconfig'), ('XDG_SESSION_CLASS', 'user'), ('TERM', 'xterm-256color'), ('XDG_SESSION_ID', '7'), ('ROS_LOCALHOST_ONLY', '0'), ('PATH', '/home/unitree/.local/bin:/usr/local/cuda-11.4/bin:/home/unitree/cyclonedds_ws/install/cyclonedds/bin:/opt/ros/foxy/bin:/usr/local/sbin:/usr/local/bin:/usr/sbin:/usr/bin:/sbin:/bin:/usr/games:/usr/local/games:/snap/bin'), ('XDG_RUNTIME_DIR', '/run/user/1000'), ('LANG', 'en_US.UTF-8'), ('RMW_IMPLEMENTATION', 'rmw_cyclonedds_cpp'), ('LS_COLORS', 'rs=0:di=01;34:ln=01;36:mh=00:pi=40;33:so=01;35:do=01;35:bd=40;33;01:cd=40;33;01:or=40;31;01:mi=00:su=37;41:sg=30;43:ca=30;41:tw=30;42:ow=34;42:st=37;44:ex=01;32:*.tar=01;31:*.tgz=01;31:*.arc=01;31:*.arj=01;31:*.taz=01;31:*.lha=01;31:*.lz4=01;31:*.lzh=01;31:*.lzma=01;31:*.tlz=01;31:*.txz=01;31:*.tzo=01;31:*.t7z=01;31:*.zip=01;31:*.z=01;31:*.dz=01;31:*.gz=01;31:*.lrz=01;31:*.lz=01;31:*.lzo=01;31:*.xz=01;31:*.zst=01;31:*.tzst=01;31:*.bz2=01;31:*.bz=01;31:*.tbz=01;31:*.tbz2=01;31:*.tz=01;31:*.deb=01;31:*.rpm=01;31:*.jar=01;31:*.war=01;31:*.ear=01;31:*.sar=01;31:*.rar=01;31:*.alz=01;31:*.ace=01;31:*.zoo=01;31:*.cpio=01;31:*.7z=01;31:*.rz=01;31:*.cab=01;31:*.wim=01;31:*.swm=01;31:*.dwm=01;31:*.esd=01;31:*.jpg=01;35:*.jpeg=01;35:*.mjpg=01;35:*.mjpeg=01;35:*.gif=01;35:*.bmp=01;35:*.pbm=01;35:*.pgm=01;35:*.ppm=01;35:*.tga=01;35:*.xbm=01;35:*.xpm=01;35:*.tif=01;35:*.tiff=01;35:*.png=01;35:*.svg=01;35:*.svgz=01;35:*.mng=01;35:*.pcx=01;35:*.mov=01;35:*.mpg=01;35:*.mpeg=01;35:*.m2v=01;35:*.mkv=01;35:*.webm=01;35:*.ogm=01;35:*.mp4=01;35:*.m4v=01;35:*.mp4v=01;35:*.vob=01;35:*.qt=01;35:*.nuv=01;35:*.wmv=01;35:*.asf=01;35:*.rm=01;35:*.rmvb=01;35:*.flc=01;35:*.avi=01;35:*.fli=01;35:*.flv=01;35:*.gl=01;35:*.dl=01;35:*.xcf=01;35:*.xwd=01;35:*.yuv=01;35:*.cgm=01;35:*.emf=01;35:*.ogv=01;35:*.ogx=01;35:*.aac=00;36:*.au=00;36:*.flac=00;36:*.m4a=00;36:*.mid=00;36:*.midi=00;36:*.mka=00;36:*.mp3=00;36:*.mpc=00;36:*.ogg=00;36:*.ra=00;36:*.wav=00;36:*.oga=00;36:*.opus=00;36:*.spx=00;36:*.xspf=00;36:'), ('AMENT_PREFIX_PATH', '/home/unitree/106a_final/install/go2_bringup:/home/unitree/106a_final/install/vision_node:/home/unitree/106a_final/install/realsense2_description:/home/unitree/106a_final/install/realsense2_camera:/home/unitree/106a_final/install/realsense2_camera_msgs:/home/unitree/106a_final/install/navigation_return_node:/home/unitree/106a_final/install/navigation_node_two:/home/unitree/106a_final/install/navigation_node_three:/home/unitree/106a_final/install/navigation_node:/home/unitree/106a_final/install/navigatigation_node_three:/home/unitree/106a_final/install/base_driver:/home/unitree/106a_final/install/aruco_node:/home/unitree/106a_final/install/arm_driver:/home/unitree/106a_final/install/arm_control:/home/unitree/cyclonedds_ws/install/rmw_cyclonedds_cpp:/opt/ros/foxy'), ('SHELL', '/bin/bash'), ('LESSCLOSE', '/usr/bin/lesspipe %s %s'), ('PWD', '/home/unitree/106a_final/build/arm_driver'), ('LC_ALL', 'en_US.UTF-8'), ('SSH_CONNECTION', '192.168.50.153 39758 192.168.50.28 22'), ('XDG_DATA_DIRS', '/usr/local/share:/usr/share:/var/lib/snapd/desktop'), ('PYTHONPATH', '/home/unitree/106a_final/install/go2_bringup/lib/python3.8/site-packages:/home/unitree/106a_final/install/vision_node/lib/python3.8/site-packages:/home/unitree/106a_final/install/realsense2_camera_msgs/lib/python3.8/site-packages:/home/unitree/106a_final/install/navigation_return_node/lib/python3.8/site-packages:/home/unitree/106a_final/install/navigation_node_two/lib/python3.8/site-packages:/home/unitree/106a_final/install/navigation_node_three/lib/python3.8/site-packages:/home/unitree/106a_final/install/navigation_node/lib/python3.8/site-packages:/home/unitree/106a_final/install/navigatigation_node_three/lib/python3.8/site-packages:/home/unitree/106a_final/install/aruco_node/lib/python3.8/site-packages:/home/unitree/106a_final/install/arm_control/lib/python3.8/site-packages:/opt/ros/foxy/lib/python3.8/site-packages'), ('COLCON', '1'), ('CMAKE_PREFIX_PATH', '/home/unitree/106a_final/install/realsense2_description:/home/unitree/106a_final/install/realsense2_camera:/home/unitree/106a_final/install/realsense2_camera_msgs:/home/unitree/106a_final/install/base_driver:/home/unitree/106a_final/install/arm_driver:/home/unitree/cyclonedds_ws/install/rmw_cyclonedds_cpp:/home/unitree/cyclonedds_ws/install/cyclonedds:/home/unitree/106a_final/install/go2_bringup:/home/unitree/106a_final/install/vision_node:/home/unitree/106a_final/install/navigation_return_node:/home/unitree/106a_final/install/navigation_node_two:/home/unitree/106a_final/install/navigation_node_three:/home/unitree/106a_final/install/navigation_node:/home/unitree/106a_final/install/navigatigation_node_three:/home/unitree/106a_final/install/aruco_node:/home/unitree/106a_final/install/arm_control:/opt/ros/foxy')]), 'shell': False}
[6.123522] (-) TimerEvent: {}
[6.179332] (arm_driver) StdoutLine: {'line': b'-- Install configuration: ""\n'}
[6.180985] (arm_driver) StdoutLine: {'line': b'-- Up-to-date: /home/unitree/106a_final/install/arm_driver/lib/arm_driver/servo_driver\n'}
[6.181889] (arm_driver) StdoutLine: {'line': b'-- Up-to-date: /home/unitree/106a_final/install/arm_driver/share/arm_driver/launch\n'}
[6.182563] (arm_driver) StdoutLine: {'line': b'-- Up-to-date: /home/unitree/106a_final/install/arm_driver/share/arm_driver/launch/arm_driver.launch.py\n'}
[6.183082] (arm_driver) StdoutLine: {'line': b'-- Up-to-date: /home/unitree/106a_final/install/arm_driver/share/ament_index/resource_index/package_run_dependencies/arm_driver\n'}
[6.183367] (arm_driver) StdoutLine: {'line': b'-- Up-to-date: /home/unitree/106a_final/install/arm_driver/share/ament_index/resource_index/parent_prefix_path/arm_driver\n'}
[6.183589] (arm_driver) StdoutLine: {'line': b'-- Up-to-date: /home/unitree/106a_final/install/arm_driver/share/arm_driver/environment/ament_prefix_path.sh\n'}
[6.183740] (arm_driver) StdoutLine: {'line': b'-- Up-to-date: /home/unitree/106a_final/install/arm_driver/share/arm_driver/environment/ament_prefix_path.dsv\n'}
[6.183944] (arm_driver) StdoutLine: {'line': b'-- Up-to-date: /home/unitree/106a_final/install/arm_driver/share/arm_driver/environment/path.sh\n'}
[6.184089] (arm_driver) StdoutLine: {'line': b'-- Up-to-date: /home/unitree/106a_final/install/arm_driver/share/arm_driver/environment/path.dsv\n'}
[6.184216] (arm_driver) StdoutLine: {'line': b'-- Up-to-date: /home/unitree/106a_final/install/arm_driver/share/arm_driver/local_setup.bash\n'}
[6.184408] (arm_driver) StdoutLine: {'line': b'-- Up-to-date: /home/unitree/106a_final/install/arm_driver/share/arm_driver/local_setup.sh\n'}
[6.184575] (arm_driver) StdoutLine: {'line': b'-- Up-to-date: /home/unitree/106a_final/install/arm_driver/share/arm_driver/local_setup.zsh\n'}
[6.184701] (arm_driver) StdoutLine: {'line': b'-- Up-to-date: /home/unitree/106a_final/install/arm_driver/share/arm_driver/local_setup.dsv\n'}
[6.184819] (arm_driver) StdoutLine: {'line': b'-- Installing: /home/unitree/106a_final/install/arm_driver/share/arm_driver/package.dsv\n'}
[6.185005] (arm_driver) StdoutLine: {'line': b'-- Up-to-date: /home/unitree/106a_final/install/arm_driver/share/ament_index/resource_index/packages/arm_driver\n'}
[6.185136] (arm_driver) StdoutLine: {'line': b'-- Up-to-date: /home/unitree/106a_final/install/arm_driver/share/arm_driver/cmake/arm_driverConfig.cmake\n'}
[6.185312] (arm_driver) StdoutLine: {'line': b'-- Up-to-date: /home/unitree/106a_final/install/arm_driver/share/arm_driver/cmake/arm_driverConfig-version.cmake\n'}
[6.185441] (arm_driver) StdoutLine: {'line': b'-- Up-to-date: /home/unitree/106a_final/install/arm_driver/share/arm_driver/package.xml\n'}
[6.189835] (arm_driver) CommandEnded: {'returncode': 0}
[6.224962] (-) TimerEvent: {}
[6.318807] (base_driver) StdoutLine: {'line': b'-- Using PYTHON_EXECUTABLE: /usr/bin/python3\n'}
[6.325082] (-) TimerEvent: {}
[6.432654] (-) TimerEvent: {}
[6.534855] (-) TimerEvent: {}
[6.636084] (-) TimerEvent: {}
[6.737310] (-) TimerEvent: {}
[6.847196] (-) TimerEvent: {}
[6.948138] (-) TimerEvent: {}
[7.048854] (-) TimerEvent: {}
[7.163208] (-) TimerEvent: {}
[7.267735] (-) TimerEvent: {}
[7.383673] (-) TimerEvent: {}
[7.414714] (base_driver) StdoutLine: {'line': b'-- Found rclcpp: 2.4.3 (/opt/ros/foxy/share/rclcpp/cmake)\n'}
[7.489449] (-) TimerEvent: {}
[7.592055] (-) TimerEvent: {}
[7.635935] (base_driver) StdoutLine: {'line': b'-- Using all available rosidl_typesupport_c: rosidl_typesupport_fastrtps_c;rosidl_typesupport_introspection_c\n'}
[7.645357] (base_driver) StdoutLine: {'line': b'-- Found rosidl_adapter: 1.3.1 (/opt/ros/foxy/share/rosidl_adapter/cmake)\n'}
[7.693660] (-) TimerEvent: {}
[7.723418] (arm_driver) JobEnded: {'identifier': 'arm_driver', 'rc': 0}
[7.726416] (navigation_node_three) JobStarted: {'identifier': 'navigation_node_three'}
[7.797281] (-) TimerEvent: {}
[7.898237] (-) TimerEvent: {}
[7.999336] (-) TimerEvent: {}
[8.115268] (-) TimerEvent: {}
[8.221508] (-) TimerEvent: {}
[8.327841] (-) TimerEvent: {}
[8.429030] (-) TimerEvent: {}
[8.474164] (base_driver) StdoutLine: {'line': b'-- Using all available rosidl_typesupport_cpp: rosidl_typesupport_fastrtps_cpp;rosidl_typesupport_introspection_cpp\n'}
[8.529550] (-) TimerEvent: {}
[8.630760] (-) TimerEvent: {}
[8.731510] (base_driver) StdoutLine: {'line': b'-- Found rmw_implementation_cmake: 1.0.4 (/opt/ros/foxy/share/rmw_implementation_cmake/cmake)\n'}
[8.732151] (-) TimerEvent: {}
[8.734221] (arm_control) Command: {'cmd': ['/usr/bin/python3', 'setup.py', 'egg_info', '--egg-base', '../../build/arm_control', 'build', '--build-base', '/home/unitree/106a_final/build/arm_control/build', 'install', '--record', '/home/unitree/106a_final/build/arm_control/install.log', '--install-scripts', '$base/lib/arm_control', '--single-version-externally-managed'], 'cwd': '/home/unitree/106a_final/src/arm_control', 'env': {'LESSOPEN': '| /usr/bin/lesspipe %s', 'USER': 'unitree', 'SSH_CLIENT': '192.168.50.153 39758 22', 'XDG_SESSION_TYPE': 'tty', 'SHLVL': '1', 'LD_LIBRARY_PATH': '/home/unitree/106a_final/install/realsense2_camera/lib:/home/unitree/106a_final/install/realsense2_camera_msgs/lib:/usr/local/cuda-11.4/lib64:/usr/local/lib:/home/unitree/cyclonedds_ws/install/rmw_cyclonedds_cpp/lib:/home/unitree/cyclonedds_ws/install/cyclonedds/lib:/opt/ros/foxy/opt/yaml_cpp_vendor/lib:/opt/ros/foxy/opt/rviz_ogre_vendor/lib:/opt/ros/foxy/lib/aarch64-linux-gnu:/opt/ros/foxy/lib', 'MOTD_SHOWN': 'pam', 'HOME': '/home/unitree', 'CYCLONEDDS_URI': '/home/unitree/cyclonedds_ws/cyclonedds.xml', 'OLDPWD': '/home/unitree', 'SSH_TTY': '/dev/pts/11', 'ROS_PYTHON_VERSION': '3', 'DBUS_SESSION_BUS_ADDRESS': 'unix:path=/run/user/1000/bus', 'COLCON_PREFIX_PATH': '/home/unitree/106a_final/install:/home/unitree/cyclonedds_ws/install', 'ROS_DISTRO': 'foxy', 'LOGNAME': 'unitree', '_': '/usr/bin/colcon', 'ROS_VERSION': '2', 'PKG_CONFIG_PATH': '/home/unitree/cyclonedds_ws/install/cyclonedds/lib/aarch64-linux-gnu/pkgconfig:/home/unitree/cyclonedds_ws/install/cyclonedds/lib/pkgconfig', 'XDG_SESSION_CLASS': 'user', 'TERM': 'xterm-256color', 'XDG_SESSION_ID': '7', 'ROS_LOCALHOST_ONLY': '0', 'PATH': '/home/unitree/.local/bin:/usr/local/cuda-11.4/bin:/home/unitree/cyclonedds_ws/install/cyclonedds/bin:/opt/ros/foxy/bin:/usr/local/sbin:/usr/local/bin:/usr/sbin:/usr/bin:/sbin:/bin:/usr/games:/usr/local/games:/snap/bin', 'XDG_RUNTIME_DIR': '/run/user/1000', 'LANG': 'en_US.UTF-8', 'RMW_IMPLEMENTATION': 'rmw_cyclonedds_cpp', 'LS_COLORS': 'rs=0:di=01;34:ln=01;36:mh=00:pi=40;33:so=01;35:do=01;35:bd=40;33;01:cd=40;33;01:or=40;31;01:mi=00:su=37;41:sg=30;43:ca=30;41:tw=30;42:ow=34;42:st=37;44:ex=01;32:*.tar=01;31:*.tgz=01;31:*.arc=01;31:*.arj=01;31:*.taz=01;31:*.lha=01;31:*.lz4=01;31:*.lzh=01;31:*.lzma=01;31:*.tlz=01;31:*.txz=01;31:*.tzo=01;31:*.t7z=01;31:*.zip=01;31:*.z=01;31:*.dz=01;31:*.gz=01;31:*.lrz=01;31:*.lz=01;31:*.lzo=01;31:*.xz=01;31:*.zst=01;31:*.tzst=01;31:*.bz2=01;31:*.bz=01;31:*.tbz=01;31:*.tbz2=01;31:*.tz=01;31:*.deb=01;31:*.rpm=01;31:*.jar=01;31:*.war=01;31:*.ear=01;31:*.sar=01;31:*.rar=01;31:*.alz=01;31:*.ace=01;31:*.zoo=01;31:*.cpio=01;31:*.7z=01;31:*.rz=01;31:*.cab=01;31:*.wim=01;31:*.swm=01;31:*.dwm=01;31:*.esd=01;31:*.jpg=01;35:*.jpeg=01;35:*.mjpg=01;35:*.mjpeg=01;35:*.gif=01;35:*.bmp=01;35:*.pbm=01;35:*.pgm=01;35:*.ppm=01;35:*.tga=01;35:*.xbm=01;35:*.xpm=01;35:*.tif=01;35:*.tiff=01;35:*.png=01;35:*.svg=01;35:*.svgz=01;35:*.mng=01;35:*.pcx=01;35:*.mov=01;35:*.mpg=01;35:*.mpeg=01;35:*.m2v=01;35:*.mkv=01;35:*.webm=01;35:*.ogm=01;35:*.mp4=01;35:*.m4v=01;35:*.mp4v=01;35:*.vob=01;35:*.qt=01;35:*.nuv=01;35:*.wmv=01;35:*.asf=01;35:*.rm=01;35:*.rmvb=01;35:*.flc=01;35:*.avi=01;35:*.fli=01;35:*.flv=01;35:*.gl=01;35:*.dl=01;35:*.xcf=01;35:*.xwd=01;35:*.yuv=01;35:*.cgm=01;35:*.emf=01;35:*.ogv=01;35:*.ogx=01;35:*.aac=00;36:*.au=00;36:*.flac=00;36:*.m4a=00;36:*.mid=00;36:*.midi=00;36:*.mka=00;36:*.mp3=00;36:*.mpc=00;36:*.ogg=00;36:*.ra=00;36:*.wav=00;36:*.oga=00;36:*.opus=00;36:*.spx=00;36:*.xspf=00;36:', 'AMENT_PREFIX_PATH': '/home/unitree/106a_final/install/go2_bringup:/home/unitree/106a_final/install/vision_node:/home/unitree/106a_final/install/realsense2_description:/home/unitree/106a_final/install/realsense2_camera:/home/unitree/106a_final/install/realsense2_camera_msgs:/home/unitree/106a_final/install/navigation_return_node:/home/unitree/106a_final/install/navigation_node_two:/home/unitree/106a_final/install/navigation_node_three:/home/unitree/106a_final/install/navigation_node:/home/unitree/106a_final/install/navigatigation_node_three:/home/unitree/106a_final/install/base_driver:/home/unitree/106a_final/install/aruco_node:/home/unitree/106a_final/install/arm_driver:/home/unitree/106a_final/install/arm_control:/home/unitree/cyclonedds_ws/install/rmw_cyclonedds_cpp:/opt/ros/foxy', 'SHELL': '/bin/bash', 'LESSCLOSE': '/usr/bin/lesspipe %s %s', 'PWD': '/home/unitree/106a_final/build/arm_control', 'LC_ALL': 'en_US.UTF-8', 'SSH_CONNECTION': '192.168.50.153 39758 192.168.50.28 22', 'XDG_DATA_DIRS': '/usr/local/share:/usr/share:/var/lib/snapd/desktop', 'PYTHONPATH': '/home/unitree/106a_final/build/arm_control/prefix_override:/home/unitree/106a_final/install/arm_control/lib/python3.8/site-packages:/home/unitree/106a_final/install/go2_bringup/lib/python3.8/site-packages:/home/unitree/106a_final/install/vision_node/lib/python3.8/site-packages:/home/unitree/106a_final/install/realsense2_camera_msgs/lib/python3.8/site-packages:/home/unitree/106a_final/install/navigation_return_node/lib/python3.8/site-packages:/home/unitree/106a_final/install/navigation_node_two/lib/python3.8/site-packages:/home/unitree/106a_final/install/navigation_node_three/lib/python3.8/site-packages:/home/unitree/106a_final/install/navigation_node/lib/python3.8/site-packages:/home/unitree/106a_final/install/navigatigation_node_three/lib/python3.8/site-packages:/home/unitree/106a_final/install/aruco_node/lib/python3.8/site-packages:/home/unitree/106a_final/install/arm_control/lib/python3.8/site-packages:/opt/ros/foxy/lib/python3.8/site-packages', 'COLCON': '1', 'CMAKE_PREFIX_PATH': '/home/unitree/106a_final/install/realsense2_description:/home/unitree/106a_final/install/realsense2_camera:/home/unitree/106a_final/install/realsense2_camera_msgs:/home/unitree/106a_final/install/base_driver:/home/unitree/106a_final/install/arm_driver:/home/unitree/cyclonedds_ws/install/rmw_cyclonedds_cpp:/home/unitree/cyclonedds_ws/install/cyclonedds'}, 'shell': False}
[8.739615] (base_driver) StdoutLine: {'line': b"-- Using RMW implementation 'rmw_cyclonedds_cpp' as default\n"}
[8.767822] (aruco_node) Command: {'cmd': ['/usr/bin/python3', 'setup.py', 'egg_info', '--egg-base', '../../build/aruco_node', 'build', '--build-base', '/home/unitree/106a_final/build/aruco_node/build', 'install', '--record', '/home/unitree/106a_final/build/aruco_node/install.log', '--single-version-externally-managed'], 'cwd': '/home/unitree/106a_final/src/aruco_node', 'env': {'LESSOPEN': '| /usr/bin/lesspipe %s', 'USER': 'unitree', 'SSH_CLIENT': '192.168.50.153 39758 22', 'XDG_SESSION_TYPE': 'tty', 'SHLVL': '1', 'LD_LIBRARY_PATH': '/home/unitree/106a_final/install/realsense2_camera/lib:/home/unitree/106a_final/install/realsense2_camera_msgs/lib:/usr/local/cuda-11.4/lib64:/usr/local/lib:/home/unitree/cyclonedds_ws/install/rmw_cyclonedds_cpp/lib:/home/unitree/cyclonedds_ws/install/cyclonedds/lib:/opt/ros/foxy/opt/yaml_cpp_vendor/lib:/opt/ros/foxy/opt/rviz_ogre_vendor/lib:/opt/ros/foxy/lib/aarch64-linux-gnu:/opt/ros/foxy/lib', 'MOTD_SHOWN': 'pam', 'HOME': '/home/unitree', 'CYCLONEDDS_URI': '/home/unitree/cyclonedds_ws/cyclonedds.xml', 'OLDPWD': '/home/unitree', 'SSH_TTY': '/dev/pts/11', 'ROS_PYTHON_VERSION': '3', 'DBUS_SESSION_BUS_ADDRESS': 'unix:path=/run/user/1000/bus', 'COLCON_PREFIX_PATH': '/home/unitree/106a_final/install:/home/unitree/cyclonedds_ws/install', 'ROS_DISTRO': 'foxy', 'LOGNAME': 'unitree', '_': '/usr/bin/colcon', 'ROS_VERSION': '2', 'PKG_CONFIG_PATH': '/home/unitree/cyclonedds_ws/install/cyclonedds/lib/aarch64-linux-gnu/pkgconfig:/home/unitree/cyclonedds_ws/install/cyclonedds/lib/pkgconfig', 'XDG_SESSION_CLASS': 'user', 'TERM': 'xterm-256color', 'XDG_SESSION_ID': '7', 'ROS_LOCALHOST_ONLY': '0', 'PATH': '/home/unitree/.local/bin:/usr/local/cuda-11.4/bin:/home/unitree/cyclonedds_ws/install/cyclonedds/bin:/opt/ros/foxy/bin:/usr/local/sbin:/usr/local/bin:/usr/sbin:/usr/bin:/sbin:/bin:/usr/games:/usr/local/games:/snap/bin', 'XDG_RUNTIME_DIR': '/run/user/1000', 'LANG': 'en_US.UTF-8', 'RMW_IMPLEMENTATION': 'rmw_cyclonedds_cpp', 'LS_COLORS': 'rs=0:di=01;34:ln=01;36:mh=00:pi=40;33:so=01;35:do=01;35:bd=40;33;01:cd=40;33;01:or=40;31;01:mi=00:su=37;41:sg=30;43:ca=30;41:tw=30;42:ow=34;42:st=37;44:ex=01;32:*.tar=01;31:*.tgz=01;31:*.arc=01;31:*.arj=01;31:*.taz=01;31:*.lha=01;31:*.lz4=01;31:*.lzh=01;31:*.lzma=01;31:*.tlz=01;31:*.txz=01;31:*.tzo=01;31:*.t7z=01;31:*.zip=01;31:*.z=01;31:*.dz=01;31:*.gz=01;31:*.lrz=01;31:*.lz=01;31:*.lzo=01;31:*.xz=01;31:*.zst=01;31:*.tzst=01;31:*.bz2=01;31:*.bz=01;31:*.tbz=01;31:*.tbz2=01;31:*.tz=01;31:*.deb=01;31:*.rpm=01;31:*.jar=01;31:*.war=01;31:*.ear=01;31:*.sar=01;31:*.rar=01;31:*.alz=01;31:*.ace=01;31:*.zoo=01;31:*.cpio=01;31:*.7z=01;31:*.rz=01;31:*.cab=01;31:*.wim=01;31:*.swm=01;31:*.dwm=01;31:*.esd=01;31:*.jpg=01;35:*.jpeg=01;35:*.mjpg=01;35:*.mjpeg=01;35:*.gif=01;35:*.bmp=01;35:*.pbm=01;35:*.pgm=01;35:*.ppm=01;35:*.tga=01;35:*.xbm=01;35:*.xpm=01;35:*.tif=01;35:*.tiff=01;35:*.png=01;35:*.svg=01;35:*.svgz=01;35:*.mng=01;35:*.pcx=01;35:*.mov=01;35:*.mpg=01;35:*.mpeg=01;35:*.m2v=01;35:*.mkv=01;35:*.webm=01;35:*.ogm=01;35:*.mp4=01;35:*.m4v=01;35:*.mp4v=01;35:*.vob=01;35:*.qt=01;35:*.nuv=01;35:*.wmv=01;35:*.asf=01;35:*.rm=01;35:*.rmvb=01;35:*.flc=01;35:*.avi=01;35:*.fli=01;35:*.flv=01;35:*.gl=01;35:*.dl=01;35:*.xcf=01;35:*.xwd=01;35:*.yuv=01;35:*.cgm=01;35:*.emf=01;35:*.ogv=01;35:*.ogx=01;35:*.aac=00;36:*.au=00;36:*.flac=00;36:*.m4a=00;36:*.mid=00;36:*.midi=00;36:*.mka=00;36:*.mp3=00;36:*.mpc=00;36:*.ogg=00;36:*.ra=00;36:*.wav=00;36:*.oga=00;36:*.opus=00;36:*.spx=00;36:*.xspf=00;36:', 'AMENT_PREFIX_PATH': '/home/unitree/106a_final/install/go2_bringup:/home/unitree/106a_final/install/vision_node:/home/unitree/106a_final/install/realsense2_description:/home/unitree/106a_final/install/realsense2_camera:/home/unitree/106a_final/install/realsense2_camera_msgs:/home/unitree/106a_final/install/navigation_return_node:/home/unitree/106a_final/install/navigation_node_two:/home/unitree/106a_final/install/navigation_node_three:/home/unitree/106a_final/install/navigation_node:/home/unitree/106a_final/install/navigatigation_node_three:/home/unitree/106a_final/install/base_driver:/home/unitree/106a_final/install/aruco_node:/home/unitree/106a_final/install/arm_driver:/home/unitree/106a_final/install/arm_control:/home/unitree/cyclonedds_ws/install/rmw_cyclonedds_cpp:/opt/ros/foxy', 'SHELL': '/bin/bash', 'LESSCLOSE': '/usr/bin/lesspipe %s %s', 'PWD': '/home/unitree/106a_final/build/aruco_node', 'LC_ALL': 'en_US.UTF-8', 'SSH_CONNECTION': '192.168.50.153 39758 192.168.50.28 22', 'XDG_DATA_DIRS': '/usr/local/share:/usr/share:/var/lib/snapd/desktop', 'PYTHONPATH': '/home/unitree/106a_final/build/aruco_node/prefix_override:/home/unitree/106a_final/install/aruco_node/lib/python3.8/site-packages:/home/unitree/106a_final/install/go2_bringup/lib/python3.8/site-packages:/home/unitree/106a_final/install/vision_node/lib/python3.8/site-packages:/home/unitree/106a_final/install/realsense2_camera_msgs/lib/python3.8/site-packages:/home/unitree/106a_final/install/navigation_return_node/lib/python3.8/site-packages:/home/unitree/106a_final/install/navigation_node_two/lib/python3.8/site-packages:/home/unitree/106a_final/install/navigation_node_three/lib/python3.8/site-packages:/home/unitree/106a_final/install/navigation_node/lib/python3.8/site-packages:/home/unitree/106a_final/install/navigatigation_node_three/lib/python3.8/site-packages:/home/unitree/106a_final/install/aruco_node/lib/python3.8/site-packages:/home/unitree/106a_final/install/arm_control/lib/python3.8/site-packages:/opt/ros/foxy/lib/python3.8/site-packages', 'COLCON': '1', 'CMAKE_PREFIX_PATH': '/home/unitree/106a_final/install/realsense2_description:/home/unitree/106a_final/install/realsense2_camera:/home/unitree/106a_final/install/realsense2_camera_msgs:/home/unitree/106a_final/install/base_driver:/home/unitree/106a_final/install/arm_driver:/home/unitree/cyclonedds_ws/install/rmw_cyclonedds_cpp:/home/unitree/cyclonedds_ws/install/cyclonedds'}, 'shell': False}
[8.832594] (-) TimerEvent: {}
[8.934208] (-) TimerEvent: {}
[9.037991] (-) TimerEvent: {}
[9.139468] (-) TimerEvent: {}
[9.240466] (-) TimerEvent: {}
[9.341502] (-) TimerEvent: {}
[9.442499] (-) TimerEvent: {}
[9.543568] (-) TimerEvent: {}
[9.577215] (base_driver) StdoutLine: {'line': b'-- Found geometry_msgs: 2.0.5 (/opt/ros/foxy/share/geometry_msgs/cmake)\n'}
[9.643728] (-) TimerEvent: {}
[9.744715] (-) TimerEvent: {}
[9.831317] (arm_control) StdoutLine: {'line': b'running egg_info\n'}
[9.833338] (arm_control) StdoutLine: {'line': b'writing ../../build/arm_control/arm_control.egg-info/PKG-INFO\n'}
[9.833742] (arm_control) StdoutLine: {'line': b'writing dependency_links to ../../build/arm_control/arm_control.egg-info/dependency_links.txt\n'}
[9.834656] (arm_control) StdoutLine: {'line': b'writing entry points to ../../build/arm_control/arm_control.egg-info/entry_points.txt\n'}
[9.835421] (arm_control) StdoutLine: {'line': b'writing requirements to ../../build/arm_control/arm_control.egg-info/requires.txt\n'}
[9.836268] (arm_control) StdoutLine: {'line': b'writing top-level names to ../../build/arm_control/arm_control.egg-info/top_level.txt\n'}
[9.845091] (-) TimerEvent: {}
[9.946452] (-) TimerEvent: {}
[9.993368] (arm_control) StdoutLine: {'line': b"reading manifest file '../../build/arm_control/arm_control.egg-info/SOURCES.txt'\n"}
[9.994041] (arm_control) StdoutLine: {'line': b"writing manifest file '../../build/arm_control/arm_control.egg-info/SOURCES.txt'\n"}
[9.994888] (arm_control) StdoutLine: {'line': b'running build\n'}
[9.995486] (arm_control) StdoutLine: {'line': b'running build_py\n'}
[9.995649] (arm_control) StdoutLine: {'line': b'running install\n'}
[9.996957] (arm_control) StdoutLine: {'line': b'running install_lib\n'}
[10.049812] (-) TimerEvent: {}
[10.065939] (aruco_node) StdoutLine: {'line': b'running egg_info\n'}
[10.066535] (arm_control) StdoutLine: {'line': b'running install_data\n'}
[10.067048] (arm_control) StdoutLine: {'line': b'running install_egg_info\n'}
[10.068282] (aruco_node) StdoutLine: {'line': b'writing ../../build/aruco_node/aruco_node.egg-info/PKG-INFO\n'}
[10.068637] (aruco_node) StdoutLine: {'line': b'writing dependency_links to ../../build/aruco_node/aruco_node.egg-info/dependency_links.txt\n'}
[10.068847] (aruco_node) StdoutLine: {'line': b'writing entry points to ../../build/aruco_node/aruco_node.egg-info/entry_points.txt\n'}
[10.069063] (aruco_node) StdoutLine: {'line': b'writing requirements to ../../build/aruco_node/aruco_node.egg-info/requires.txt\n'}
[10.069211] (aruco_node) StdoutLine: {'line': b'writing top-level names to ../../build/aruco_node/aruco_node.egg-info/top_level.txt\n'}
[10.081734] (arm_control) StdoutLine: {'line': b"removing '/home/unitree/106a_final/install/arm_control/lib/python3.8/site-packages/arm_control-0.0.0-py3.8.egg-info' (and everything under it)\n"}
[10.082326] (arm_control) StdoutLine: {'line': b'Copying ../../build/arm_control/arm_control.egg-info to /home/unitree/106a_final/install/arm_control/lib/python3.8/site-packages/arm_control-0.0.0-py3.8.egg-info\n'}
[10.082504] (arm_control) StdoutLine: {'line': b'running install_scripts\n'}
[10.113891] (base_driver) StdoutLine: {'line': b'-- Configuring done\n'}
[10.137441] (aruco_node) StdoutLine: {'line': b"reading manifest file '../../build/aruco_node/aruco_node.egg-info/SOURCES.txt'\n"}
[10.140996] (aruco_node) StdoutLine: {'line': b"writing manifest file '../../build/aruco_node/aruco_node.egg-info/SOURCES.txt'\n"}
[10.141411] (aruco_node) StdoutLine: {'line': b'running build\n'}
[10.141555] (aruco_node) StdoutLine: {'line': b'running build_py\n'}
[10.141685] (aruco_node) StdoutLine: {'line': b'running install\n'}
[10.146704] (aruco_node) StdoutLine: {'line': b'running install_lib\n'}
[10.147226] (aruco_node) StdoutLine: {'line': b'running install_data\n'}
[10.147478] (aruco_node) StdoutLine: {'line': b'running install_egg_info\n'}
[10.154763] (-) TimerEvent: {}
[10.155891] (aruco_node) StdoutLine: {'line': b"removing '/home/unitree/106a_final/install/aruco_node/lib/python3.8/site-packages/aruco_node-0.0.0-py3.8.egg-info' (and everything under it)\n"}
[10.156337] (aruco_node) StdoutLine: {'line': b'Copying ../../build/aruco_node/aruco_node.egg-info to /home/unitree/106a_final/install/aruco_node/lib/python3.8/site-packages/aruco_node-0.0.0-py3.8.egg-info\n'}
[10.156509] (aruco_node) StdoutLine: {'line': b'running install_scripts\n'}
[10.216923] (aruco_node) StdoutLine: {'line': b'Installing aruco script to /home/unitree/106a_final/install/aruco_node/lib/aruco_node\n'}
[10.217420] (aruco_node) StdoutLine: {'line': b"writing list of installed files to '/home/unitree/106a_final/build/aruco_node/install.log'\n"}
[10.217711] (base_driver) StdoutLine: {'line': b'-- Generating done\n'}
[10.217886] (base_driver) StdoutLine: {'line': b'-- Build files have been written to: /home/unitree/106a_final/build/base_driver\n'}
[10.260235] (-) TimerEvent: {}
[10.310282] (arm_control) StdoutLine: {'line': b'Installing arm_node script to /home/unitree/106a_final/install/arm_control/lib/arm_control\n'}
[10.310760] (arm_control) StdoutLine: {'line': b'Installing servo_driver script to /home/unitree/106a_final/install/arm_control/lib/arm_control\n'}
[10.311658] (arm_control) StdoutLine: {'line': b"writing list of installed files to '/home/unitree/106a_final/build/arm_control/install.log'\n"}
[10.360349] (-) TimerEvent: {}
[10.379448] (base_driver) StdoutLine: {'line': b'\x1b[35m\x1b[1mScanning dependencies of target base_wrapper\x1b[0m\n'}
[10.432715] (base_driver) StdoutLine: {'line': b'[ 25%] \x1b[32mBuilding CXX object CMakeFiles/base_wrapper.dir/src/BaseWrapper.cpp.o\x1b[0m\n'}
[10.460773] (-) TimerEvent: {}
[10.562153] (-) TimerEvent: {}
[10.662927] (-) TimerEvent: {}
[10.767542] (-) TimerEvent: {}
[10.856744] (aruco_node) CommandEnded: {'returncode': 0}
[10.871401] (-) TimerEvent: {}
[10.972959] (-) TimerEvent: {}
[11.074119] (-) TimerEvent: {}
[11.175336] (-) TimerEvent: {}
[11.276645] (-) TimerEvent: {}
[11.378206] (aruco_node) JobEnded: {'identifier': 'aruco_node', 'rc': 0}
[11.379742] (-) TimerEvent: {}
[11.380183] (arm_control) CommandEnded: {'returncode': 0}
[11.480175] (-) TimerEvent: {}
[11.581291] (-) TimerEvent: {}
[11.688773] (-) TimerEvent: {}
[11.795387] (-) TimerEvent: {}
[11.896891] (-) TimerEvent: {}
[12.003518] (-) TimerEvent: {}
[12.105848] (-) TimerEvent: {}
[12.162963] (arm_control) JobEnded: {'identifier': 'arm_control', 'rc': 0}
[12.166169] (navigation_return_node) JobStarted: {'identifier': 'navigation_return_node'}
[12.223185] (-) TimerEvent: {}
[12.325171] (-) TimerEvent: {}
[12.455378] (-) TimerEvent: {}
[12.556892] (-) TimerEvent: {}
[12.661903] (-) TimerEvent: {}
[12.762686] (-) TimerEvent: {}
[12.871215] (-) TimerEvent: {}
[12.972363] (-) TimerEvent: {}
[13.073577] (-) TimerEvent: {}
[13.174382] (-) TimerEvent: {}
[13.275096] (-) TimerEvent: {}
[13.380138] (-) TimerEvent: {}
[13.485707] (-) TimerEvent: {}
[13.587026] (-) TimerEvent: {}
[13.636216] (vision_node) JobStarted: {'identifier': 'vision_node'}
[13.687250] (-) TimerEvent: {}
[13.788406] (-) TimerEvent: {}
[13.889876] (-) TimerEvent: {}
[13.991317] (-) TimerEvent: {}
[14.142586] (-) TimerEvent: {}
[14.243806] (-) TimerEvent: {}
[14.344946] (-) TimerEvent: {}
[14.447286] (-) TimerEvent: {}
[14.548077] (-) TimerEvent: {}
[14.579922] (navigation_node_three) Command: {'cmd': ['/usr/bin/python3', 'setup.py', 'egg_info', '--egg-base', '../../build/navigation_node_three', 'build', '--build-base', '/home/unitree/106a_final/build/navigation_node_three/build', 'install', '--record', '/home/unitree/106a_final/build/navigation_node_three/install.log', '--install-scripts', '$base/lib/navigation_node_three', '--single-version-externally-managed'], 'cwd': '/home/unitree/106a_final/src/navigation_node_three', 'env': {'LESSOPEN': '| /usr/bin/lesspipe %s', 'USER': 'unitree', 'SSH_CLIENT': '192.168.50.153 39758 22', 'XDG_SESSION_TYPE': 'tty', 'SHLVL': '1', 'LD_LIBRARY_PATH': '/home/unitree/106a_final/install/realsense2_camera/lib:/home/unitree/106a_final/install/realsense2_camera_msgs/lib:/usr/local/cuda-11.4/lib64:/usr/local/lib:/home/unitree/cyclonedds_ws/install/rmw_cyclonedds_cpp/lib:/home/unitree/cyclonedds_ws/install/cyclonedds/lib:/opt/ros/foxy/opt/yaml_cpp_vendor/lib:/opt/ros/foxy/opt/rviz_ogre_vendor/lib:/opt/ros/foxy/lib/aarch64-linux-gnu:/opt/ros/foxy/lib', 'MOTD_SHOWN': 'pam', 'HOME': '/home/unitree', 'CYCLONEDDS_URI': '/home/unitree/cyclonedds_ws/cyclonedds.xml', 'OLDPWD': '/home/unitree', 'SSH_TTY': '/dev/pts/11', 'ROS_PYTHON_VERSION': '3', 'DBUS_SESSION_BUS_ADDRESS': 'unix:path=/run/user/1000/bus', 'COLCON_PREFIX_PATH': '/home/unitree/106a_final/install:/home/unitree/cyclonedds_ws/install', 'ROS_DISTRO': 'foxy', 'LOGNAME': 'unitree', '_': '/usr/bin/colcon', 'ROS_VERSION': '2', 'PKG_CONFIG_PATH': '/home/unitree/cyclonedds_ws/install/cyclonedds/lib/aarch64-linux-gnu/pkgconfig:/home/unitree/cyclonedds_ws/install/cyclonedds/lib/pkgconfig', 'XDG_SESSION_CLASS': 'user', 'TERM': 'xterm-256color', 'XDG_SESSION_ID': '7', 'ROS_LOCALHOST_ONLY': '0', 'PATH': '/home/unitree/.local/bin:/usr/local/cuda-11.4/bin:/home/unitree/cyclonedds_ws/install/cyclonedds/bin:/opt/ros/foxy/bin:/usr/local/sbin:/usr/local/bin:/usr/sbin:/usr/bin:/sbin:/bin:/usr/games:/usr/local/games:/snap/bin', 'XDG_RUNTIME_DIR': '/run/user/1000', 'LANG': 'en_US.UTF-8', 'RMW_IMPLEMENTATION': 'rmw_cyclonedds_cpp', 'LS_COLORS': 'rs=0:di=01;34:ln=01;36:mh=00:pi=40;33:so=01;35:do=01;35:bd=40;33;01:cd=40;33;01:or=40;31;01:mi=00:su=37;41:sg=30;43:ca=30;41:tw=30;42:ow=34;42:st=37;44:ex=01;32:*.tar=01;31:*.tgz=01;31:*.arc=01;31:*.arj=01;31:*.taz=01;31:*.lha=01;31:*.lz4=01;31:*.lzh=01;31:*.lzma=01;31:*.tlz=01;31:*.txz=01;31:*.tzo=01;31:*.t7z=01;31:*.zip=01;31:*.z=01;31:*.dz=01;31:*.gz=01;31:*.lrz=01;31:*.lz=01;31:*.lzo=01;31:*.xz=01;31:*.zst=01;31:*.tzst=01;31:*.bz2=01;31:*.bz=01;31:*.tbz=01;31:*.tbz2=01;31:*.tz=01;31:*.deb=01;31:*.rpm=01;31:*.jar=01;31:*.war=01;31:*.ear=01;31:*.sar=01;31:*.rar=01;31:*.alz=01;31:*.ace=01;31:*.zoo=01;31:*.cpio=01;31:*.7z=01;31:*.rz=01;31:*.cab=01;31:*.wim=01;31:*.swm=01;31:*.dwm=01;31:*.esd=01;31:*.jpg=01;35:*.jpeg=01;35:*.mjpg=01;35:*.mjpeg=01;35:*.gif=01;35:*.bmp=01;35:*.pbm=01;35:*.pgm=01;35:*.ppm=01;35:*.tga=01;35:*.xbm=01;35:*.xpm=01;35:*.tif=01;35:*.tiff=01;35:*.png=01;35:*.svg=01;35:*.svgz=01;35:*.mng=01;35:*.pcx=01;35:*.mov=01;35:*.mpg=01;35:*.mpeg=01;35:*.m2v=01;35:*.mkv=01;35:*.webm=01;35:*.ogm=01;35:*.mp4=01;35:*.m4v=01;35:*.mp4v=01;35:*.vob=01;35:*.qt=01;35:*.nuv=01;35:*.wmv=01;35:*.asf=01;35:*.rm=01;35:*.rmvb=01;35:*.flc=01;35:*.avi=01;35:*.fli=01;35:*.flv=01;35:*.gl=01;35:*.dl=01;35:*.xcf=01;35:*.xwd=01;35:*.yuv=01;35:*.cgm=01;35:*.emf=01;35:*.ogv=01;35:*.ogx=01;35:*.aac=00;36:*.au=00;36:*.flac=00;36:*.m4a=00;36:*.mid=00;36:*.midi=00;36:*.mka=00;36:*.mp3=00;36:*.mpc=00;36:*.ogg=00;36:*.ra=00;36:*.wav=00;36:*.oga=00;36:*.opus=00;36:*.spx=00;36:*.xspf=00;36:', 'AMENT_PREFIX_PATH': '/home/unitree/106a_final/install/go2_bringup:/home/unitree/106a_final/install/vision_node:/home/unitree/106a_final/install/realsense2_description:/home/unitree/106a_final/install/realsense2_camera:/home/unitree/106a_final/install/realsense2_camera_msgs:/home/unitree/106a_final/install/navigation_return_node:/home/unitree/106a_final/install/navigation_node_two:/home/unitree/106a_final/install/navigation_node_three:/home/unitree/106a_final/install/navigation_node:/home/unitree/106a_final/install/navigatigation_node_three:/home/unitree/106a_final/install/base_driver:/home/unitree/106a_final/install/aruco_node:/home/unitree/106a_final/install/arm_driver:/home/unitree/106a_final/install/arm_control:/home/unitree/cyclonedds_ws/install/rmw_cyclonedds_cpp:/opt/ros/foxy', 'SHELL': '/bin/bash', 'LESSCLOSE': '/usr/bin/lesspipe %s %s', 'PWD': '/home/unitree/106a_final/build/navigation_node_three', 'LC_ALL': 'en_US.UTF-8', 'SSH_CONNECTION': '192.168.50.153 39758 192.168.50.28 22', 'XDG_DATA_DIRS': '/usr/local/share:/usr/share:/var/lib/snapd/desktop', 'PYTHONPATH': '/home/unitree/106a_final/build/navigation_node_three/prefix_override:/home/unitree/106a_final/install/navigation_node_three/lib/python3.8/site-packages:/home/unitree/106a_final/install/go2_bringup/lib/python3.8/site-packages:/home/unitree/106a_final/install/vision_node/lib/python3.8/site-packages:/home/unitree/106a_final/install/realsense2_camera_msgs/lib/python3.8/site-packages:/home/unitree/106a_final/install/navigation_return_node/lib/python3.8/site-packages:/home/unitree/106a_final/install/navigation_node_two/lib/python3.8/site-packages:/home/unitree/106a_final/install/navigation_node_three/lib/python3.8/site-packages:/home/unitree/106a_final/install/navigation_node/lib/python3.8/site-packages:/home/unitree/106a_final/install/navigatigation_node_three/lib/python3.8/site-packages:/home/unitree/106a_final/install/aruco_node/lib/python3.8/site-packages:/home/unitree/106a_final/install/arm_control/lib/python3.8/site-packages:/opt/ros/foxy/lib/python3.8/site-packages', 'COLCON': '1', 'CMAKE_PREFIX_PATH': '/home/unitree/106a_final/install/realsense2_description:/home/unitree/106a_final/install/realsense2_camera:/home/unitree/106a_final/install/realsense2_camera_msgs:/home/unitree/106a_final/install/base_driver:/home/unitree/106a_final/install/arm_driver:/home/unitree/cyclonedds_ws/install/rmw_cyclonedds_cpp:/home/unitree/cyclonedds_ws/install/cyclonedds'}, 'shell': False}
[14.648360] (-) TimerEvent: {}
[14.749376] (-) TimerEvent: {}
[14.850080] (-) TimerEvent: {}
[14.951250] (-) TimerEvent: {}
[15.052831] (-) TimerEvent: {}
[15.153893] (-) TimerEvent: {}
[15.254899] (-) TimerEvent: {}
[15.356024] (-) TimerEvent: {}
[15.457115] (-) TimerEvent: {}
[15.560873] (-) TimerEvent: {}
[15.662095] (-) TimerEvent: {}
[15.763287] (-) TimerEvent: {}
[15.864592] (-) TimerEvent: {}
[15.969300] (-) TimerEvent: {}
[16.070825] (-) TimerEvent: {}
[16.175761] (-) TimerEvent: {}
[16.291177] (-) TimerEvent: {}
[16.412887] (-) TimerEvent: {}
[16.513833] (-) TimerEvent: {}
[16.552126] (base_driver) StdoutLine: {'line': b'[ 50%] \x1b[32m\x1b[1mLinking CXX static library libbase_wrapper.a\x1b[0m\n'}
[16.613988] (-) TimerEvent: {}
[16.715414] (-) TimerEvent: {}
[16.726682] (base_driver) StdoutLine: {'line': b'[ 50%] Built target base_wrapper\n'}
[16.771948] (base_driver) StdoutLine: {'line': b'\x1b[35m\x1b[1mScanning dependencies of target base_driver\x1b[0m\n'}
[16.816617] (-) TimerEvent: {}
[16.854692] (base_driver) StdoutLine: {'line': b'[ 75%] \x1b[32mBuilding CXX object CMakeFiles/base_driver.dir/src/base_driver.cpp.o\x1b[0m\n'}
[16.917879] (-) TimerEvent: {}
[17.052994] (-) TimerEvent: {}
[17.147323] (navigation_node_three) StdoutLine: {'line': b'running egg_info\n'}
[17.148329] (navigation_node_three) StdoutLine: {'line': b'writing ../../build/navigation_node_three/navigation_node_three.egg-info/PKG-INFO\n'}
[17.148511] (navigation_node_three) StdoutLine: {'line': b'writing dependency_links to ../../build/navigation_node_three/navigation_node_three.egg-info/dependency_links.txt\n'}
[17.148657] (navigation_node_three) StdoutLine: {'line': b'writing entry points to ../../build/navigation_node_three/navigation_node_three.egg-info/entry_points.txt\n'}
[17.148786] (navigation_node_three) StdoutLine: {'line': b'writing requirements to ../../build/navigation_node_three/navigation_node_three.egg-info/requires.txt\n'}
[17.148912] (navigation_node_three) StdoutLine: {'line': b'writing top-level names to ../../build/navigation_node_three/navigation_node_three.egg-info/top_level.txt\n'}
[17.149030] (navigation_node_three) StdoutLine: {'line': b"reading manifest file '../../build/navigation_node_three/navigation_node_three.egg-info/SOURCES.txt'\n"}
[17.149148] (navigation_node_three) StdoutLine: {'line': b"writing manifest file '../../build/navigation_node_three/navigation_node_three.egg-info/SOURCES.txt'\n"}
[17.149262] (navigation_node_three) StdoutLine: {'line': b'running build\n'}
[17.149376] (navigation_node_three) StdoutLine: {'line': b'running build_py\n'}
[17.149488] (navigation_node_three) StdoutLine: {'line': b'running install\n'}
[17.149598] (navigation_node_three) StdoutLine: {'line': b'running install_lib\n'}
[17.149708] (navigation_node_three) StdoutLine: {'line': b'running install_data\n'}
[17.149818] (navigation_node_three) StdoutLine: {'line': b'running install_egg_info\n'}
[17.149926] (navigation_node_three) StdoutLine: {'line': b"removing '/home/unitree/106a_final/install/navigation_node_three/lib/python3.8/site-packages/navigation_node_three-0.0.0-py3.8.egg-info' (and everything under it)\n"}
[17.150061] (navigation_node_three) StdoutLine: {'line': b'Copying ../../build/navigation_node_three/navigation_node_three.egg-info to /home/unitree/106a_final/install/navigation_node_three/lib/python3.8/site-packages/navigation_node_three-0.0.0-py3.8.egg-info\n'}
[17.150185] (navigation_node_three) StdoutLine: {'line': b'running install_scripts\n'}
[17.150294] (navigation_node_three) StdoutLine: {'line': b'Installing navigator script to /home/unitree/106a_final/install/navigation_node_three/lib/navigation_node_three\n'}
[17.150405] (navigation_node_three) StdoutLine: {'line': b"writing list of installed files to '/home/unitree/106a_final/build/navigation_node_three/install.log'\n"}
[17.153116] (-) TimerEvent: {}
[17.254356] (-) TimerEvent: {}
[17.355465] (-) TimerEvent: {}
[17.456559] (-) TimerEvent: {}
[17.563186] (-) TimerEvent: {}
[17.663945] (-) TimerEvent: {}
[17.764694] (-) TimerEvent: {}
[17.865796] (-) TimerEvent: {}
[17.966988] (-) TimerEvent: {}
[18.068219] (-) TimerEvent: {}
[18.169518] (-) TimerEvent: {}
[18.270793] (-) TimerEvent: {}
[18.387467] (-) TimerEvent: {}
[18.495294] (-) TimerEvent: {}
[18.600247] (-) TimerEvent: {}
[18.711272] (-) TimerEvent: {}
[18.818100] (-) TimerEvent: {}
[18.919345] (-) TimerEvent: {}
[19.020225] (-) TimerEvent: {}
[19.121933] (-) TimerEvent: {}
[19.222792] (-) TimerEvent: {}
[19.331203] (-) TimerEvent: {}
[19.436094] (-) TimerEvent: {}
[19.537545] (-) TimerEvent: {}
[19.619330] (navigation_node_three) CommandEnded: {'returncode': 0}
[19.638059] (-) TimerEvent: {}
[19.739114] (-) TimerEvent: {}
[19.840224] (-) TimerEvent: {}
[19.945985] (-) TimerEvent: {}
[20.047720] (-) TimerEvent: {}
[20.141823] (navigation_node_three) JobEnded: {'identifier': 'navigation_node_three', 'rc': 0}
[20.151928] (-) TimerEvent: {}
[20.152250] (navigation_node) JobStarted: {'identifier': 'navigation_node'}
[20.270473] (-) TimerEvent: {}
[20.371222] (-) TimerEvent: {}
[20.472065] (-) TimerEvent: {}
[20.573200] (-) TimerEvent: {}
[20.674087] (-) TimerEvent: {}
[20.774691] (-) TimerEvent: {}
[20.875704] (-) TimerEvent: {}
[20.976796] (-) TimerEvent: {}
[21.078605] (-) TimerEvent: {}
[21.179565] (-) TimerEvent: {}
[21.280306] (-) TimerEvent: {}
[21.380967] (-) TimerEvent: {}
[21.481661] (-) TimerEvent: {}
[21.582326] (-) TimerEvent: {}
[21.682976] (-) TimerEvent: {}
[21.783669] (-) TimerEvent: {}
[21.884327] (-) TimerEvent: {}
[21.984993] (-) TimerEvent: {}
[22.085951] (-) TimerEvent: {}
[22.186960] (-) TimerEvent: {}
[22.288665] (-) TimerEvent: {}
[22.390492] (-) TimerEvent: {}
[22.491711] (-) TimerEvent: {}
[22.592454] (-) TimerEvent: {}
[22.693327] (-) TimerEvent: {}
[22.794195] (-) TimerEvent: {}
[22.895103] (-) TimerEvent: {}
[22.996027] (-) TimerEvent: {}
[23.096860] (-) TimerEvent: {}
[23.198328] (-) TimerEvent: {}
[23.300031] (-) TimerEvent: {}
[23.406623] (-) TimerEvent: {}
[23.519201] (-) TimerEvent: {}
[23.619900] (-) TimerEvent: {}
[23.742509] (-) TimerEvent: {}
[23.844172] (-) TimerEvent: {}
[23.945029] (-) TimerEvent: {}
[23.953134] (navigation_return_node) Command: {'cmd': ['/usr/bin/python3', 'setup.py', 'egg_info', '--egg-base', '../../build/navigation_return_node', 'build', '--build-base', '/home/unitree/106a_final/build/navigation_return_node/build', 'install', '--record', '/home/unitree/106a_final/build/navigation_return_node/install.log', '--install-scripts', '$base/lib/navigation_return_node', '--single-version-externally-managed'], 'cwd': '/home/unitree/106a_final/src/navigation_return_node', 'env': {'LESSOPEN': '| /usr/bin/lesspipe %s', 'USER': 'unitree', 'SSH_CLIENT': '192.168.50.153 39758 22', 'XDG_SESSION_TYPE': 'tty', 'SHLVL': '1', 'LD_LIBRARY_PATH': '/home/unitree/106a_final/install/realsense2_camera/lib:/home/unitree/106a_final/install/realsense2_camera_msgs/lib:/usr/local/cuda-11.4/lib64:/usr/local/lib:/home/unitree/cyclonedds_ws/install/rmw_cyclonedds_cpp/lib:/home/unitree/cyclonedds_ws/install/cyclonedds/lib:/opt/ros/foxy/opt/yaml_cpp_vendor/lib:/opt/ros/foxy/opt/rviz_ogre_vendor/lib:/opt/ros/foxy/lib/aarch64-linux-gnu:/opt/ros/foxy/lib', 'MOTD_SHOWN': 'pam', 'HOME': '/home/unitree', 'CYCLONEDDS_URI': '/home/unitree/cyclonedds_ws/cyclonedds.xml', 'OLDPWD': '/home/unitree', 'SSH_TTY': '/dev/pts/11', 'ROS_PYTHON_VERSION': '3', 'DBUS_SESSION_BUS_ADDRESS': 'unix:path=/run/user/1000/bus', 'COLCON_PREFIX_PATH': '/home/unitree/106a_final/install:/home/unitree/cyclonedds_ws/install', 'ROS_DISTRO': 'foxy', 'LOGNAME': 'unitree', '_': '/usr/bin/colcon', 'ROS_VERSION': '2', 'PKG_CONFIG_PATH': '/home/unitree/cyclonedds_ws/install/cyclonedds/lib/aarch64-linux-gnu/pkgconfig:/home/unitree/cyclonedds_ws/install/cyclonedds/lib/pkgconfig', 'XDG_SESSION_CLASS': 'user', 'TERM': 'xterm-256color', 'XDG_SESSION_ID': '7', 'ROS_LOCALHOST_ONLY': '0', 'PATH': '/home/unitree/.local/bin:/usr/local/cuda-11.4/bin:/home/unitree/cyclonedds_ws/install/cyclonedds/bin:/opt/ros/foxy/bin:/usr/local/sbin:/usr/local/bin:/usr/sbin:/usr/bin:/sbin:/bin:/usr/games:/usr/local/games:/snap/bin', 'XDG_RUNTIME_DIR': '/run/user/1000', 'LANG': 'en_US.UTF-8', 'RMW_IMPLEMENTATION': 'rmw_cyclonedds_cpp', 'LS_COLORS': 'rs=0:di=01;34:ln=01;36:mh=00:pi=40;33:so=01;35:do=01;35:bd=40;33;01:cd=40;33;01:or=40;31;01:mi=00:su=37;41:sg=30;43:ca=30;41:tw=30;42:ow=34;42:st=37;44:ex=01;32:*.tar=01;31:*.tgz=01;31:*.arc=01;31:*.arj=01;31:*.taz=01;31:*.lha=01;31:*.lz4=01;31:*.lzh=01;31:*.lzma=01;31:*.tlz=01;31:*.txz=01;31:*.tzo=01;31:*.t7z=01;31:*.zip=01;31:*.z=01;31:*.dz=01;31:*.gz=01;31:*.lrz=01;31:*.lz=01;31:*.lzo=01;31:*.xz=01;31:*.zst=01;31:*.tzst=01;31:*.bz2=01;31:*.bz=01;31:*.tbz=01;31:*.tbz2=01;31:*.tz=01;31:*.deb=01;31:*.rpm=01;31:*.jar=01;31:*.war=01;31:*.ear=01;31:*.sar=01;31:*.rar=01;31:*.alz=01;31:*.ace=01;31:*.zoo=01;31:*.cpio=01;31:*.7z=01;31:*.rz=01;31:*.cab=01;31:*.wim=01;31:*.swm=01;31:*.dwm=01;31:*.esd=01;31:*.jpg=01;35:*.jpeg=01;35:*.mjpg=01;35:*.mjpeg=01;35:*.gif=01;35:*.bmp=01;35:*.pbm=01;35:*.pgm=01;35:*.ppm=01;35:*.tga=01;35:*.xbm=01;35:*.xpm=01;35:*.tif=01;35:*.tiff=01;35:*.png=01;35:*.svg=01;35:*.svgz=01;35:*.mng=01;35:*.pcx=01;35:*.mov=01;35:*.mpg=01;35:*.mpeg=01;35:*.m2v=01;35:*.mkv=01;35:*.webm=01;35:*.ogm=01;35:*.mp4=01;35:*.m4v=01;35:*.mp4v=01;35:*.vob=01;35:*.qt=01;35:*.nuv=01;35:*.wmv=01;35:*.asf=01;35:*.rm=01;35:*.rmvb=01;35:*.flc=01;35:*.avi=01;35:*.fli=01;35:*.flv=01;35:*.gl=01;35:*.dl=01;35:*.xcf=01;35:*.xwd=01;35:*.yuv=01;35:*.cgm=01;35:*.emf=01;35:*.ogv=01;35:*.ogx=01;35:*.aac=00;36:*.au=00;36:*.flac=00;36:*.m4a=00;36:*.mid=00;36:*.midi=00;36:*.mka=00;36:*.mp3=00;36:*.mpc=00;36:*.ogg=00;36:*.ra=00;36:*.wav=00;36:*.oga=00;36:*.opus=00;36:*.spx=00;36:*.xspf=00;36:', 'AMENT_PREFIX_PATH': '/home/unitree/106a_final/install/go2_bringup:/home/unitree/106a_final/install/vision_node:/home/unitree/106a_final/install/realsense2_description:/home/unitree/106a_final/install/realsense2_camera:/home/unitree/106a_final/install/realsense2_camera_msgs:/home/unitree/106a_final/install/navigation_return_node:/home/unitree/106a_final/install/navigation_node_two:/home/unitree/106a_final/install/navigation_node_three:/home/unitree/106a_final/install/navigation_node:/home/unitree/106a_final/install/navigatigation_node_three:/home/unitree/106a_final/install/base_driver:/home/unitree/106a_final/install/aruco_node:/home/unitree/106a_final/install/arm_driver:/home/unitree/106a_final/install/arm_control:/home/unitree/cyclonedds_ws/install/rmw_cyclonedds_cpp:/opt/ros/foxy', 'SHELL': '/bin/bash', 'LESSCLOSE': '/usr/bin/lesspipe %s %s', 'PWD': '/home/unitree/106a_final/build/navigation_return_node', 'LC_ALL': 'en_US.UTF-8', 'SSH_CONNECTION': '192.168.50.153 39758 192.168.50.28 22', 'XDG_DATA_DIRS': '/usr/local/share:/usr/share:/var/lib/snapd/desktop', 'PYTHONPATH': '/home/unitree/106a_final/build/navigation_return_node/prefix_override:/home/unitree/106a_final/install/navigation_return_node/lib/python3.8/site-packages:/home/unitree/106a_final/install/go2_bringup/lib/python3.8/site-packages:/home/unitree/106a_final/install/vision_node/lib/python3.8/site-packages:/home/unitree/106a_final/install/realsense2_camera_msgs/lib/python3.8/site-packages:/home/unitree/106a_final/install/navigation_return_node/lib/python3.8/site-packages:/home/unitree/106a_final/install/navigation_node_two/lib/python3.8/site-packages:/home/unitree/106a_final/install/navigation_node_three/lib/python3.8/site-packages:/home/unitree/106a_final/install/navigation_node/lib/python3.8/site-packages:/home/unitree/106a_final/install/navigatigation_node_three/lib/python3.8/site-packages:/home/unitree/106a_final/install/aruco_node/lib/python3.8/site-packages:/home/unitree/106a_final/install/arm_control/lib/python3.8/site-packages:/opt/ros/foxy/lib/python3.8/site-packages', 'COLCON': '1', 'CMAKE_PREFIX_PATH': '/home/unitree/106a_final/install/realsense2_description:/home/unitree/106a_final/install/realsense2_camera:/home/unitree/106a_final/install/realsense2_camera_msgs:/home/unitree/106a_final/install/base_driver:/home/unitree/106a_final/install/arm_driver:/home/unitree/cyclonedds_ws/install/rmw_cyclonedds_cpp:/home/unitree/cyclonedds_ws/install/cyclonedds'}, 'shell': False}
[24.045205] (-) TimerEvent: {}
[24.146585] (-) TimerEvent: {}
[24.236136] (vision_node) Command: {'cmd': ['/usr/bin/python3', 'setup.py', 'egg_info', '--egg-base', '../../build/vision_node', 'build', '--build-base', '/home/unitree/106a_final/build/vision_node/build', 'install', '--record', '/home/unitree/106a_final/build/vision_node/install.log', '--install-scripts', '$base/lib/vision_node', '--single-version-externally-managed'], 'cwd': '/home/unitree/106a_final/src/vision_node', 'env': {'LESSOPEN': '| /usr/bin/lesspipe %s', 'USER': 'unitree', 'SSH_CLIENT': '192.168.50.153 39758 22', 'XDG_SESSION_TYPE': 'tty', 'SHLVL': '1', 'LD_LIBRARY_PATH': '/home/unitree/106a_final/install/realsense2_camera/lib:/home/unitree/106a_final/install/realsense2_camera_msgs/lib:/usr/local/cuda-11.4/lib64:/usr/local/lib:/home/unitree/cyclonedds_ws/install/rmw_cyclonedds_cpp/lib:/home/unitree/cyclonedds_ws/install/cyclonedds/lib:/opt/ros/foxy/opt/yaml_cpp_vendor/lib:/opt/ros/foxy/opt/rviz_ogre_vendor/lib:/opt/ros/foxy/lib/aarch64-linux-gnu:/opt/ros/foxy/lib', 'MOTD_SHOWN': 'pam', 'HOME': '/home/unitree', 'CYCLONEDDS_URI': '/home/unitree/cyclonedds_ws/cyclonedds.xml', 'OLDPWD': '/home/unitree', 'SSH_TTY': '/dev/pts/11', 'ROS_PYTHON_VERSION': '3', 'DBUS_SESSION_BUS_ADDRESS': 'unix:path=/run/user/1000/bus', 'COLCON_PREFIX_PATH': '/home/unitree/106a_final/install:/home/unitree/cyclonedds_ws/install', 'ROS_DISTRO': 'foxy', 'LOGNAME': 'unitree', '_': '/usr/bin/colcon', 'ROS_VERSION': '2', 'PKG_CONFIG_PATH': '/home/unitree/cyclonedds_ws/install/cyclonedds/lib/aarch64-linux-gnu/pkgconfig:/home/unitree/cyclonedds_ws/install/cyclonedds/lib/pkgconfig', 'XDG_SESSION_CLASS': 'user', 'TERM': 'xterm-256color', 'XDG_SESSION_ID': '7', 'ROS_LOCALHOST_ONLY': '0', 'PATH': '/home/unitree/.local/bin:/usr/local/cuda-11.4/bin:/home/unitree/cyclonedds_ws/install/cyclonedds/bin:/opt/ros/foxy/bin:/usr/local/sbin:/usr/local/bin:/usr/sbin:/usr/bin:/sbin:/bin:/usr/games:/usr/local/games:/snap/bin', 'XDG_RUNTIME_DIR': '/run/user/1000', 'LANG': 'en_US.UTF-8', 'RMW_IMPLEMENTATION': 'rmw_cyclonedds_cpp', 'LS_COLORS': 'rs=0:di=01;34:ln=01;36:mh=00:pi=40;33:so=01;35:do=01;35:bd=40;33;01:cd=40;33;01:or=40;31;01:mi=00:su=37;41:sg=30;43:ca=30;41:tw=30;42:ow=34;42:st=37;44:ex=01;32:*.tar=01;31:*.tgz=01;31:*.arc=01;31:*.arj=01;31:*.taz=01;31:*.lha=01;31:*.lz4=01;31:*.lzh=01;31:*.lzma=01;31:*.tlz=01;31:*.txz=01;31:*.tzo=01;31:*.t7z=01;31:*.zip=01;31:*.z=01;31:*.dz=01;31:*.gz=01;31:*.lrz=01;31:*.lz=01;31:*.lzo=01;31:*.xz=01;31:*.zst=01;31:*.tzst=01;31:*.bz2=01;31:*.bz=01;31:*.tbz=01;31:*.tbz2=01;31:*.tz=01;31:*.deb=01;31:*.rpm=01;31:*.jar=01;31:*.war=01;31:*.ear=01;31:*.sar=01;31:*.rar=01;31:*.alz=01;31:*.ace=01;31:*.zoo=01;31:*.cpio=01;31:*.7z=01;31:*.rz=01;31:*.cab=01;31:*.wim=01;31:*.swm=01;31:*.dwm=01;31:*.esd=01;31:*.jpg=01;35:*.jpeg=01;35:*.mjpg=01;35:*.mjpeg=01;35:*.gif=01;35:*.bmp=01;35:*.pbm=01;35:*.pgm=01;35:*.ppm=01;35:*.tga=01;35:*.xbm=01;35:*.xpm=01;35:*.tif=01;35:*.tiff=01;35:*.png=01;35:*.svg=01;35:*.svgz=01;35:*.mng=01;35:*.pcx=01;35:*.mov=01;35:*.mpg=01;35:*.mpeg=01;35:*.m2v=01;35:*.mkv=01;35:*.webm=01;35:*.ogm=01;35:*.mp4=01;35:*.m4v=01;35:*.mp4v=01;35:*.vob=01;35:*.qt=01;35:*.nuv=01;35:*.wmv=01;35:*.asf=01;35:*.rm=01;35:*.rmvb=01;35:*.flc=01;35:*.avi=01;35:*.fli=01;35:*.flv=01;35:*.gl=01;35:*.dl=01;35:*.xcf=01;35:*.xwd=01;35:*.yuv=01;35:*.cgm=01;35:*.emf=01;35:*.ogv=01;35:*.ogx=01;35:*.aac=00;36:*.au=00;36:*.flac=00;36:*.m4a=00;36:*.mid=00;36:*.midi=00;36:*.mka=00;36:*.mp3=00;36:*.mpc=00;36:*.ogg=00;36:*.ra=00;36:*.wav=00;36:*.oga=00;36:*.opus=00;36:*.spx=00;36:*.xspf=00;36:', 'AMENT_PREFIX_PATH': '/home/unitree/106a_final/install/go2_bringup:/home/unitree/106a_final/install/vision_node:/home/unitree/106a_final/install/realsense2_description:/home/unitree/106a_final/install/realsense2_camera:/home/unitree/106a_final/install/realsense2_camera_msgs:/home/unitree/106a_final/install/navigation_return_node:/home/unitree/106a_final/install/navigation_node_two:/home/unitree/106a_final/install/navigation_node_three:/home/unitree/106a_final/install/navigation_node:/home/unitree/106a_final/install/navigatigation_node_three:/home/unitree/106a_final/install/base_driver:/home/unitree/106a_final/install/aruco_node:/home/unitree/106a_final/install/arm_driver:/home/unitree/106a_final/install/arm_control:/home/unitree/cyclonedds_ws/install/rmw_cyclonedds_cpp:/opt/ros/foxy', 'SHELL': '/bin/bash', 'LESSCLOSE': '/usr/bin/lesspipe %s %s', 'PWD': '/home/unitree/106a_final/build/vision_node', 'LC_ALL': 'en_US.UTF-8', 'SSH_CONNECTION': '192.168.50.153 39758 192.168.50.28 22', 'XDG_DATA_DIRS': '/usr/local/share:/usr/share:/var/lib/snapd/desktop', 'PYTHONPATH': '/home/unitree/106a_final/build/vision_node/prefix_override:/home/unitree/106a_final/install/vision_node/lib/python3.8/site-packages:/home/unitree/106a_final/install/go2_bringup/lib/python3.8/site-packages:/home/unitree/106a_final/install/vision_node/lib/python3.8/site-packages:/home/unitree/106a_final/install/realsense2_camera_msgs/lib/python3.8/site-packages:/home/unitree/106a_final/install/navigation_return_node/lib/python3.8/site-packages:/home/unitree/106a_final/install/navigation_node_two/lib/python3.8/site-packages:/home/unitree/106a_final/install/navigation_node_three/lib/python3.8/site-packages:/home/unitree/106a_final/install/navigation_node/lib/python3.8/site-packages:/home/unitree/106a_final/install/navigatigation_node_three/lib/python3.8/site-packages:/home/unitree/106a_final/install/aruco_node/lib/python3.8/site-packages:/home/unitree/106a_final/install/arm_control/lib/python3.8/site-packages:/opt/ros/foxy/lib/python3.8/site-packages', 'COLCON': '1', 'CMAKE_PREFIX_PATH': '/home/unitree/106a_final/install/realsense2_description:/home/unitree/106a_final/install/realsense2_camera:/home/unitree/106a_final/install/realsense2_camera_msgs:/home/unitree/106a_final/install/base_driver:/home/unitree/106a_final/install/arm_driver:/home/unitree/cyclonedds_ws/install/rmw_cyclonedds_cpp:/home/unitree/cyclonedds_ws/install/cyclonedds'}, 'shell': False}
[24.246769] (-) TimerEvent: {}
[24.347565] (-) TimerEvent: {}
[24.448581] (-) TimerEvent: {}
[24.549608] (-) TimerEvent: {}
[24.650653] (-) TimerEvent: {}
[24.751727] (-) TimerEvent: {}
[24.852746] (-) TimerEvent: {}
[24.953940] (-) TimerEvent: {}
[25.054998] (-) TimerEvent: {}
[25.131547] (navigation_return_node) StdoutLine: {'line': b'running egg_info\n'}
[25.134061] (navigation_return_node) StdoutLine: {'line': b'writing ../../build/navigation_return_node/navigation_return_node.egg-info/PKG-INFO\n'}
[25.134762] (navigation_return_node) StdoutLine: {'line': b'writing dependency_links to ../../build/navigation_return_node/navigation_return_node.egg-info/dependency_links.txt\n'}
[25.135460] (navigation_return_node) StdoutLine: {'line': b'writing entry points to ../../build/navigation_return_node/navigation_return_node.egg-info/entry_points.txt\n'}
[25.135908] (navigation_return_node) StdoutLine: {'line': b'writing requirements to ../../build/navigation_return_node/navigation_return_node.egg-info/requires.txt\n'}
[25.136238] (navigation_return_node) StdoutLine: {'line': b'writing top-level names to ../../build/navigation_return_node/navigation_return_node.egg-info/top_level.txt\n'}
[25.155200] (-) TimerEvent: {}
[25.243617] (navigation_return_node) StdoutLine: {'line': b"reading manifest file '../../build/navigation_return_node/navigation_return_node.egg-info/SOURCES.txt'\n"}
[25.248203] (navigation_return_node) StdoutLine: {'line': b"writing manifest file '../../build/navigation_return_node/navigation_return_node.egg-info/SOURCES.txt'\n"}
[25.249560] (navigation_return_node) StdoutLine: {'line': b'running build\n'}
[25.250205] (navigation_return_node) StdoutLine: {'line': b'running build_py\n'}
[25.251933] (navigation_return_node) StdoutLine: {'line': b'running install\n'}
[25.255327] (-) TimerEvent: {}
[25.257645] (navigation_return_node) StdoutLine: {'line': b'running install_lib\n'}
[25.262874] (navigation_return_node) StdoutLine: {'line': b'running install_data\n'}
[25.267802] (navigation_return_node) StdoutLine: {'line': b'running install_egg_info\n'}
[25.279328] (navigation_return_node) StdoutLine: {'line': b"removing '/home/unitree/106a_final/install/navigation_return_node/lib/python3.8/site-packages/navigation_return_node-0.0.0-py3.8.egg-info' (and everything under it)\n"}
[25.280763] (navigation_return_node) StdoutLine: {'line': b'Copying ../../build/navigation_return_node/navigation_return_node.egg-info to /home/unitree/106a_final/install/navigation_return_node/lib/python3.8/site-packages/navigation_return_node-0.0.0-py3.8.egg-info\n'}
[25.282541] (navigation_return_node) StdoutLine: {'line': b'running install_scripts\n'}
[25.355597] (-) TimerEvent: {}
[25.445775] (navigation_return_node) StdoutLine: {'line': b'Installing return_navigator script to /home/unitree/106a_final/install/navigation_return_node/lib/navigation_return_node\n'}
[25.446792] (navigation_return_node) StdoutLine: {'line': b"writing list of installed files to '/home/unitree/106a_final/build/navigation_return_node/install.log'\n"}
[25.455775] (-) TimerEvent: {}
[25.557107] (-) TimerEvent: {}
[25.630626] (navigation_node) Command: {'cmd': ['/usr/bin/python3', 'setup.py', 'egg_info', '--egg-base', '../../build/navigation_node', 'build', '--build-base', '/home/unitree/106a_final/build/navigation_node/build', 'install', '--record', '/home/unitree/106a_final/build/navigation_node/install.log', '--install-scripts', '$base/lib/navigation_node', '--single-version-externally-managed'], 'cwd': '/home/unitree/106a_final/src/navigation_node', 'env': {'LESSOPEN': '| /usr/bin/lesspipe %s', 'USER': 'unitree', 'SSH_CLIENT': '192.168.50.153 39758 22', 'XDG_SESSION_TYPE': 'tty', 'SHLVL': '1', 'LD_LIBRARY_PATH': '/home/unitree/106a_final/install/realsense2_camera/lib:/home/unitree/106a_final/install/realsense2_camera_msgs/lib:/usr/local/cuda-11.4/lib64:/usr/local/lib:/home/unitree/cyclonedds_ws/install/rmw_cyclonedds_cpp/lib:/home/unitree/cyclonedds_ws/install/cyclonedds/lib:/opt/ros/foxy/opt/yaml_cpp_vendor/lib:/opt/ros/foxy/opt/rviz_ogre_vendor/lib:/opt/ros/foxy/lib/aarch64-linux-gnu:/opt/ros/foxy/lib', 'MOTD_SHOWN': 'pam', 'HOME': '/home/unitree', 'CYCLONEDDS_URI': '/home/unitree/cyclonedds_ws/cyclonedds.xml', 'OLDPWD': '/home/unitree', 'SSH_TTY': '/dev/pts/11', 'ROS_PYTHON_VERSION': '3', 'DBUS_SESSION_BUS_ADDRESS': 'unix:path=/run/user/1000/bus', 'COLCON_PREFIX_PATH': '/home/unitree/106a_final/install:/home/unitree/cyclonedds_ws/install', 'ROS_DISTRO': 'foxy', 'LOGNAME': 'unitree', '_': '/usr/bin/colcon', 'ROS_VERSION': '2', 'PKG_CONFIG_PATH': '/home/unitree/cyclonedds_ws/install/cyclonedds/lib/aarch64-linux-gnu/pkgconfig:/home/unitree/cyclonedds_ws/install/cyclonedds/lib/pkgconfig', 'XDG_SESSION_CLASS': 'user', 'TERM': 'xterm-256color', 'XDG_SESSION_ID': '7', 'ROS_LOCALHOST_ONLY': '0', 'PATH': '/home/unitree/.local/bin:/usr/local/cuda-11.4/bin:/home/unitree/cyclonedds_ws/install/cyclonedds/bin:/opt/ros/foxy/bin:/usr/local/sbin:/usr/local/bin:/usr/sbin:/usr/bin:/sbin:/bin:/usr/games:/usr/local/games:/snap/bin', 'XDG_RUNTIME_DIR': '/run/user/1000', 'LANG': 'en_US.UTF-8', 'RMW_IMPLEMENTATION': 'rmw_cyclonedds_cpp', 'LS_COLORS': 'rs=0:di=01;34:ln=01;36:mh=00:pi=40;33:so=01;35:do=01;35:bd=40;33;01:cd=40;33;01:or=40;31;01:mi=00:su=37;41:sg=30;43:ca=30;41:tw=30;42:ow=34;42:st=37;44:ex=01;32:*.tar=01;31:*.tgz=01;31:*.arc=01;31:*.arj=01;31:*.taz=01;31:*.lha=01;31:*.lz4=01;31:*.lzh=01;31:*.lzma=01;31:*.tlz=01;31:*.txz=01;31:*.tzo=01;31:*.t7z=01;31:*.zip=01;31:*.z=01;31:*.dz=01;31:*.gz=01;31:*.lrz=01;31:*.lz=01;31:*.lzo=01;31:*.xz=01;31:*.zst=01;31:*.tzst=01;31:*.bz2=01;31:*.bz=01;31:*.tbz=01;31:*.tbz2=01;31:*.tz=01;31:*.deb=01;31:*.rpm=01;31:*.jar=01;31:*.war=01;31:*.ear=01;31:*.sar=01;31:*.rar=01;31:*.alz=01;31:*.ace=01;31:*.zoo=01;31:*.cpio=01;31:*.7z=01;31:*.rz=01;31:*.cab=01;31:*.wim=01;31:*.swm=01;31:*.dwm=01;31:*.esd=01;31:*.jpg=01;35:*.jpeg=01;35:*.mjpg=01;35:*.mjpeg=01;35:*.gif=01;35:*.bmp=01;35:*.pbm=01;35:*.pgm=01;35:*.ppm=01;35:*.tga=01;35:*.xbm=01;35:*.xpm=01;35:*.tif=01;35:*.tiff=01;35:*.png=01;35:*.svg=01;35:*.svgz=01;35:*.mng=01;35:*.pcx=01;35:*.mov=01;35:*.mpg=01;35:*.mpeg=01;35:*.m2v=01;35:*.mkv=01;35:*.webm=01;35:*.ogm=01;35:*.mp4=01;35:*.m4v=01;35:*.mp4v=01;35:*.vob=01;35:*.qt=01;35:*.nuv=01;35:*.wmv=01;35:*.asf=01;35:*.rm=01;35:*.rmvb=01;35:*.flc=01;35:*.avi=01;35:*.fli=01;35:*.flv=01;35:*.gl=01;35:*.dl=01;35:*.xcf=01;35:*.xwd=01;35:*.yuv=01;35:*.cgm=01;35:*.emf=01;35:*.ogv=01;35:*.ogx=01;35:*.aac=00;36:*.au=00;36:*.flac=00;36:*.m4a=00;36:*.mid=00;36:*.midi=00;36:*.mka=00;36:*.mp3=00;36:*.mpc=00;36:*.ogg=00;36:*.ra=00;36:*.wav=00;36:*.oga=00;36:*.opus=00;36:*.spx=00;36:*.xspf=00;36:', 'AMENT_PREFIX_PATH': '/home/unitree/106a_final/install/go2_bringup:/home/unitree/106a_final/install/vision_node:/home/unitree/106a_final/install/realsense2_description:/home/unitree/106a_final/install/realsense2_camera:/home/unitree/106a_final/install/realsense2_camera_msgs:/home/unitree/106a_final/install/navigation_return_node:/home/unitree/106a_final/install/navigation_node_two:/home/unitree/106a_final/install/navigation_node_three:/home/unitree/106a_final/install/navigation_node:/home/unitree/106a_final/install/navigatigation_node_three:/home/unitree/106a_final/install/base_driver:/home/unitree/106a_final/install/aruco_node:/home/unitree/106a_final/install/arm_driver:/home/unitree/106a_final/install/arm_control:/home/unitree/cyclonedds_ws/install/rmw_cyclonedds_cpp:/opt/ros/foxy', 'SHELL': '/bin/bash', 'LESSCLOSE': '/usr/bin/lesspipe %s %s', 'PWD': '/home/unitree/106a_final/build/navigation_node', 'LC_ALL': 'en_US.UTF-8', 'SSH_CONNECTION': '192.168.50.153 39758 192.168.50.28 22', 'XDG_DATA_DIRS': '/usr/local/share:/usr/share:/var/lib/snapd/desktop', 'PYTHONPATH': '/home/unitree/106a_final/build/navigation_node/prefix_override:/home/unitree/106a_final/install/navigation_node/lib/python3.8/site-packages:/home/unitree/106a_final/install/go2_bringup/lib/python3.8/site-packages:/home/unitree/106a_final/install/vision_node/lib/python3.8/site-packages:/home/unitree/106a_final/install/realsense2_camera_msgs/lib/python3.8/site-packages:/home/unitree/106a_final/install/navigation_return_node/lib/python3.8/site-packages:/home/unitree/106a_final/install/navigation_node_two/lib/python3.8/site-packages:/home/unitree/106a_final/install/navigation_node_three/lib/python3.8/site-packages:/home/unitree/106a_final/install/navigation_node/lib/python3.8/site-packages:/home/unitree/106a_final/install/navigatigation_node_three/lib/python3.8/site-packages:/home/unitree/106a_final/install/aruco_node/lib/python3.8/site-packages:/home/unitree/106a_final/install/arm_control/lib/python3.8/site-packages:/opt/ros/foxy/lib/python3.8/site-packages', 'COLCON': '1', 'CMAKE_PREFIX_PATH': '/home/unitree/106a_final/install/realsense2_description:/home/unitree/106a_final/install/realsense2_camera:/home/unitree/106a_final/install/realsense2_camera_msgs:/home/unitree/106a_final/install/base_driver:/home/unitree/106a_final/install/arm_driver:/home/unitree/cyclonedds_ws/install/rmw_cyclonedds_cpp:/home/unitree/cyclonedds_ws/install/cyclonedds'}, 'shell': False}
[25.657242] (-) TimerEvent: {}
[25.671141] (navigation_return_node) CommandEnded: {'returncode': 0}
[25.757731] (-) TimerEvent: {}
[25.859334] (-) TimerEvent: {}
[25.971244] (-) TimerEvent: {}
[26.007370] (vision_node) StdoutLine: {'line': b'running egg_info\n'}
[26.007923] (vision_node) StdoutLine: {'line': b'writing ../../build/vision_node/vision_node.egg-info/PKG-INFO\n'}
[26.008086] (vision_node) StdoutLine: {'line': b'writing dependency_links to ../../build/vision_node/vision_node.egg-info/dependency_links.txt\n'}
[26.008226] (vision_node) StdoutLine: {'line': b'writing entry points to ../../build/vision_node/vision_node.egg-info/entry_points.txt\n'}
[26.008354] (vision_node) StdoutLine: {'line': b'writing requirements to ../../build/vision_node/vision_node.egg-info/requires.txt\n'}
[26.008476] (vision_node) StdoutLine: {'line': b'writing top-level names to ../../build/vision_node/vision_node.egg-info/top_level.txt\n'}
[26.081596] (-) TimerEvent: {}
[26.182600] (-) TimerEvent: {}
[26.283909] (-) TimerEvent: {}
[26.286169] (vision_node) StdoutLine: {'line': b"reading manifest file '../../build/vision_node/vision_node.egg-info/SOURCES.txt'\n"}
[26.296552] (vision_node) StdoutLine: {'line': b"writing manifest file '../../build/vision_node/vision_node.egg-info/SOURCES.txt'\n"}
[26.297478] (vision_node) StdoutLine: {'line': b'running build\n'}
[26.297783] (vision_node) StdoutLine: {'line': b'running build_py\n'}
[26.297938] (vision_node) StdoutLine: {'line': b'running install\n'}
[26.307139] (vision_node) StdoutLine: {'line': b'running install_lib\n'}
[26.307599] (vision_node) StdoutLine: {'line': b'running install_data\n'}
[26.307759] (vision_node) StdoutLine: {'line': b'running install_egg_info\n'}
[26.330442] (vision_node) StdoutLine: {'line': b"removing '/home/unitree/106a_final/install/vision_node/lib/python3.8/site-packages/vision_node-0.0.0-py3.8.egg-info' (and everything under it)\n"}
[26.330901] (vision_node) StdoutLine: {'line': b'Copying ../../build/vision_node/vision_node.egg-info to /home/unitree/106a_final/install/vision_node/lib/python3.8/site-packages/vision_node-0.0.0-py3.8.egg-info\n'}
[26.342685] (vision_node) StdoutLine: {'line': b'running install_scripts\n'}
[26.382428] (navigation_return_node) JobEnded: {'identifier': 'navigation_return_node', 'rc': 0}
[26.384486] (-) TimerEvent: {}
[26.387443] (navigation_node_two) JobStarted: {'identifier': 'navigation_node_two'}
[26.445765] (vision_node) StdoutLine: {'line': b'Installing arm_aruco script to /home/unitree/106a_final/install/vision_node/lib/vision_node\n'}
[26.446311] (vision_node) StdoutLine: {'line': b'Installing pingpong_node script to /home/unitree/106a_final/install/vision_node/lib/vision_node\n'}
[26.446489] (vision_node) StdoutLine: {'line': b"writing list of installed files to '/home/unitree/106a_final/build/vision_node/install.log'\n"}
[26.516278] (-) TimerEvent: {}
[26.617510] (-) TimerEvent: {}
[26.718765] (-) TimerEvent: {}
[26.783305] (navigation_node) StdoutLine: {'line': b'running egg_info\n'}
[26.784763] (navigation_node) StdoutLine: {'line': b'writing ../../build/navigation_node/navigation_node.egg-info/PKG-INFO\n'}
[26.785449] (navigation_node) StdoutLine: {'line': b'writing dependency_links to ../../build/navigation_node/navigation_node.egg-info/dependency_links.txt\n'}
[26.795293] (navigation_node) StdoutLine: {'line': b'writing entry points to ../../build/navigation_node/navigation_node.egg-info/entry_points.txt\n'}
[26.795649] (navigation_node) StdoutLine: {'line': b'writing requirements to ../../build/navigation_node/navigation_node.egg-info/requires.txt\n'}
[26.795798] (navigation_node) StdoutLine: {'line': b'writing top-level names to ../../build/navigation_node/navigation_node.egg-info/top_level.txt\n'}
[26.819212] (-) TimerEvent: {}
[26.919836] (-) TimerEvent: {}
[26.933052] (navigation_node) StdoutLine: {'line': b"reading manifest file '../../build/navigation_node/navigation_node.egg-info/SOURCES.txt'\n"}
[26.935376] (navigation_node) StdoutLine: {'line': b"writing manifest file '../../build/navigation_node/navigation_node.egg-info/SOURCES.txt'\n"}
[26.936742] (navigation_node) StdoutLine: {'line': b'running build\n'}
[26.937005] (navigation_node) StdoutLine: {'line': b'running build_py\n'}
[26.937152] (navigation_node) StdoutLine: {'line': b'running install\n'}
[26.937935] (navigation_node) StdoutLine: {'line': b'running install_lib\n'}
[26.941473] (navigation_node) StdoutLine: {'line': b'running install_data\n'}
[26.942706] (navigation_node) StdoutLine: {'line': b'running install_egg_info\n'}
[26.947090] (navigation_node) StdoutLine: {'line': b"removing '/home/unitree/106a_final/install/navigation_node/lib/python3.8/site-packages/navigation_node-0.0.0-py3.8.egg-info' (and everything under it)\n"}
[26.947618] (navigation_node) StdoutLine: {'line': b'Copying ../../build/navigation_node/navigation_node.egg-info to /home/unitree/106a_final/install/navigation_node/lib/python3.8/site-packages/navigation_node-0.0.0-py3.8.egg-info\n'}
[26.949508] (navigation_node) StdoutLine: {'line': b'running install_scripts\n'}
[26.998818] (navigation_node) StdoutLine: {'line': b'Installing nav_node_go script to /home/unitree/106a_final/install/navigation_node/lib/navigation_node\n'}
[26.999308] (navigation_node) StdoutLine: {'line': b"writing list of installed files to '/home/unitree/106a_final/build/navigation_node/install.log'\n"}
[27.020124] (-) TimerEvent: {}
[27.121636] (-) TimerEvent: {}
[27.232969] (-) TimerEvent: {}
[27.334710] (-) TimerEvent: {}
[27.437698] (-) TimerEvent: {}
[27.499063] (vision_node) CommandEnded: {'returncode': 0}
[27.537904] (-) TimerEvent: {}
[27.639159] (-) TimerEvent: {}
[27.740436] (-) TimerEvent: {}
[27.842027] (-) TimerEvent: {}
[27.944094] (-) TimerEvent: {}
[27.946305] (vision_node) JobEnded: {'identifier': 'vision_node', 'rc': 0}
[27.948710] (navigation_node) CommandEnded: {'returncode': 0}
[28.044355] (-) TimerEvent: {}
[28.145643] (-) TimerEvent: {}
[28.246804] (-) TimerEvent: {}
[28.296339] (navigation_node) JobEnded: {'identifier': 'navigation_node', 'rc': 0}
[28.347186] (-) TimerEvent: {}
[28.448122] (-) TimerEvent: {}
[28.548938] (-) TimerEvent: {}
[28.649633] (-) TimerEvent: {}
[28.750366] (-) TimerEvent: {}
[28.851093] (-) TimerEvent: {}
[28.952207] (-) TimerEvent: {}
[29.053395] (-) TimerEvent: {}
[29.165688] (-) TimerEvent: {}
[29.266468] (-) TimerEvent: {}
[29.368116] (-) TimerEvent: {}
[29.479247] (-) TimerEvent: {}
[29.583694] (-) TimerEvent: {}
[29.687889] (-) TimerEvent: {}
[29.792755] (-) TimerEvent: {}
[29.898486] (-) TimerEvent: {}
[29.999356] (-) TimerEvent: {}
[30.100929] (-) TimerEvent: {}
[30.202198] (-) TimerEvent: {}
[30.305876] (-) TimerEvent: {}
[30.406999] (-) TimerEvent: {}
[30.509112] (-) TimerEvent: {}
[30.610339] (-) TimerEvent: {}
[30.711492] (-) TimerEvent: {}
[30.812708] (-) TimerEvent: {}
[30.913900] (-) TimerEvent: {}
[31.014926] (-) TimerEvent: {}
[31.116043] (-) TimerEvent: {}
[31.217104] (-) TimerEvent: {}
[31.319170] (-) TimerEvent: {}
[31.420236] (-) TimerEvent: {}
[31.521393] (-) TimerEvent: {}
[31.622505] (-) TimerEvent: {}
[31.723917] (-) TimerEvent: {}
[31.825024] (-) TimerEvent: {}
[31.926345] (-) TimerEvent: {}
[32.027168] (-) TimerEvent: {}
[32.128363] (-) TimerEvent: {}
[32.193621] (navigation_node_two) Command: {'cmd': ['/usr/bin/python3', 'setup.py', 'egg_info', '--egg-base', '../../build/navigation_node_two', 'build', '--build-base', '/home/unitree/106a_final/build/navigation_node_two/build', 'install', '--record', '/home/unitree/106a_final/build/navigation_node_two/install.log', '--install-scripts', '$base/lib/navigation_node_two', '--single-version-externally-managed'], 'cwd': '/home/unitree/106a_final/src/navigation_node_two', 'env': {'LESSOPEN': '| /usr/bin/lesspipe %s', 'USER': 'unitree', 'SSH_CLIENT': '192.168.50.153 39758 22', 'XDG_SESSION_TYPE': 'tty', 'SHLVL': '1', 'LD_LIBRARY_PATH': '/home/unitree/106a_final/install/realsense2_camera/lib:/home/unitree/106a_final/install/realsense2_camera_msgs/lib:/usr/local/cuda-11.4/lib64:/usr/local/lib:/home/unitree/cyclonedds_ws/install/rmw_cyclonedds_cpp/lib:/home/unitree/cyclonedds_ws/install/cyclonedds/lib:/opt/ros/foxy/opt/yaml_cpp_vendor/lib:/opt/ros/foxy/opt/rviz_ogre_vendor/lib:/opt/ros/foxy/lib/aarch64-linux-gnu:/opt/ros/foxy/lib', 'MOTD_SHOWN': 'pam', 'HOME': '/home/unitree', 'CYCLONEDDS_URI': '/home/unitree/cyclonedds_ws/cyclonedds.xml', 'OLDPWD': '/home/unitree', 'SSH_TTY': '/dev/pts/11', 'ROS_PYTHON_VERSION': '3', 'DBUS_SESSION_BUS_ADDRESS': 'unix:path=/run/user/1000/bus', 'COLCON_PREFIX_PATH': '/home/unitree/106a_final/install:/home/unitree/cyclonedds_ws/install', 'ROS_DISTRO': 'foxy', 'LOGNAME': 'unitree', '_': '/usr/bin/colcon', 'ROS_VERSION': '2', 'PKG_CONFIG_PATH': '/home/unitree/cyclonedds_ws/install/cyclonedds/lib/aarch64-linux-gnu/pkgconfig:/home/unitree/cyclonedds_ws/install/cyclonedds/lib/pkgconfig', 'XDG_SESSION_CLASS': 'user', 'TERM': 'xterm-256color', 'XDG_SESSION_ID': '7', 'ROS_LOCALHOST_ONLY': '0', 'PATH': '/home/unitree/.local/bin:/usr/local/cuda-11.4/bin:/home/unitree/cyclonedds_ws/install/cyclonedds/bin:/opt/ros/foxy/bin:/usr/local/sbin:/usr/local/bin:/usr/sbin:/usr/bin:/sbin:/bin:/usr/games:/usr/local/games:/snap/bin', 'XDG_RUNTIME_DIR': '/run/user/1000', 'LANG': 'en_US.UTF-8', 'RMW_IMPLEMENTATION': 'rmw_cyclonedds_cpp', 'LS_COLORS': 'rs=0:di=01;34:ln=01;36:mh=00:pi=40;33:so=01;35:do=01;35:bd=40;33;01:cd=40;33;01:or=40;31;01:mi=00:su=37;41:sg=30;43:ca=30;41:tw=30;42:ow=34;42:st=37;44:ex=01;32:*.tar=01;31:*.tgz=01;31:*.arc=01;31:*.arj=01;31:*.taz=01;31:*.lha=01;31:*.lz4=01;31:*.lzh=01;31:*.lzma=01;31:*.tlz=01;31:*.txz=01;31:*.tzo=01;31:*.t7z=01;31:*.zip=01;31:*.z=01;31:*.dz=01;31:*.gz=01;31:*.lrz=01;31:*.lz=01;31:*.lzo=01;31:*.xz=01;31:*.zst=01;31:*.tzst=01;31:*.bz2=01;31:*.bz=01;31:*.tbz=01;31:*.tbz2=01;31:*.tz=01;31:*.deb=01;31:*.rpm=01;31:*.jar=01;31:*.war=01;31:*.ear=01;31:*.sar=01;31:*.rar=01;31:*.alz=01;31:*.ace=01;31:*.zoo=01;31:*.cpio=01;31:*.7z=01;31:*.rz=01;31:*.cab=01;31:*.wim=01;31:*.swm=01;31:*.dwm=01;31:*.esd=01;31:*.jpg=01;35:*.jpeg=01;35:*.mjpg=01;35:*.mjpeg=01;35:*.gif=01;35:*.bmp=01;35:*.pbm=01;35:*.pgm=01;35:*.ppm=01;35:*.tga=01;35:*.xbm=01;35:*.xpm=01;35:*.tif=01;35:*.tiff=01;35:*.png=01;35:*.svg=01;35:*.svgz=01;35:*.mng=01;35:*.pcx=01;35:*.mov=01;35:*.mpg=01;35:*.mpeg=01;35:*.m2v=01;35:*.mkv=01;35:*.webm=01;35:*.ogm=01;35:*.mp4=01;35:*.m4v=01;35:*.mp4v=01;35:*.vob=01;35:*.qt=01;35:*.nuv=01;35:*.wmv=01;35:*.asf=01;35:*.rm=01;35:*.rmvb=01;35:*.flc=01;35:*.avi=01;35:*.fli=01;35:*.flv=01;35:*.gl=01;35:*.dl=01;35:*.xcf=01;35:*.xwd=01;35:*.yuv=01;35:*.cgm=01;35:*.emf=01;35:*.ogv=01;35:*.ogx=01;35:*.aac=00;36:*.au=00;36:*.flac=00;36:*.m4a=00;36:*.mid=00;36:*.midi=00;36:*.mka=00;36:*.mp3=00;36:*.mpc=00;36:*.ogg=00;36:*.ra=00;36:*.wav=00;36:*.oga=00;36:*.opus=00;36:*.spx=00;36:*.xspf=00;36:', 'AMENT_PREFIX_PATH': '/home/unitree/106a_final/install/go2_bringup:/home/unitree/106a_final/install/vision_node:/home/unitree/106a_final/install/realsense2_description:/home/unitree/106a_final/install/realsense2_camera:/home/unitree/106a_final/install/realsense2_camera_msgs:/home/unitree/106a_final/install/navigation_return_node:/home/unitree/106a_final/install/navigation_node_two:/home/unitree/106a_final/install/navigation_node_three:/home/unitree/106a_final/install/navigation_node:/home/unitree/106a_final/install/navigatigation_node_three:/home/unitree/106a_final/install/base_driver:/home/unitree/106a_final/install/aruco_node:/home/unitree/106a_final/install/arm_driver:/home/unitree/106a_final/install/arm_control:/home/unitree/cyclonedds_ws/install/rmw_cyclonedds_cpp:/opt/ros/foxy', 'SHELL': '/bin/bash', 'LESSCLOSE': '/usr/bin/lesspipe %s %s', 'PWD': '/home/unitree/106a_final/build/navigation_node_two', 'LC_ALL': 'en_US.UTF-8', 'SSH_CONNECTION': '192.168.50.153 39758 192.168.50.28 22', 'XDG_DATA_DIRS': '/usr/local/share:/usr/share:/var/lib/snapd/desktop', 'PYTHONPATH': '/home/unitree/106a_final/build/navigation_node_two/prefix_override:/home/unitree/106a_final/install/navigation_node_two/lib/python3.8/site-packages:/home/unitree/106a_final/install/go2_bringup/lib/python3.8/site-packages:/home/unitree/106a_final/install/vision_node/lib/python3.8/site-packages:/home/unitree/106a_final/install/realsense2_camera_msgs/lib/python3.8/site-packages:/home/unitree/106a_final/install/navigation_return_node/lib/python3.8/site-packages:/home/unitree/106a_final/install/navigation_node_two/lib/python3.8/site-packages:/home/unitree/106a_final/install/navigation_node_three/lib/python3.8/site-packages:/home/unitree/106a_final/install/navigation_node/lib/python3.8/site-packages:/home/unitree/106a_final/install/navigatigation_node_three/lib/python3.8/site-packages:/home/unitree/106a_final/install/aruco_node/lib/python3.8/site-packages:/home/unitree/106a_final/install/arm_control/lib/python3.8/site-packages:/opt/ros/foxy/lib/python3.8/site-packages', 'COLCON': '1', 'CMAKE_PREFIX_PATH': '/home/unitree/106a_final/install/realsense2_description:/home/unitree/106a_final/install/realsense2_camera:/home/unitree/106a_final/install/realsense2_camera_msgs:/home/unitree/106a_final/install/base_driver:/home/unitree/106a_final/install/arm_driver:/home/unitree/cyclonedds_ws/install/rmw_cyclonedds_cpp:/home/unitree/cyclonedds_ws/install/cyclonedds'}, 'shell': False}
[32.228584] (-) TimerEvent: {}
[32.329683] (-) TimerEvent: {}
[32.430721] (-) TimerEvent: {}
[32.531743] (-) TimerEvent: {}
[32.632798] (-) TimerEvent: {}
[32.733853] (-) TimerEvent: {}
[32.834839] (-) TimerEvent: {}
[32.935863] (-) TimerEvent: {}
[33.036907] (-) TimerEvent: {}
[33.078507] (navigation_node_two) StdoutLine: {'line': b'running egg_info\n'}
[33.080623] (navigation_node_two) StdoutLine: {'line': b'writing ../../build/navigation_node_two/navigation_node_two.egg-info/PKG-INFO\n'}
[33.081387] (navigation_node_two) StdoutLine: {'line': b'writing dependency_links to ../../build/navigation_node_two/navigation_node_two.egg-info/dependency_links.txt\n'}
[33.081810] (navigation_node_two) StdoutLine: {'line': b'writing entry points to ../../build/navigation_node_two/navigation_node_two.egg-info/entry_points.txt\n'}
[33.082147] (navigation_node_two) StdoutLine: {'line': b'writing requirements to ../../build/navigation_node_two/navigation_node_two.egg-info/requires.txt\n'}
[33.082449] (navigation_node_two) StdoutLine: {'line': b'writing top-level names to ../../build/navigation_node_two/navigation_node_two.egg-info/top_level.txt\n'}
[33.137047] (-) TimerEvent: {}
[33.226127] (navigation_node_two) StdoutLine: {'line': b"reading manifest file '../../build/navigation_node_two/navigation_node_two.egg-info/SOURCES.txt'\n"}
[33.230226] (navigation_node_two) StdoutLine: {'line': b"writing manifest file '../../build/navigation_node_two/navigation_node_two.egg-info/SOURCES.txt'\n"}
[33.230831] (navigation_node_two) StdoutLine: {'line': b'running build\n'}
[33.231002] (navigation_node_two) StdoutLine: {'line': b'running build_py\n'}
[33.231380] (navigation_node_two) StdoutLine: {'line': b'running install\n'}
[33.233433] (navigation_node_two) StdoutLine: {'line': b'running install_lib\n'}
[33.237186] (-) TimerEvent: {}
[33.238154] (navigation_node_two) StdoutLine: {'line': b'running install_data\n'}
[33.239062] (navigation_node_two) StdoutLine: {'line': b'running install_egg_info\n'}
[33.243263] (navigation_node_two) StdoutLine: {'line': b"removing '/home/unitree/106a_final/install/navigation_node_two/lib/python3.8/site-packages/navigation_node_two-0.0.0-py3.8.egg-info' (and everything under it)\n"}
[33.243957] (navigation_node_two) StdoutLine: {'line': b'Copying ../../build/navigation_node_two/navigation_node_two.egg-info to /home/unitree/106a_final/install/navigation_node_two/lib/python3.8/site-packages/navigation_node_two-0.0.0-py3.8.egg-info\n'}
[33.246121] (navigation_node_two) StdoutLine: {'line': b'running install_scripts\n'}
[33.337348] (-) TimerEvent: {}
[33.387103] (navigation_node_two) StdoutLine: {'line': b'Installing nav_to_bottle script to /home/unitree/106a_final/install/navigation_node_two/lib/navigation_node_two\n'}
[33.389824] (navigation_node_two) StdoutLine: {'line': b'Installing pose_bridge_node script to /home/unitree/106a_final/install/navigation_node_two/lib/navigation_node_two\n'}
[33.393052] (navigation_node_two) StdoutLine: {'line': b"writing list of installed files to '/home/unitree/106a_final/build/navigation_node_two/install.log'\n"}
[33.437515] (-) TimerEvent: {}
[33.538586] (-) TimerEvent: {}
[33.611307] (navigation_node_two) CommandEnded: {'returncode': 0}
[33.638935] (-) TimerEvent: {}
[33.743902] (-) TimerEvent: {}
[33.845046] (-) TimerEvent: {}
[33.946766] (-) TimerEvent: {}
[34.053058] (-) TimerEvent: {}
[34.156496] (-) TimerEvent: {}
[34.167612] (navigation_node_two) JobEnded: {'identifier': 'navigation_node_two', 'rc': 0}
[34.256717] (-) TimerEvent: {}
[34.358011] (-) TimerEvent: {}
[34.459205] (-) TimerEvent: {}
[34.560193] (-) TimerEvent: {}
[34.661297] (-) TimerEvent: {}
[34.761932] (-) TimerEvent: {}
[34.862624] (-) TimerEvent: {}
[34.963431] (-) TimerEvent: {}
[35.064145] (-) TimerEvent: {}
[35.164776] (-) TimerEvent: {}
[35.265424] (-) TimerEvent: {}
[35.366189] (-) TimerEvent: {}
[35.466898] (-) TimerEvent: {}
[35.567963] (-) TimerEvent: {}
[35.669062] (-) TimerEvent: {}
[35.770178] (-) TimerEvent: {}
[35.871476] (-) TimerEvent: {}
[35.972568] (-) TimerEvent: {}
[36.073647] (-) TimerEvent: {}
[36.174735] (-) TimerEvent: {}
[36.275753] (-) TimerEvent: {}
[36.378631] (-) TimerEvent: {}
[36.483281] (-) TimerEvent: {}
[36.584387] (-) TimerEvent: {}
[36.685444] (-) TimerEvent: {}
[36.786559] (-) TimerEvent: {}
[36.887331] (-) TimerEvent: {}
[36.988077] (-) TimerEvent: {}
[37.088841] (-) TimerEvent: {}
[37.189691] (-) TimerEvent: {}
[37.290537] (-) TimerEvent: {}
[37.391390] (-) TimerEvent: {}
[37.492226] (-) TimerEvent: {}
[37.593492] (-) TimerEvent: {}
[37.694798] (-) TimerEvent: {}
[37.795971] (-) TimerEvent: {}
[37.896702] (-) TimerEvent: {}
[37.997431] (-) TimerEvent: {}
[38.098473] (-) TimerEvent: {}
[38.199659] (-) TimerEvent: {}
[38.300774] (-) TimerEvent: {}
[38.401832] (-) TimerEvent: {}
[38.503066] (-) TimerEvent: {}
[38.604111] (-) TimerEvent: {}
[38.705195] (-) TimerEvent: {}
[38.806267] (-) TimerEvent: {}
[38.906929] (-) TimerEvent: {}
[39.007663] (-) TimerEvent: {}
[39.108414] (-) TimerEvent: {}
[39.209073] (-) TimerEvent: {}
[39.309789] (-) TimerEvent: {}
[39.410581] (-) TimerEvent: {}
[39.511851] (-) TimerEvent: {}
[39.612906] (-) TimerEvent: {}
[39.713735] (-) TimerEvent: {}
[39.814406] (-) TimerEvent: {}
[39.915123] (-) TimerEvent: {}
[40.016130] (-) TimerEvent: {}
[40.117195] (-) TimerEvent: {}
[40.218256] (-) TimerEvent: {}
[40.319081] (-) TimerEvent: {}
[40.419884] (-) TimerEvent: {}
[40.521052] (-) TimerEvent: {}
[40.621825] (-) TimerEvent: {}
[40.722708] (-) TimerEvent: {}
[40.823625] (-) TimerEvent: {}
[40.924959] (-) TimerEvent: {}
[41.026252] (-) TimerEvent: {}
[41.127062] (-) TimerEvent: {}
[41.228143] (-) TimerEvent: {}
[41.328819] (-) TimerEvent: {}
[41.429514] (-) TimerEvent: {}
[41.530756] (-) TimerEvent: {}
[41.632114] (-) TimerEvent: {}
[41.733248] (-) TimerEvent: {}
[41.834270] (-) TimerEvent: {}
[41.935315] (-) TimerEvent: {}
[42.036299] (-) TimerEvent: {}
[42.138214] (-) TimerEvent: {}
[42.239241] (-) TimerEvent: {}
[42.340026] (-) TimerEvent: {}
[42.440777] (-) TimerEvent: {}
[42.542016] (-) TimerEvent: {}
[42.643166] (-) TimerEvent: {}
[42.743851] (-) TimerEvent: {}
[42.844964] (-) TimerEvent: {}
[42.945886] (-) TimerEvent: {}
[43.046642] (-) TimerEvent: {}
[43.147625] (-) TimerEvent: {}
[43.248858] (-) TimerEvent: {}
[43.349794] (-) TimerEvent: {}
[43.451244] (-) TimerEvent: {}
[43.551981] (-) TimerEvent: {}
[43.552933] (base_driver) StdoutLine: {'line': b'[100%] \x1b[32m\x1b[1mLinking CXX executable base_driver\x1b[0m\n'}
[43.652163] (-) TimerEvent: {}
[43.752919] (-) TimerEvent: {}
[43.853750] (-) TimerEvent: {}
[43.954448] (-) TimerEvent: {}
[44.055153] (-) TimerEvent: {}
[44.157083] (-) TimerEvent: {}
[44.258213] (-) TimerEvent: {}
[44.359275] (-) TimerEvent: {}
[44.460325] (-) TimerEvent: {}
[44.561015] (-) TimerEvent: {}
[44.661704] (-) TimerEvent: {}
[44.762402] (-) TimerEvent: {}
[44.863432] (-) TimerEvent: {}
[44.973603] (-) TimerEvent: {}
[45.074936] (-) TimerEvent: {}
[45.177240] (-) TimerEvent: {}
[45.278487] (-) TimerEvent: {}
[45.379646] (-) TimerEvent: {}
[45.480732] (-) TimerEvent: {}
[45.581787] (-) TimerEvent: {}
[45.683177] (-) TimerEvent: {}
[45.704420] (base_driver) StdoutLine: {'line': b'[100%] Built target base_driver\n'}
[45.742994] (base_driver) CommandEnded: {'returncode': 0}
[45.745007] (base_driver) JobProgress: {'identifier': 'base_driver', 'progress': 'install'}
[45.745654] (base_driver) Command: {'cmd': ['/usr/bin/cmake', '--install', '/home/unitree/106a_final/build/base_driver'], 'cwd': '/home/unitree/106a_final/build/base_driver', 'env': OrderedDict([('LESSOPEN', '| /usr/bin/lesspipe %s'), ('USER', 'unitree'), ('SSH_CLIENT', '192.168.50.153 39758 22'), ('XDG_SESSION_TYPE', 'tty'), ('SHLVL', '1'), ('LD_LIBRARY_PATH', '/home/unitree/106a_final/install/realsense2_camera/lib:/home/unitree/106a_final/install/realsense2_camera_msgs/lib:/usr/local/cuda-11.4/lib64:/usr/local/lib:/home/unitree/cyclonedds_ws/install/rmw_cyclonedds_cpp/lib:/home/unitree/cyclonedds_ws/install/cyclonedds/lib:/opt/ros/foxy/opt/yaml_cpp_vendor/lib:/opt/ros/foxy/opt/rviz_ogre_vendor/lib:/opt/ros/foxy/lib/aarch64-linux-gnu:/opt/ros/foxy/lib'), ('MOTD_SHOWN', 'pam'), ('HOME', '/home/unitree'), ('CYCLONEDDS_URI', '/home/unitree/cyclonedds_ws/cyclonedds.xml'), ('OLDPWD', '/home/unitree'), ('SSH_TTY', '/dev/pts/11'), ('ROS_PYTHON_VERSION', '3'), ('DBUS_SESSION_BUS_ADDRESS', 'unix:path=/run/user/1000/bus'), ('COLCON_PREFIX_PATH', '/home/unitree/106a_final/install:/home/unitree/cyclonedds_ws/install'), ('ROS_DISTRO', 'foxy'), ('LOGNAME', 'unitree'), ('_', '/usr/bin/colcon'), ('ROS_VERSION', '2'), ('PKG_CONFIG_PATH', '/home/unitree/cyclonedds_ws/install/cyclonedds/lib/aarch64-linux-gnu/pkgconfig:/home/unitree/cyclonedds_ws/install/cyclonedds/lib/pkgconfig'), ('XDG_SESSION_CLASS', 'user'), ('TERM', 'xterm-256color'), ('XDG_SESSION_ID', '7'), ('ROS_LOCALHOST_ONLY', '0'), ('PATH', '/home/unitree/.local/bin:/usr/local/cuda-11.4/bin:/home/unitree/cyclonedds_ws/install/cyclonedds/bin:/opt/ros/foxy/bin:/usr/local/sbin:/usr/local/bin:/usr/sbin:/usr/bin:/sbin:/bin:/usr/games:/usr/local/games:/snap/bin'), ('XDG_RUNTIME_DIR', '/run/user/1000'), ('LANG', 'en_US.UTF-8'), ('RMW_IMPLEMENTATION', 'rmw_cyclonedds_cpp'), ('LS_COLORS', 'rs=0:di=01;34:ln=01;36:mh=00:pi=40;33:so=01;35:do=01;35:bd=40;33;01:cd=40;33;01:or=40;31;01:mi=00:su=37;41:sg=30;43:ca=30;41:tw=30;42:ow=34;42:st=37;44:ex=01;32:*.tar=01;31:*.tgz=01;31:*.arc=01;31:*.arj=01;31:*.taz=01;31:*.lha=01;31:*.lz4=01;31:*.lzh=01;31:*.lzma=01;31:*.tlz=01;31:*.txz=01;31:*.tzo=01;31:*.t7z=01;31:*.zip=01;31:*.z=01;31:*.dz=01;31:*.gz=01;31:*.lrz=01;31:*.lz=01;31:*.lzo=01;31:*.xz=01;31:*.zst=01;31:*.tzst=01;31:*.bz2=01;31:*.bz=01;31:*.tbz=01;31:*.tbz2=01;31:*.tz=01;31:*.deb=01;31:*.rpm=01;31:*.jar=01;31:*.war=01;31:*.ear=01;31:*.sar=01;31:*.rar=01;31:*.alz=01;31:*.ace=01;31:*.zoo=01;31:*.cpio=01;31:*.7z=01;31:*.rz=01;31:*.cab=01;31:*.wim=01;31:*.swm=01;31:*.dwm=01;31:*.esd=01;31:*.jpg=01;35:*.jpeg=01;35:*.mjpg=01;35:*.mjpeg=01;35:*.gif=01;35:*.bmp=01;35:*.pbm=01;35:*.pgm=01;35:*.ppm=01;35:*.tga=01;35:*.xbm=01;35:*.xpm=01;35:*.tif=01;35:*.tiff=01;35:*.png=01;35:*.svg=01;35:*.svgz=01;35:*.mng=01;35:*.pcx=01;35:*.mov=01;35:*.mpg=01;35:*.mpeg=01;35:*.m2v=01;35:*.mkv=01;35:*.webm=01;35:*.ogm=01;35:*.mp4=01;35:*.m4v=01;35:*.mp4v=01;35:*.vob=01;35:*.qt=01;35:*.nuv=01;35:*.wmv=01;35:*.asf=01;35:*.rm=01;35:*.rmvb=01;35:*.flc=01;35:*.avi=01;35:*.fli=01;35:*.flv=01;35:*.gl=01;35:*.dl=01;35:*.xcf=01;35:*.xwd=01;35:*.yuv=01;35:*.cgm=01;35:*.emf=01;35:*.ogv=01;35:*.ogx=01;35:*.aac=00;36:*.au=00;36:*.flac=00;36:*.m4a=00;36:*.mid=00;36:*.midi=00;36:*.mka=00;36:*.mp3=00;36:*.mpc=00;36:*.ogg=00;36:*.ra=00;36:*.wav=00;36:*.oga=00;36:*.opus=00;36:*.spx=00;36:*.xspf=00;36:'), ('AMENT_PREFIX_PATH', '/home/unitree/106a_final/install/go2_bringup:/home/unitree/106a_final/install/vision_node:/home/unitree/106a_final/install/realsense2_description:/home/unitree/106a_final/install/realsense2_camera:/home/unitree/106a_final/install/realsense2_camera_msgs:/home/unitree/106a_final/install/navigation_return_node:/home/unitree/106a_final/install/navigation_node_two:/home/unitree/106a_final/install/navigation_node_three:/home/unitree/106a_final/install/navigation_node:/home/unitree/106a_final/install/navigatigation_node_three:/home/unitree/106a_final/install/base_driver:/home/unitree/106a_final/install/aruco_node:/home/unitree/106a_final/install/arm_driver:/home/unitree/106a_final/install/arm_control:/home/unitree/cyclonedds_ws/install/rmw_cyclonedds_cpp:/opt/ros/foxy'), ('SHELL', '/bin/bash'), ('LESSCLOSE', '/usr/bin/lesspipe %s %s'), ('PWD', '/home/unitree/106a_final/build/base_driver'), ('LC_ALL', 'en_US.UTF-8'), ('SSH_CONNECTION', '192.168.50.153 39758 192.168.50.28 22'), ('XDG_DATA_DIRS', '/usr/local/share:/usr/share:/var/lib/snapd/desktop'), ('PYTHONPATH', '/home/unitree/106a_final/install/go2_bringup/lib/python3.8/site-packages:/home/unitree/106a_final/install/vision_node/lib/python3.8/site-packages:/home/unitree/106a_final/install/realsense2_camera_msgs/lib/python3.8/site-packages:/home/unitree/106a_final/install/navigation_return_node/lib/python3.8/site-packages:/home/unitree/106a_final/install/navigation_node_two/lib/python3.8/site-packages:/home/unitree/106a_final/install/navigation_node_three/lib/python3.8/site-packages:/home/unitree/106a_final/install/navigation_node/lib/python3.8/site-packages:/home/unitree/106a_final/install/navigatigation_node_three/lib/python3.8/site-packages:/home/unitree/106a_final/install/aruco_node/lib/python3.8/site-packages:/home/unitree/106a_final/install/arm_control/lib/python3.8/site-packages:/opt/ros/foxy/lib/python3.8/site-packages'), ('COLCON', '1'), ('CMAKE_PREFIX_PATH', '/home/unitree/106a_final/install/realsense2_description:/home/unitree/106a_final/install/realsense2_camera:/home/unitree/106a_final/install/realsense2_camera_msgs:/home/unitree/106a_final/install/base_driver:/home/unitree/106a_final/install/arm_driver:/home/unitree/cyclonedds_ws/install/rmw_cyclonedds_cpp:/home/unitree/cyclonedds_ws/install/cyclonedds:/home/unitree/106a_final/install/go2_bringup:/home/unitree/106a_final/install/vision_node:/home/unitree/106a_final/install/navigation_return_node:/home/unitree/106a_final/install/navigation_node_two:/home/unitree/106a_final/install/navigation_node_three:/home/unitree/106a_final/install/navigation_node:/home/unitree/106a_final/install/navigatigation_node_three:/home/unitree/106a_final/install/aruco_node:/home/unitree/106a_final/install/arm_control:/opt/ros/foxy')]), 'shell': False}
[45.783624] (-) TimerEvent: {}
[45.786361] (base_driver) StdoutLine: {'line': b'-- Install configuration: ""\n'}
[45.788557] (base_driver) StdoutLine: {'line': b'-- Installing: /home/unitree/106a_final/install/base_driver/lib/base_driver/base_driver\n'}
[45.802817] (base_driver) StdoutLine: {'line': b'-- Set runtime path of "/home/unitree/106a_final/install/base_driver/lib/base_driver/base_driver" to ""\n'}
[45.803393] (base_driver) StdoutLine: {'line': b'-- Installing: /home/unitree/106a_final/install/base_driver/lib/base_driver/libbase_wrapper.a\n'}
[45.803750] (base_driver) StdoutLine: {'line': b'-- Installing: /home/unitree/106a_final/install/base_driver/include\n'}
[45.803914] (base_driver) StdoutLine: {'line': b'-- Installing: /home/unitree/106a_final/install/base_driver/include/base_driver\n'}
[45.804129] (base_driver) StdoutLine: {'line': b'-- Up-to-date: /home/unitree/106a_final/install/base_driver/share/ament_index/resource_index/package_run_dependencies/base_driver\n'}
[45.804403] (base_driver) StdoutLine: {'line': b'-- Installing: /home/unitree/106a_final/install/base_driver/share/ament_index/resource_index/parent_prefix_path/base_driver\n'}
[45.804633] (base_driver) StdoutLine: {'line': b'-- Up-to-date: /home/unitree/106a_final/install/base_driver/share/base_driver/environment/ament_prefix_path.sh\n'}
[45.804861] (base_driver) StdoutLine: {'line': b'-- Installing: /home/unitree/106a_final/install/base_driver/share/base_driver/environment/ament_prefix_path.dsv\n'}
[45.805079] (base_driver) StdoutLine: {'line': b'-- Up-to-date: /home/unitree/106a_final/install/base_driver/share/base_driver/environment/path.sh\n'}
[45.805291] (base_driver) StdoutLine: {'line': b'-- Installing: /home/unitree/106a_final/install/base_driver/share/base_driver/environment/path.dsv\n'}
[45.805512] (base_driver) StdoutLine: {'line': b'-- Up-to-date: /home/unitree/106a_final/install/base_driver/share/base_driver/local_setup.bash\n'}
[45.805752] (base_driver) StdoutLine: {'line': b'-- Up-to-date: /home/unitree/106a_final/install/base_driver/share/base_driver/local_setup.sh\n'}
[45.805941] (base_driver) StdoutLine: {'line': b'-- Up-to-date: /home/unitree/106a_final/install/base_driver/share/base_driver/local_setup.zsh\n'}
[45.806116] (base_driver) StdoutLine: {'line': b'-- Installing: /home/unitree/106a_final/install/base_driver/share/base_driver/local_setup.dsv\n'}
[45.806241] (base_driver) StdoutLine: {'line': b'-- Installing: /home/unitree/106a_final/install/base_driver/share/base_driver/package.dsv\n'}
[45.806418] (base_driver) StdoutLine: {'line': b'-- Up-to-date: /home/unitree/106a_final/install/base_driver/share/ament_index/resource_index/packages/base_driver\n'}
[45.806729] (base_driver) StdoutLine: {'line': b'-- Up-to-date: /home/unitree/106a_final/install/base_driver/share/base_driver/cmake/base_driverConfig.cmake\n'}
[45.806857] (base_driver) StdoutLine: {'line': b'-- Up-to-date: /home/unitree/106a_final/install/base_driver/share/base_driver/cmake/base_driverConfig-version.cmake\n'}
[45.807044] (base_driver) StdoutLine: {'line': b'-- Up-to-date: /home/unitree/106a_final/install/base_driver/share/base_driver/package.xml\n'}
[45.824631] (base_driver) CommandEnded: {'returncode': 0}
[45.887809] (-) TimerEvent: {}
[45.988558] (-) TimerEvent: {}
[46.090254] (-) TimerEvent: {}
[46.191474] (-) TimerEvent: {}
[46.360802] (-) TimerEvent: {}
[46.462968] (-) TimerEvent: {}
[46.564133] (-) TimerEvent: {}
[46.666107] (-) TimerEvent: {}
[46.767171] (-) TimerEvent: {}
[46.867880] (-) TimerEvent: {}
[46.958357] (base_driver) JobEnded: {'identifier': 'base_driver', 'rc': 0}
[46.959919] (go2_bringup) JobStarted: {'identifier': 'go2_bringup'}
[46.968344] (-) TimerEvent: {}
[47.069218] (-) TimerEvent: {}
[47.173258] (-) TimerEvent: {}
[47.274503] (-) TimerEvent: {}
[47.376603] (-) TimerEvent: {}
[47.481411] (-) TimerEvent: {}
[47.583218] (-) TimerEvent: {}
[47.685361] (-) TimerEvent: {}
[47.786562] (-) TimerEvent: {}
[47.888296] (-) TimerEvent: {}
[47.989327] (-) TimerEvent: {}
[48.090357] (-) TimerEvent: {}
[48.191403] (-) TimerEvent: {}
[48.292079] (-) TimerEvent: {}
[48.392745] (-) TimerEvent: {}
[48.493648] (-) TimerEvent: {}
[48.594284] (-) TimerEvent: {}
[48.695078] (-) TimerEvent: {}
[48.796170] (-) TimerEvent: {}
[48.897409] (-) TimerEvent: {}
[48.998574] (-) TimerEvent: {}
[49.099660] (-) TimerEvent: {}
[49.201066] (-) TimerEvent: {}
[49.302233] (-) TimerEvent: {}
[49.403319] (-) TimerEvent: {}
[49.504418] (-) TimerEvent: {}
[49.605172] (-) TimerEvent: {}
[49.705845] (-) TimerEvent: {}
[49.806490] (-) TimerEvent: {}
[49.907534] (-) TimerEvent: {}
[50.008594] (-) TimerEvent: {}
[50.109878] (-) TimerEvent: {}
[50.210933] (-) TimerEvent: {}
[50.311923] (-) TimerEvent: {}
[50.412719] (-) TimerEvent: {}
[50.513353] (-) TimerEvent: {}
[50.614110] (-) TimerEvent: {}
[50.715279] (-) TimerEvent: {}
[50.810654] (go2_bringup) Command: {'cmd': ['/usr/bin/python3', 'setup.py', 'egg_info', '--egg-base', '../../build/go2_bringup', 'build', '--build-base', '/home/unitree/106a_final/build/go2_bringup/build', 'install', '--record', '/home/unitree/106a_final/build/go2_bringup/install.log', '--install-scripts', '$base/lib/go2_bringup', '--single-version-externally-managed'], 'cwd': '/home/unitree/106a_final/src/go2_bringup', 'env': {'LESSOPEN': '| /usr/bin/lesspipe %s', 'USER': 'unitree', 'SSH_CLIENT': '192.168.50.153 39758 22', 'XDG_SESSION_TYPE': 'tty', 'SHLVL': '1', 'LD_LIBRARY_PATH': '/home/unitree/106a_final/install/realsense2_camera/lib:/home/unitree/106a_final/install/realsense2_camera_msgs/lib:/usr/local/cuda-11.4/lib64:/usr/local/lib:/home/unitree/cyclonedds_ws/install/rmw_cyclonedds_cpp/lib:/home/unitree/cyclonedds_ws/install/cyclonedds/lib:/opt/ros/foxy/opt/yaml_cpp_vendor/lib:/opt/ros/foxy/opt/rviz_ogre_vendor/lib:/opt/ros/foxy/lib/aarch64-linux-gnu:/opt/ros/foxy/lib', 'MOTD_SHOWN': 'pam', 'HOME': '/home/unitree', 'CYCLONEDDS_URI': '/home/unitree/cyclonedds_ws/cyclonedds.xml', 'OLDPWD': '/home/unitree', 'SSH_TTY': '/dev/pts/11', 'ROS_PYTHON_VERSION': '3', 'DBUS_SESSION_BUS_ADDRESS': 'unix:path=/run/user/1000/bus', 'COLCON_PREFIX_PATH': '/home/unitree/106a_final/install:/home/unitree/cyclonedds_ws/install', 'ROS_DISTRO': 'foxy', 'LOGNAME': 'unitree', '_': '/usr/bin/colcon', 'ROS_VERSION': '2', 'PKG_CONFIG_PATH': '/home/unitree/cyclonedds_ws/install/cyclonedds/lib/aarch64-linux-gnu/pkgconfig:/home/unitree/cyclonedds_ws/install/cyclonedds/lib/pkgconfig', 'XDG_SESSION_CLASS': 'user', 'TERM': 'xterm-256color', 'XDG_SESSION_ID': '7', 'ROS_LOCALHOST_ONLY': '0', 'PATH': '/home/unitree/.local/bin:/usr/local/cuda-11.4/bin:/home/unitree/cyclonedds_ws/install/cyclonedds/bin:/opt/ros/foxy/bin:/usr/local/sbin:/usr/local/bin:/usr/sbin:/usr/bin:/sbin:/bin:/usr/games:/usr/local/games:/snap/bin', 'XDG_RUNTIME_DIR': '/run/user/1000', 'LANG': 'en_US.UTF-8', 'RMW_IMPLEMENTATION': 'rmw_cyclonedds_cpp', 'LS_COLORS': 'rs=0:di=01;34:ln=01;36:mh=00:pi=40;33:so=01;35:do=01;35:bd=40;33;01:cd=40;33;01:or=40;31;01:mi=00:su=37;41:sg=30;43:ca=30;41:tw=30;42:ow=34;42:st=37;44:ex=01;32:*.tar=01;31:*.tgz=01;31:*.arc=01;31:*.arj=01;31:*.taz=01;31:*.lha=01;31:*.lz4=01;31:*.lzh=01;31:*.lzma=01;31:*.tlz=01;31:*.txz=01;31:*.tzo=01;31:*.t7z=01;31:*.zip=01;31:*.z=01;31:*.dz=01;31:*.gz=01;31:*.lrz=01;31:*.lz=01;31:*.lzo=01;31:*.xz=01;31:*.zst=01;31:*.tzst=01;31:*.bz2=01;31:*.bz=01;31:*.tbz=01;31:*.tbz2=01;31:*.tz=01;31:*.deb=01;31:*.rpm=01;31:*.jar=01;31:*.war=01;31:*.ear=01;31:*.sar=01;31:*.rar=01;31:*.alz=01;31:*.ace=01;31:*.zoo=01;31:*.cpio=01;31:*.7z=01;31:*.rz=01;31:*.cab=01;31:*.wim=01;31:*.swm=01;31:*.dwm=01;31:*.esd=01;31:*.jpg=01;35:*.jpeg=01;35:*.mjpg=01;35:*.mjpeg=01;35:*.gif=01;35:*.bmp=01;35:*.pbm=01;35:*.pgm=01;35:*.ppm=01;35:*.tga=01;35:*.xbm=01;35:*.xpm=01;35:*.tif=01;35:*.tiff=01;35:*.png=01;35:*.svg=01;35:*.svgz=01;35:*.mng=01;35:*.pcx=01;35:*.mov=01;35:*.mpg=01;35:*.mpeg=01;35:*.m2v=01;35:*.mkv=01;35:*.webm=01;35:*.ogm=01;35:*.mp4=01;35:*.m4v=01;35:*.mp4v=01;35:*.vob=01;35:*.qt=01;35:*.nuv=01;35:*.wmv=01;35:*.asf=01;35:*.rm=01;35:*.rmvb=01;35:*.flc=01;35:*.avi=01;35:*.fli=01;35:*.flv=01;35:*.gl=01;35:*.dl=01;35:*.xcf=01;35:*.xwd=01;35:*.yuv=01;35:*.cgm=01;35:*.emf=01;35:*.ogv=01;35:*.ogx=01;35:*.aac=00;36:*.au=00;36:*.flac=00;36:*.m4a=00;36:*.mid=00;36:*.midi=00;36:*.mka=00;36:*.mp3=00;36:*.mpc=00;36:*.ogg=00;36:*.ra=00;36:*.wav=00;36:*.oga=00;36:*.opus=00;36:*.spx=00;36:*.xspf=00;36:', 'AMENT_PREFIX_PATH': '/home/unitree/106a_final/install/vision_node:/home/unitree/106a_final/install/navigation_return_node:/home/unitree/106a_final/install/navigation_node_three:/home/unitree/106a_final/install/aruco_node:/home/unitree/106a_final/install/arm_control:/home/unitree/106a_final/install/go2_bringup:/home/unitree/106a_final/install/realsense2_description:/home/unitree/106a_final/install/realsense2_camera:/home/unitree/106a_final/install/realsense2_camera_msgs:/home/unitree/106a_final/install/navigation_node_two:/home/unitree/106a_final/install/navigation_node:/home/unitree/106a_final/install/navigatigation_node_three:/home/unitree/106a_final/install/base_driver:/home/unitree/106a_final/install/arm_driver:/home/unitree/cyclonedds_ws/install/rmw_cyclonedds_cpp:/opt/ros/foxy', 'SHELL': '/bin/bash', 'LESSCLOSE': '/usr/bin/lesspipe %s %s', 'PWD': '/home/unitree/106a_final/build/go2_bringup', 'LC_ALL': 'en_US.UTF-8', 'SSH_CONNECTION': '192.168.50.153 39758 192.168.50.28 22', 'XDG_DATA_DIRS': '/usr/local/share:/usr/share:/var/lib/snapd/desktop', 'PYTHONPATH': '/home/unitree/106a_final/build/go2_bringup/prefix_override:/home/unitree/106a_final/install/go2_bringup/lib/python3.8/site-packages:/home/unitree/106a_final/install/vision_node/lib/python3.8/site-packages:/home/unitree/106a_final/install/navigation_return_node/lib/python3.8/site-packages:/home/unitree/106a_final/install/navigation_node_three/lib/python3.8/site-packages:/home/unitree/106a_final/install/aruco_node/lib/python3.8/site-packages:/home/unitree/106a_final/install/arm_control/lib/python3.8/site-packages:/home/unitree/106a_final/install/go2_bringup/lib/python3.8/site-packages:/home/unitree/106a_final/install/realsense2_camera_msgs/lib/python3.8/site-packages:/home/unitree/106a_final/install/navigation_node_two/lib/python3.8/site-packages:/home/unitree/106a_final/install/navigation_node/lib/python3.8/site-packages:/home/unitree/106a_final/install/navigatigation_node_three/lib/python3.8/site-packages:/opt/ros/foxy/lib/python3.8/site-packages', 'COLCON': '1', 'CMAKE_PREFIX_PATH': '/home/unitree/106a_final/install/base_driver:/home/unitree/106a_final/install/arm_driver:/home/unitree/106a_final/install/realsense2_description:/home/unitree/106a_final/install/realsense2_camera:/home/unitree/106a_final/install/realsense2_camera_msgs:/home/unitree/cyclonedds_ws/install/rmw_cyclonedds_cpp:/home/unitree/cyclonedds_ws/install/cyclonedds'}, 'shell': False}
[50.819422] (-) TimerEvent: {}
[50.922066] (-) TimerEvent: {}
[51.023224] (-) TimerEvent: {}
[51.123997] (-) TimerEvent: {}
[51.225073] (-) TimerEvent: {}
[51.325778] (-) TimerEvent: {}
[51.415258] (go2_bringup) StdoutLine: {'line': b'running egg_info\n'}
[51.417617] (go2_bringup) StdoutLine: {'line': b'writing ../../build/go2_bringup/go2_bringup.egg-info/PKG-INFO\n'}
[51.418699] (go2_bringup) StdoutLine: {'line': b'writing dependency_links to ../../build/go2_bringup/go2_bringup.egg-info/dependency_links.txt\n'}
[51.419273] (go2_bringup) StdoutLine: {'line': b'writing entry points to ../../build/go2_bringup/go2_bringup.egg-info/entry_points.txt\n'}
[51.419699] (go2_bringup) StdoutLine: {'line': b'writing requirements to ../../build/go2_bringup/go2_bringup.egg-info/requires.txt\n'}
[51.419973] (go2_bringup) StdoutLine: {'line': b'writing top-level names to ../../build/go2_bringup/go2_bringup.egg-info/top_level.txt\n'}
[51.426000] (-) TimerEvent: {}
[51.511312] (go2_bringup) StdoutLine: {'line': b"reading manifest file '../../build/go2_bringup/go2_bringup.egg-info/SOURCES.txt'\n"}
[51.513169] (go2_bringup) StdoutLine: {'line': b"writing manifest file '../../build/go2_bringup/go2_bringup.egg-info/SOURCES.txt'\n"}
[51.513881] (go2_bringup) StdoutLine: {'line': b'running build\n'}
[51.514107] (go2_bringup) StdoutLine: {'line': b'running build_py\n'}
[51.514997] (go2_bringup) StdoutLine: {'line': b'running install\n'}
[51.516607] (go2_bringup) StdoutLine: {'line': b'running install_lib\n'}
[51.520162] (go2_bringup) StdoutLine: {'line': b'running install_data\n'}
[51.521564] (go2_bringup) StdoutLine: {'line': b'running install_egg_info\n'}
[51.525977] (go2_bringup) StdoutLine: {'line': b"removing '/home/unitree/106a_final/install/go2_bringup/lib/python3.8/site-packages/go2_bringup-0.0.0-py3.8.egg-info' (and everything under it)\n"}
[51.526482] (-) TimerEvent: {}
[51.526952] (go2_bringup) StdoutLine: {'line': b'Copying ../../build/go2_bringup/go2_bringup.egg-info to /home/unitree/106a_final/install/go2_bringup/lib/python3.8/site-packages/go2_bringup-0.0.0-py3.8.egg-info\n'}
[51.529147] (go2_bringup) StdoutLine: {'line': b'running install_scripts\n'}
[51.576638] (go2_bringup) StdoutLine: {'line': b"writing list of installed files to '/home/unitree/106a_final/build/go2_bringup/install.log'\n"}
[51.626697] (-) TimerEvent: {}
[51.683775] (go2_bringup) CommandEnded: {'returncode': 0}
[51.726945] (-) TimerEvent: {}
[51.829365] (-) TimerEvent: {}
[51.930577] (-) TimerEvent: {}
[52.011061] (go2_bringup) JobEnded: {'identifier': 'go2_bringup', 'rc': 0}
[52.014684] (-) EventReactorShutdown: {}
