[0.000000] (-) TimerEvent: {}
[0.000491] (arm_control) JobQueued: {'identifier': 'arm_control', 'dependencies': OrderedDict()}
[0.000570] (arm_driver) JobQueued: {'identifier': 'arm_driver', 'dependencies': OrderedDict()}
[0.000617] (aruco_node) JobQueued: {'identifier': 'aruco_node', 'dependencies': OrderedDict()}
[0.000660] (base_driver) JobQueued: {'identifier': 'base_driver', 'dependencies': OrderedDict()}
[0.000698] (navigation_node) JobQueued: {'identifier': 'navigation_node', 'dependencies': OrderedDict()}
[0.000736] (navigation_node_three) JobQueued: {'identifier': 'navigation_node_three', 'dependencies': OrderedDict()}
[0.000773] (navigation_node_two) JobQueued: {'identifier': 'navigation_node_two', 'dependencies': OrderedDict()}
[0.000809] (navigation_return_node) JobQueued: {'identifier': 'navigation_return_node', 'dependencies': OrderedDict()}
[0.000845] (vision_node) JobQueued: {'identifier': 'vision_node', 'dependencies': OrderedDict()}
[0.000879] (go2_bringup) JobQueued: {'identifier': 'go2_bringup', 'dependencies': OrderedDict([('arm_control', '/home/unitree/106a_final/install/arm_control'), ('arm_driver', '/home/unitree/106a_final/install/arm_driver'), ('aruco_node', '/home/unitree/106a_final/install/aruco_node'), ('base_driver', '/home/unitree/106a_final/install/base_driver'), ('navigation_node_three', '/home/unitree/106a_final/install/navigation_node_three'), ('navigation_return_node', '/home/unitree/106a_final/install/navigation_return_node'), ('vision_node', '/home/unitree/106a_final/install/vision_node')])}
[0.000954] (arm_control) JobStarted: {'identifier': 'arm_control'}
[0.080987] (-) TimerEvent: {}
[0.181777] (-) TimerEvent: {}
[0.282724] (-) TimerEvent: {}
[0.383614] (-) TimerEvent: {}
[0.484358] (-) TimerEvent: {}
[0.585160] (-) TimerEvent: {}
[0.686189] (-) TimerEvent: {}
[0.787949] (arm_driver) JobStarted: {'identifier': 'arm_driver'}
[0.789614] (-) TimerEvent: {}
[0.890731] (-) TimerEvent: {}
[0.991599] (-) TimerEvent: {}
[1.093860] (-) TimerEvent: {}
[1.196109] (-) TimerEvent: {}
[1.297063] (-) TimerEvent: {}
[1.398017] (-) TimerEvent: {}
[1.499787] (-) TimerEvent: {}
[1.601701] (-) TimerEvent: {}
[1.638270] (aruco_node) JobStarted: {'identifier': 'aruco_node'}
[1.702159] (-) TimerEvent: {}
[1.808581] (-) TimerEvent: {}
[1.909385] (-) TimerEvent: {}
[2.012394] (-) TimerEvent: {}
[2.116072] (-) TimerEvent: {}
[2.216731] (-) TimerEvent: {}
[2.317568] (-) TimerEvent: {}
[2.420047] (-) TimerEvent: {}
[2.522246] (-) TimerEvent: {}
[2.623680] (-) TimerEvent: {}
[2.724473] (-) TimerEvent: {}
[2.825185] (-) TimerEvent: {}
[2.926684] (-) TimerEvent: {}
[2.944301] (base_driver) JobStarted: {'identifier': 'base_driver'}
[3.027621] (-) TimerEvent: {}
[3.128677] (-) TimerEvent: {}
[3.229722] (-) TimerEvent: {}
[3.333625] (-) TimerEvent: {}
[3.435103] (-) TimerEvent: {}
[3.535733] (-) TimerEvent: {}
[3.636450] (-) TimerEvent: {}
[3.738460] (-) TimerEvent: {}
[3.839336] (-) TimerEvent: {}
[3.940037] (-) TimerEvent: {}
[4.040778] (-) TimerEvent: {}
[4.141526] (-) TimerEvent: {}
[4.242262] (-) TimerEvent: {}
[4.343777] (-) TimerEvent: {}
[4.472027] (-) TimerEvent: {}
[4.576039] (-) TimerEvent: {}
[4.677275] (-) TimerEvent: {}
[4.778562] (-) TimerEvent: {}
[4.879735] (-) TimerEvent: {}
[4.981511] (-) TimerEvent: {}
[5.087058] (-) TimerEvent: {}
[5.151946] (arm_driver) JobProgress: {'identifier': 'arm_driver', 'progress': 'cmake'}
[5.155613] (arm_driver) JobProgress: {'identifier': 'arm_driver', 'progress': 'build'}
[5.160078] (arm_driver) Command: {'cmd': ['/usr/bin/cmake', '--build', '/home/unitree/106a_final/build/arm_driver', '--', '-j4', '-l4'], 'cwd': '/home/unitree/106a_final/build/arm_driver', 'env': OrderedDict([('LESSOPEN', '| /usr/bin/lesspipe %s'), ('USER', 'unitree'), ('SSH_CLIENT', '192.168.50.153 33250 22'), ('XDG_SESSION_TYPE', 'tty'), ('SHLVL', '1'), ('LD_LIBRARY_PATH', '/home/unitree/106a_final/install/realsense2_camera/lib:/home/unitree/106a_final/install/realsense2_camera_msgs/lib:/usr/local/cuda-11.4/lib64:/usr/local/lib:/home/unitree/cyclonedds_ws/install/rmw_cyclonedds_cpp/lib:/home/unitree/cyclonedds_ws/install/cyclonedds/lib:/opt/ros/foxy/opt/yaml_cpp_vendor/lib:/opt/ros/foxy/opt/rviz_ogre_vendor/lib:/opt/ros/foxy/lib/aarch64-linux-gnu:/opt/ros/foxy/lib'), ('MOTD_SHOWN', 'pam'), ('HOME', '/home/unitree'), ('CYCLONEDDS_URI', '/home/unitree/cyclonedds_ws/cyclonedds.xml'), ('OLDPWD', '/home/unitree'), ('SSH_TTY', '/dev/pts/8'), ('ROS_PYTHON_VERSION', '3'), ('DBUS_SESSION_BUS_ADDRESS', 'unix:path=/run/user/1000/bus'), ('COLCON_PREFIX_PATH', '/home/unitree/106a_final/install:/home/unitree/cyclonedds_ws/install'), ('ROS_DISTRO', 'foxy'), ('LOGNAME', 'unitree'), ('_', '/usr/bin/colcon'), ('ROS_VERSION', '2'), ('PKG_CONFIG_PATH', '/home/unitree/cyclonedds_ws/install/cyclonedds/lib/aarch64-linux-gnu/pkgconfig:/home/unitree/cyclonedds_ws/install/cyclonedds/lib/pkgconfig'), ('XDG_SESSION_CLASS', 'user'), ('TERM', 'xterm-256color'), ('XDG_SESSION_ID', '13'), ('ROS_LOCALHOST_ONLY', '0'), ('PATH', '/home/unitree/.local/bin:/usr/local/cuda-11.4/bin:/home/unitree/cyclonedds_ws/install/cyclonedds/bin:/opt/ros/foxy/bin:/usr/local/sbin:/usr/local/bin:/usr/sbin:/usr/bin:/sbin:/bin:/usr/games:/usr/local/games:/snap/bin'), ('XDG_RUNTIME_DIR', '/run/user/1000'), ('LANG', 'en_US.UTF-8'), ('RMW_IMPLEMENTATION', 'rmw_cyclonedds_cpp'), ('LS_COLORS', 'rs=0:di=01;34:ln=01;36:mh=00:pi=40;33:so=01;35:do=01;35:bd=40;33;01:cd=40;33;01:or=40;31;01:mi=00:su=37;41:sg=30;43:ca=30;41:tw=30;42:ow=34;42:st=37;44:ex=01;32:*.tar=01;31:*.tgz=01;31:*.arc=01;31:*.arj=01;31:*.taz=01;31:*.lha=01;31:*.lz4=01;31:*.lzh=01;31:*.lzma=01;31:*.tlz=01;31:*.txz=01;31:*.tzo=01;31:*.t7z=01;31:*.zip=01;31:*.z=01;31:*.dz=01;31:*.gz=01;31:*.lrz=01;31:*.lz=01;31:*.lzo=01;31:*.xz=01;31:*.zst=01;31:*.tzst=01;31:*.bz2=01;31:*.bz=01;31:*.tbz=01;31:*.tbz2=01;31:*.tz=01;31:*.deb=01;31:*.rpm=01;31:*.jar=01;31:*.war=01;31:*.ear=01;31:*.sar=01;31:*.rar=01;31:*.alz=01;31:*.ace=01;31:*.zoo=01;31:*.cpio=01;31:*.7z=01;31:*.rz=01;31:*.cab=01;31:*.wim=01;31:*.swm=01;31:*.dwm=01;31:*.esd=01;31:*.jpg=01;35:*.jpeg=01;35:*.mjpg=01;35:*.mjpeg=01;35:*.gif=01;35:*.bmp=01;35:*.pbm=01;35:*.pgm=01;35:*.ppm=01;35:*.tga=01;35:*.xbm=01;35:*.xpm=01;35:*.tif=01;35:*.tiff=01;35:*.png=01;35:*.svg=01;35:*.svgz=01;35:*.mng=01;35:*.pcx=01;35:*.mov=01;35:*.mpg=01;35:*.mpeg=01;35:*.m2v=01;35:*.mkv=01;35:*.webm=01;35:*.ogm=01;35:*.mp4=01;35:*.m4v=01;35:*.mp4v=01;35:*.vob=01;35:*.qt=01;35:*.nuv=01;35:*.wmv=01;35:*.asf=01;35:*.rm=01;35:*.rmvb=01;35:*.flc=01;35:*.avi=01;35:*.fli=01;35:*.flv=01;35:*.gl=01;35:*.dl=01;35:*.xcf=01;35:*.xwd=01;35:*.yuv=01;35:*.cgm=01;35:*.emf=01;35:*.ogv=01;35:*.ogx=01;35:*.aac=00;36:*.au=00;36:*.flac=00;36:*.m4a=00;36:*.mid=00;36:*.midi=00;36:*.mka=00;36:*.mp3=00;36:*.mpc=00;36:*.ogg=00;36:*.ra=00;36:*.wav=00;36:*.oga=00;36:*.opus=00;36:*.spx=00;36:*.xspf=00;36:'), ('AMENT_PREFIX_PATH', '/home/unitree/106a_final/install/go2_bringup:/home/unitree/106a_final/install/vision_node:/home/unitree/106a_final/install/realsense2_description:/home/unitree/106a_final/install/realsense2_camera:/home/unitree/106a_final/install/realsense2_camera_msgs:/home/unitree/106a_final/install/navigation_return_node:/home/unitree/106a_final/install/navigation_node_two:/home/unitree/106a_final/install/navigation_node_three:/home/unitree/106a_final/install/navigation_node:/home/unitree/106a_final/install/navigatigation_node_three:/home/unitree/106a_final/install/base_driver:/home/unitree/106a_final/install/aruco_node:/home/unitree/106a_final/install/arm_driver:/home/unitree/106a_final/install/arm_control:/home/unitree/cyclonedds_ws/install/rmw_cyclonedds_cpp:/opt/ros/foxy'), ('SHELL', '/bin/bash'), ('LESSCLOSE', '/usr/bin/lesspipe %s %s'), ('PWD', '/home/unitree/106a_final/build/arm_driver'), ('LC_ALL', 'en_US.UTF-8'), ('SSH_CONNECTION', '192.168.50.153 33250 192.168.50.28 22'), ('XDG_DATA_DIRS', '/usr/local/share:/usr/share:/var/lib/snapd/desktop'), ('PYTHONPATH', '/home/unitree/106a_final/install/go2_bringup/lib/python3.8/site-packages:/home/unitree/106a_final/install/vision_node/lib/python3.8/site-packages:/home/unitree/106a_final/install/realsense2_camera_msgs/lib/python3.8/site-packages:/home/unitree/106a_final/install/navigation_return_node/lib/python3.8/site-packages:/home/unitree/106a_final/install/navigation_node_two/lib/python3.8/site-packages:/home/unitree/106a_final/install/navigation_node_three/lib/python3.8/site-packages:/home/unitree/106a_final/install/navigation_node/lib/python3.8/site-packages:/home/unitree/106a_final/install/navigatigation_node_three/lib/python3.8/site-packages:/home/unitree/106a_final/install/aruco_node/lib/python3.8/site-packages:/home/unitree/106a_final/install/arm_control/lib/python3.8/site-packages:/opt/ros/foxy/lib/python3.8/site-packages'), ('COLCON', '1'), ('CMAKE_PREFIX_PATH', '/home/unitree/106a_final/install/realsense2_description:/home/unitree/106a_final/install/realsense2_camera:/home/unitree/106a_final/install/realsense2_camera_msgs:/home/unitree/106a_final/install/base_driver:/home/unitree/106a_final/install/arm_driver:/home/unitree/cyclonedds_ws/install/rmw_cyclonedds_cpp:/home/unitree/cyclonedds_ws/install/cyclonedds:/home/unitree/106a_final/install/go2_bringup:/home/unitree/106a_final/install/vision_node:/home/unitree/106a_final/install/navigation_return_node:/home/unitree/106a_final/install/navigation_node_two:/home/unitree/106a_final/install/navigation_node_three:/home/unitree/106a_final/install/navigation_node:/home/unitree/106a_final/install/navigatigation_node_three:/home/unitree/106a_final/install/aruco_node:/home/unitree/106a_final/install/arm_control:/opt/ros/foxy')]), 'shell': False}
[5.187338] (-) TimerEvent: {}
[5.288518] (-) TimerEvent: {}
[5.389443] (-) TimerEvent: {}
[5.490139] (-) TimerEvent: {}
[5.590835] (-) TimerEvent: {}
[5.691632] (-) TimerEvent: {}
[5.792439] (-) TimerEvent: {}
[5.900083] (-) TimerEvent: {}
[6.000858] (-) TimerEvent: {}
[6.101726] (-) TimerEvent: {}
[6.203752] (-) TimerEvent: {}
[6.305546] (-) TimerEvent: {}
[6.406538] (-) TimerEvent: {}
[6.507926] (-) TimerEvent: {}
[6.609907] (-) TimerEvent: {}
[6.711070] (-) TimerEvent: {}
[6.812371] (-) TimerEvent: {}
[6.832551] (arm_driver) StdoutLine: {'line': b'[ 66%] Built target d1_wrapper\n'}
[6.833423] (arm_driver) StdoutLine: {'line': b'[100%] Built target servo_driver\n'}
[6.848167] (base_driver) JobProgress: {'identifier': 'base_driver', 'progress': 'cmake'}
[6.848587] (base_driver) JobProgress: {'identifier': 'base_driver', 'progress': 'build'}
[6.848700] (base_driver) Command: {'cmd': ['/usr/bin/cmake', '--build', '/home/unitree/106a_final/build/base_driver', '--', '-j4', '-l4'], 'cwd': '/home/unitree/106a_final/build/base_driver', 'env': OrderedDict([('LESSOPEN', '| /usr/bin/lesspipe %s'), ('USER', 'unitree'), ('SSH_CLIENT', '192.168.50.153 33250 22'), ('XDG_SESSION_TYPE', 'tty'), ('SHLVL', '1'), ('LD_LIBRARY_PATH', '/home/unitree/106a_final/install/realsense2_camera/lib:/home/unitree/106a_final/install/realsense2_camera_msgs/lib:/usr/local/cuda-11.4/lib64:/usr/local/lib:/home/unitree/cyclonedds_ws/install/rmw_cyclonedds_cpp/lib:/home/unitree/cyclonedds_ws/install/cyclonedds/lib:/opt/ros/foxy/opt/yaml_cpp_vendor/lib:/opt/ros/foxy/opt/rviz_ogre_vendor/lib:/opt/ros/foxy/lib/aarch64-linux-gnu:/opt/ros/foxy/lib'), ('MOTD_SHOWN', 'pam'), ('HOME', '/home/unitree'), ('CYCLONEDDS_URI', '/home/unitree/cyclonedds_ws/cyclonedds.xml'), ('OLDPWD', '/home/unitree'), ('SSH_TTY', '/dev/pts/8'), ('ROS_PYTHON_VERSION', '3'), ('DBUS_SESSION_BUS_ADDRESS', 'unix:path=/run/user/1000/bus'), ('COLCON_PREFIX_PATH', '/home/unitree/106a_final/install:/home/unitree/cyclonedds_ws/install'), ('ROS_DISTRO', 'foxy'), ('LOGNAME', 'unitree'), ('_', '/usr/bin/colcon'), ('ROS_VERSION', '2'), ('PKG_CONFIG_PATH', '/home/unitree/cyclonedds_ws/install/cyclonedds/lib/aarch64-linux-gnu/pkgconfig:/home/unitree/cyclonedds_ws/install/cyclonedds/lib/pkgconfig'), ('XDG_SESSION_CLASS', 'user'), ('TERM', 'xterm-256color'), ('XDG_SESSION_ID', '13'), ('ROS_LOCALHOST_ONLY', '0'), ('PATH', '/home/unitree/.local/bin:/usr/local/cuda-11.4/bin:/home/unitree/cyclonedds_ws/install/cyclonedds/bin:/opt/ros/foxy/bin:/usr/local/sbin:/usr/local/bin:/usr/sbin:/usr/bin:/sbin:/bin:/usr/games:/usr/local/games:/snap/bin'), ('XDG_RUNTIME_DIR', '/run/user/1000'), ('LANG', 'en_US.UTF-8'), ('RMW_IMPLEMENTATION', 'rmw_cyclonedds_cpp'), ('LS_COLORS', 'rs=0:di=01;34:ln=01;36:mh=00:pi=40;33:so=01;35:do=01;35:bd=40;33;01:cd=40;33;01:or=40;31;01:mi=00:su=37;41:sg=30;43:ca=30;41:tw=30;42:ow=34;42:st=37;44:ex=01;32:*.tar=01;31:*.tgz=01;31:*.arc=01;31:*.arj=01;31:*.taz=01;31:*.lha=01;31:*.lz4=01;31:*.lzh=01;31:*.lzma=01;31:*.tlz=01;31:*.txz=01;31:*.tzo=01;31:*.t7z=01;31:*.zip=01;31:*.z=01;31:*.dz=01;31:*.gz=01;31:*.lrz=01;31:*.lz=01;31:*.lzo=01;31:*.xz=01;31:*.zst=01;31:*.tzst=01;31:*.bz2=01;31:*.bz=01;31:*.tbz=01;31:*.tbz2=01;31:*.tz=01;31:*.deb=01;31:*.rpm=01;31:*.jar=01;31:*.war=01;31:*.ear=01;31:*.sar=01;31:*.rar=01;31:*.alz=01;31:*.ace=01;31:*.zoo=01;31:*.cpio=01;31:*.7z=01;31:*.rz=01;31:*.cab=01;31:*.wim=01;31:*.swm=01;31:*.dwm=01;31:*.esd=01;31:*.jpg=01;35:*.jpeg=01;35:*.mjpg=01;35:*.mjpeg=01;35:*.gif=01;35:*.bmp=01;35:*.pbm=01;35:*.pgm=01;35:*.ppm=01;35:*.tga=01;35:*.xbm=01;35:*.xpm=01;35:*.tif=01;35:*.tiff=01;35:*.png=01;35:*.svg=01;35:*.svgz=01;35:*.mng=01;35:*.pcx=01;35:*.mov=01;35:*.mpg=01;35:*.mpeg=01;35:*.m2v=01;35:*.mkv=01;35:*.webm=01;35:*.ogm=01;35:*.mp4=01;35:*.m4v=01;35:*.mp4v=01;35:*.vob=01;35:*.qt=01;35:*.nuv=01;35:*.wmv=01;35:*.asf=01;35:*.rm=01;35:*.rmvb=01;35:*.flc=01;35:*.avi=01;35:*.fli=01;35:*.flv=01;35:*.gl=01;35:*.dl=01;35:*.xcf=01;35:*.xwd=01;35:*.yuv=01;35:*.cgm=01;35:*.emf=01;35:*.ogv=01;35:*.ogx=01;35:*.aac=00;36:*.au=00;36:*.flac=00;36:*.m4a=00;36:*.mid=00;36:*.midi=00;36:*.mka=00;36:*.mp3=00;36:*.mpc=00;36:*.ogg=00;36:*.ra=00;36:*.wav=00;36:*.oga=00;36:*.opus=00;36:*.spx=00;36:*.xspf=00;36:'), ('AMENT_PREFIX_PATH', '/home/unitree/106a_final/install/go2_bringup:/home/unitree/106a_final/install/vision_node:/home/unitree/106a_final/install/realsense2_description:/home/unitree/106a_final/install/realsense2_camera:/home/unitree/106a_final/install/realsense2_camera_msgs:/home/unitree/106a_final/install/navigation_return_node:/home/unitree/106a_final/install/navigation_node_two:/home/unitree/106a_final/install/navigation_node_three:/home/unitree/106a_final/install/navigation_node:/home/unitree/106a_final/install/navigatigation_node_three:/home/unitree/106a_final/install/base_driver:/home/unitree/106a_final/install/aruco_node:/home/unitree/106a_final/install/arm_driver:/home/unitree/106a_final/install/arm_control:/home/unitree/cyclonedds_ws/install/rmw_cyclonedds_cpp:/opt/ros/foxy'), ('SHELL', '/bin/bash'), ('LESSCLOSE', '/usr/bin/lesspipe %s %s'), ('PWD', '/home/unitree/106a_final/build/base_driver'), ('LC_ALL', 'en_US.UTF-8'), ('SSH_CONNECTION', '192.168.50.153 33250 192.168.50.28 22'), ('XDG_DATA_DIRS', '/usr/local/share:/usr/share:/var/lib/snapd/desktop'), ('PYTHONPATH', '/home/unitree/106a_final/install/go2_bringup/lib/python3.8/site-packages:/home/unitree/106a_final/install/vision_node/lib/python3.8/site-packages:/home/unitree/106a_final/install/realsense2_camera_msgs/lib/python3.8/site-packages:/home/unitree/106a_final/install/navigation_return_node/lib/python3.8/site-packages:/home/unitree/106a_final/install/navigation_node_two/lib/python3.8/site-packages:/home/unitree/106a_final/install/navigation_node_three/lib/python3.8/site-packages:/home/unitree/106a_final/install/navigation_node/lib/python3.8/site-packages:/home/unitree/106a_final/install/navigatigation_node_three/lib/python3.8/site-packages:/home/unitree/106a_final/install/aruco_node/lib/python3.8/site-packages:/home/unitree/106a_final/install/arm_control/lib/python3.8/site-packages:/opt/ros/foxy/lib/python3.8/site-packages'), ('COLCON', '1'), ('CMAKE_PREFIX_PATH', '/home/unitree/106a_final/install/realsense2_description:/home/unitree/106a_final/install/realsense2_camera:/home/unitree/106a_final/install/realsense2_camera_msgs:/home/unitree/106a_final/install/base_driver:/home/unitree/106a_final/install/arm_driver:/home/unitree/cyclonedds_ws/install/rmw_cyclonedds_cpp:/home/unitree/cyclonedds_ws/install/cyclonedds:/home/unitree/106a_final/install/go2_bringup:/home/unitree/106a_final/install/vision_node:/home/unitree/106a_final/install/navigation_return_node:/home/unitree/106a_final/install/navigation_node_two:/home/unitree/106a_final/install/navigation_node_three:/home/unitree/106a_final/install/navigation_node:/home/unitree/106a_final/install/navigatigation_node_three:/home/unitree/106a_final/install/aruco_node:/home/unitree/106a_final/install/arm_control:/opt/ros/foxy')]), 'shell': False}
[6.869765] (arm_driver) CommandEnded: {'returncode': 0}
[6.872895] (arm_driver) JobProgress: {'identifier': 'arm_driver', 'progress': 'install'}
[6.912634] (-) TimerEvent: {}
[6.943194] (arm_driver) Command: {'cmd': ['/usr/bin/cmake', '--install', '/home/unitree/106a_final/build/arm_driver'], 'cwd': '/home/unitree/106a_final/build/arm_driver', 'env': OrderedDict([('LESSOPEN', '| /usr/bin/lesspipe %s'), ('USER', 'unitree'), ('SSH_CLIENT', '192.168.50.153 33250 22'), ('XDG_SESSION_TYPE', 'tty'), ('SHLVL', '1'), ('LD_LIBRARY_PATH', '/home/unitree/106a_final/install/realsense2_camera/lib:/home/unitree/106a_final/install/realsense2_camera_msgs/lib:/usr/local/cuda-11.4/lib64:/usr/local/lib:/home/unitree/cyclonedds_ws/install/rmw_cyclonedds_cpp/lib:/home/unitree/cyclonedds_ws/install/cyclonedds/lib:/opt/ros/foxy/opt/yaml_cpp_vendor/lib:/opt/ros/foxy/opt/rviz_ogre_vendor/lib:/opt/ros/foxy/lib/aarch64-linux-gnu:/opt/ros/foxy/lib'), ('MOTD_SHOWN', 'pam'), ('HOME', '/home/unitree'), ('CYCLONEDDS_URI', '/home/unitree/cyclonedds_ws/cyclonedds.xml'), ('OLDPWD', '/home/unitree'), ('SSH_TTY', '/dev/pts/8'), ('ROS_PYTHON_VERSION', '3'), ('DBUS_SESSION_BUS_ADDRESS', 'unix:path=/run/user/1000/bus'), ('COLCON_PREFIX_PATH', '/home/unitree/106a_final/install:/home/unitree/cyclonedds_ws/install'), ('ROS_DISTRO', 'foxy'), ('LOGNAME', 'unitree'), ('_', '/usr/bin/colcon'), ('ROS_VERSION', '2'), ('PKG_CONFIG_PATH', '/home/unitree/cyclonedds_ws/install/cyclonedds/lib/aarch64-linux-gnu/pkgconfig:/home/unitree/cyclonedds_ws/install/cyclonedds/lib/pkgconfig'), ('XDG_SESSION_CLASS', 'user'), ('TERM', 'xterm-256color'), ('XDG_SESSION_ID', '13'), ('ROS_LOCALHOST_ONLY', '0'), ('PATH', '/home/unitree/.local/bin:/usr/local/cuda-11.4/bin:/home/unitree/cyclonedds_ws/install/cyclonedds/bin:/opt/ros/foxy/bin:/usr/local/sbin:/usr/local/bin:/usr/sbin:/usr/bin:/sbin:/bin:/usr/games:/usr/local/games:/snap/bin'), ('XDG_RUNTIME_DIR', '/run/user/1000'), ('LANG', 'en_US.UTF-8'), ('RMW_IMPLEMENTATION', 'rmw_cyclonedds_cpp'), ('LS_COLORS', 'rs=0:di=01;34:ln=01;36:mh=00:pi=40;33:so=01;35:do=01;35:bd=40;33;01:cd=40;33;01:or=40;31;01:mi=00:su=37;41:sg=30;43:ca=30;41:tw=30;42:ow=34;42:st=37;44:ex=01;32:*.tar=01;31:*.tgz=01;31:*.arc=01;31:*.arj=01;31:*.taz=01;31:*.lha=01;31:*.lz4=01;31:*.lzh=01;31:*.lzma=01;31:*.tlz=01;31:*.txz=01;31:*.tzo=01;31:*.t7z=01;31:*.zip=01;31:*.z=01;31:*.dz=01;31:*.gz=01;31:*.lrz=01;31:*.lz=01;31:*.lzo=01;31:*.xz=01;31:*.zst=01;31:*.tzst=01;31:*.bz2=01;31:*.bz=01;31:*.tbz=01;31:*.tbz2=01;31:*.tz=01;31:*.deb=01;31:*.rpm=01;31:*.jar=01;31:*.war=01;31:*.ear=01;31:*.sar=01;31:*.rar=01;31:*.alz=01;31:*.ace=01;31:*.zoo=01;31:*.cpio=01;31:*.7z=01;31:*.rz=01;31:*.cab=01;31:*.wim=01;31:*.swm=01;31:*.dwm=01;31:*.esd=01;31:*.jpg=01;35:*.jpeg=01;35:*.mjpg=01;35:*.mjpeg=01;35:*.gif=01;35:*.bmp=01;35:*.pbm=01;35:*.pgm=01;35:*.ppm=01;35:*.tga=01;35:*.xbm=01;35:*.xpm=01;35:*.tif=01;35:*.tiff=01;35:*.png=01;35:*.svg=01;35:*.svgz=01;35:*.mng=01;35:*.pcx=01;35:*.mov=01;35:*.mpg=01;35:*.mpeg=01;35:*.m2v=01;35:*.mkv=01;35:*.webm=01;35:*.ogm=01;35:*.mp4=01;35:*.m4v=01;35:*.mp4v=01;35:*.vob=01;35:*.qt=01;35:*.nuv=01;35:*.wmv=01;35:*.asf=01;35:*.rm=01;35:*.rmvb=01;35:*.flc=01;35:*.avi=01;35:*.fli=01;35:*.flv=01;35:*.gl=01;35:*.dl=01;35:*.xcf=01;35:*.xwd=01;35:*.yuv=01;35:*.cgm=01;35:*.emf=01;35:*.ogv=01;35:*.ogx=01;35:*.aac=00;36:*.au=00;36:*.flac=00;36:*.m4a=00;36:*.mid=00;36:*.midi=00;36:*.mka=00;36:*.mp3=00;36:*.mpc=00;36:*.ogg=00;36:*.ra=00;36:*.wav=00;36:*.oga=00;36:*.opus=00;36:*.spx=00;36:*.xspf=00;36:'), ('AMENT_PREFIX_PATH', '/home/unitree/106a_final/install/go2_bringup:/home/unitree/106a_final/install/vision_node:/home/unitree/106a_final/install/realsense2_description:/home/unitree/106a_final/install/realsense2_camera:/home/unitree/106a_final/install/realsense2_camera_msgs:/home/unitree/106a_final/install/navigation_return_node:/home/unitree/106a_final/install/navigation_node_two:/home/unitree/106a_final/install/navigation_node_three:/home/unitree/106a_final/install/navigation_node:/home/unitree/106a_final/install/navigatigation_node_three:/home/unitree/106a_final/install/base_driver:/home/unitree/106a_final/install/aruco_node:/home/unitree/106a_final/install/arm_driver:/home/unitree/106a_final/install/arm_control:/home/unitree/cyclonedds_ws/install/rmw_cyclonedds_cpp:/opt/ros/foxy'), ('SHELL', '/bin/bash'), ('LESSCLOSE', '/usr/bin/lesspipe %s %s'), ('PWD', '/home/unitree/106a_final/build/arm_driver'), ('LC_ALL', 'en_US.UTF-8'), ('SSH_CONNECTION', '192.168.50.153 33250 192.168.50.28 22'), ('XDG_DATA_DIRS', '/usr/local/share:/usr/share:/var/lib/snapd/desktop'), ('PYTHONPATH', '/home/unitree/106a_final/install/go2_bringup/lib/python3.8/site-packages:/home/unitree/106a_final/install/vision_node/lib/python3.8/site-packages:/home/unitree/106a_final/install/realsense2_camera_msgs/lib/python3.8/site-packages:/home/unitree/106a_final/install/navigation_return_node/lib/python3.8/site-packages:/home/unitree/106a_final/install/navigation_node_two/lib/python3.8/site-packages:/home/unitree/106a_final/install/navigation_node_three/lib/python3.8/site-packages:/home/unitree/106a_final/install/navigation_node/lib/python3.8/site-packages:/home/unitree/106a_final/install/navigatigation_node_three/lib/python3.8/site-packages:/home/unitree/106a_final/install/aruco_node/lib/python3.8/site-packages:/home/unitree/106a_final/install/arm_control/lib/python3.8/site-packages:/opt/ros/foxy/lib/python3.8/site-packages'), ('COLCON', '1'), ('CMAKE_PREFIX_PATH', '/home/unitree/106a_final/install/realsense2_description:/home/unitree/106a_final/install/realsense2_camera:/home/unitree/106a_final/install/realsense2_camera_msgs:/home/unitree/106a_final/install/base_driver:/home/unitree/106a_final/install/arm_driver:/home/unitree/cyclonedds_ws/install/rmw_cyclonedds_cpp:/home/unitree/cyclonedds_ws/install/cyclonedds:/home/unitree/106a_final/install/go2_bringup:/home/unitree/106a_final/install/vision_node:/home/unitree/106a_final/install/navigation_return_node:/home/unitree/106a_final/install/navigation_node_two:/home/unitree/106a_final/install/navigation_node_three:/home/unitree/106a_final/install/navigation_node:/home/unitree/106a_final/install/navigatigation_node_three:/home/unitree/106a_final/install/aruco_node:/home/unitree/106a_final/install/arm_control:/opt/ros/foxy')]), 'shell': False}
[7.016484] (-) TimerEvent: {}
[7.024343] (arm_driver) StdoutLine: {'line': b'-- Install configuration: ""\n'}
[7.025173] (arm_driver) StdoutLine: {'line': b'-- Up-to-date: /home/unitree/106a_final/install/arm_driver/lib/arm_driver/servo_driver\n'}
[7.025426] (arm_driver) StdoutLine: {'line': b'-- Up-to-date: /home/unitree/106a_final/install/arm_driver/share/arm_driver/launch\n'}
[7.025617] (arm_driver) StdoutLine: {'line': b'-- Up-to-date: /home/unitree/106a_final/install/arm_driver/share/arm_driver/launch/arm_driver.launch.py\n'}
[7.025847] (arm_driver) StdoutLine: {'line': b'-- Up-to-date: /home/unitree/106a_final/install/arm_driver/share/ament_index/resource_index/package_run_dependencies/arm_driver\n'}
[7.026167] (arm_driver) StdoutLine: {'line': b'-- Up-to-date: /home/unitree/106a_final/install/arm_driver/share/ament_index/resource_index/parent_prefix_path/arm_driver\n'}
[7.026424] (arm_driver) StdoutLine: {'line': b'-- Up-to-date: /home/unitree/106a_final/install/arm_driver/share/arm_driver/environment/ament_prefix_path.sh\n'}
[7.026680] (arm_driver) StdoutLine: {'line': b'-- Up-to-date: /home/unitree/106a_final/install/arm_driver/share/arm_driver/environment/ament_prefix_path.dsv\n'}
[7.026878] (arm_driver) StdoutLine: {'line': b'-- Up-to-date: /home/unitree/106a_final/install/arm_driver/share/arm_driver/environment/path.sh\n'}
[7.027032] (arm_driver) StdoutLine: {'line': b'-- Up-to-date: /home/unitree/106a_final/install/arm_driver/share/arm_driver/environment/path.dsv\n'}
[7.027349] (arm_driver) StdoutLine: {'line': b'-- Up-to-date: /home/unitree/106a_final/install/arm_driver/share/arm_driver/local_setup.bash\n'}
[7.032235] (arm_driver) StdoutLine: {'line': b'-- Up-to-date: /home/unitree/106a_final/install/arm_driver/share/arm_driver/local_setup.sh\n'}
[7.032500] (arm_driver) StdoutLine: {'line': b'-- Up-to-date: /home/unitree/106a_final/install/arm_driver/share/arm_driver/local_setup.zsh\n'}
[7.032637] (arm_driver) StdoutLine: {'line': b'-- Up-to-date: /home/unitree/106a_final/install/arm_driver/share/arm_driver/local_setup.dsv\n'}
[7.035188] (arm_driver) StdoutLine: {'line': b'-- Installing: /home/unitree/106a_final/install/arm_driver/share/arm_driver/package.dsv\n'}
[7.035386] (arm_driver) StdoutLine: {'line': b'-- Up-to-date: /home/unitree/106a_final/install/arm_driver/share/ament_index/resource_index/packages/arm_driver\n'}
[7.035519] (arm_driver) StdoutLine: {'line': b'-- Up-to-date: /home/unitree/106a_final/install/arm_driver/share/arm_driver/cmake/arm_driverConfig.cmake\n'}
[7.035644] (arm_driver) StdoutLine: {'line': b'-- Up-to-date: /home/unitree/106a_final/install/arm_driver/share/arm_driver/cmake/arm_driverConfig-version.cmake\n'}
[7.035896] (arm_driver) StdoutLine: {'line': b'-- Up-to-date: /home/unitree/106a_final/install/arm_driver/share/arm_driver/package.xml\n'}
[7.084037] (arm_driver) CommandEnded: {'returncode': 0}
[7.120444] (-) TimerEvent: {}
[7.150012] (base_driver) StdoutLine: {'line': b'[ 50%] Built target base_wrapper\n'}
[7.234515] (-) TimerEvent: {}
[7.335471] (-) TimerEvent: {}
[7.426961] (base_driver) StdoutLine: {'line': b'[100%] Built target base_driver\n'}
[7.435722] (-) TimerEvent: {}
[7.536466] (-) TimerEvent: {}
[7.641611] (-) TimerEvent: {}
[7.742303] (-) TimerEvent: {}
[7.843638] (-) TimerEvent: {}
[7.949815] (-) TimerEvent: {}
[8.061560] (-) TimerEvent: {}
[8.163132] (-) TimerEvent: {}
[8.265816] (-) TimerEvent: {}
[8.372128] (-) TimerEvent: {}
[8.475219] (-) TimerEvent: {}
[8.576291] (-) TimerEvent: {}
[8.678133] (-) TimerEvent: {}
[8.783267] (-) TimerEvent: {}
[8.850118] (arm_driver) JobEnded: {'identifier': 'arm_driver', 'rc': 0}
[8.867399] (navigation_node_three) JobStarted: {'identifier': 'navigation_node_three'}
[8.885724] (-) TimerEvent: {}
[8.994382] (-) TimerEvent: {}
[9.095562] (-) TimerEvent: {}
[9.196712] (-) TimerEvent: {}
[9.331941] (-) TimerEvent: {}
[9.433891] (-) TimerEvent: {}
[9.534762] (-) TimerEvent: {}
[9.635470] (-) TimerEvent: {}
[9.741355] (-) TimerEvent: {}
[9.842099] (-) TimerEvent: {}
[9.942891] (-) TimerEvent: {}
[10.044539] (-) TimerEvent: {}
[10.091059] (base_driver) CommandEnded: {'returncode': 0}
[10.093447] (base_driver) JobProgress: {'identifier': 'base_driver', 'progress': 'install'}
[10.094719] (base_driver) Command: {'cmd': ['/usr/bin/cmake', '--install', '/home/unitree/106a_final/build/base_driver'], 'cwd': '/home/unitree/106a_final/build/base_driver', 'env': OrderedDict([('LESSOPEN', '| /usr/bin/lesspipe %s'), ('USER', 'unitree'), ('SSH_CLIENT', '192.168.50.153 33250 22'), ('XDG_SESSION_TYPE', 'tty'), ('SHLVL', '1'), ('LD_LIBRARY_PATH', '/home/unitree/106a_final/install/realsense2_camera/lib:/home/unitree/106a_final/install/realsense2_camera_msgs/lib:/usr/local/cuda-11.4/lib64:/usr/local/lib:/home/unitree/cyclonedds_ws/install/rmw_cyclonedds_cpp/lib:/home/unitree/cyclonedds_ws/install/cyclonedds/lib:/opt/ros/foxy/opt/yaml_cpp_vendor/lib:/opt/ros/foxy/opt/rviz_ogre_vendor/lib:/opt/ros/foxy/lib/aarch64-linux-gnu:/opt/ros/foxy/lib'), ('MOTD_SHOWN', 'pam'), ('HOME', '/home/unitree'), ('CYCLONEDDS_URI', '/home/unitree/cyclonedds_ws/cyclonedds.xml'), ('OLDPWD', '/home/unitree'), ('SSH_TTY', '/dev/pts/8'), ('ROS_PYTHON_VERSION', '3'), ('DBUS_SESSION_BUS_ADDRESS', 'unix:path=/run/user/1000/bus'), ('COLCON_PREFIX_PATH', '/home/unitree/106a_final/install:/home/unitree/cyclonedds_ws/install'), ('ROS_DISTRO', 'foxy'), ('LOGNAME', 'unitree'), ('_', '/usr/bin/colcon'), ('ROS_VERSION', '2'), ('PKG_CONFIG_PATH', '/home/unitree/cyclonedds_ws/install/cyclonedds/lib/aarch64-linux-gnu/pkgconfig:/home/unitree/cyclonedds_ws/install/cyclonedds/lib/pkgconfig'), ('XDG_SESSION_CLASS', 'user'), ('TERM', 'xterm-256color'), ('XDG_SESSION_ID', '13'), ('ROS_LOCALHOST_ONLY', '0'), ('PATH', '/home/unitree/.local/bin:/usr/local/cuda-11.4/bin:/home/unitree/cyclonedds_ws/install/cyclonedds/bin:/opt/ros/foxy/bin:/usr/local/sbin:/usr/local/bin:/usr/sbin:/usr/bin:/sbin:/bin:/usr/games:/usr/local/games:/snap/bin'), ('XDG_RUNTIME_DIR', '/run/user/1000'), ('LANG', 'en_US.UTF-8'), ('RMW_IMPLEMENTATION', 'rmw_cyclonedds_cpp'), ('LS_COLORS', 'rs=0:di=01;34:ln=01;36:mh=00:pi=40;33:so=01;35:do=01;35:bd=40;33;01:cd=40;33;01:or=40;31;01:mi=00:su=37;41:sg=30;43:ca=30;41:tw=30;42:ow=34;42:st=37;44:ex=01;32:*.tar=01;31:*.tgz=01;31:*.arc=01;31:*.arj=01;31:*.taz=01;31:*.lha=01;31:*.lz4=01;31:*.lzh=01;31:*.lzma=01;31:*.tlz=01;31:*.txz=01;31:*.tzo=01;31:*.t7z=01;31:*.zip=01;31:*.z=01;31:*.dz=01;31:*.gz=01;31:*.lrz=01;31:*.lz=01;31:*.lzo=01;31:*.xz=01;31:*.zst=01;31:*.tzst=01;31:*.bz2=01;31:*.bz=01;31:*.tbz=01;31:*.tbz2=01;31:*.tz=01;31:*.deb=01;31:*.rpm=01;31:*.jar=01;31:*.war=01;31:*.ear=01;31:*.sar=01;31:*.rar=01;31:*.alz=01;31:*.ace=01;31:*.zoo=01;31:*.cpio=01;31:*.7z=01;31:*.rz=01;31:*.cab=01;31:*.wim=01;31:*.swm=01;31:*.dwm=01;31:*.esd=01;31:*.jpg=01;35:*.jpeg=01;35:*.mjpg=01;35:*.mjpeg=01;35:*.gif=01;35:*.bmp=01;35:*.pbm=01;35:*.pgm=01;35:*.ppm=01;35:*.tga=01;35:*.xbm=01;35:*.xpm=01;35:*.tif=01;35:*.tiff=01;35:*.png=01;35:*.svg=01;35:*.svgz=01;35:*.mng=01;35:*.pcx=01;35:*.mov=01;35:*.mpg=01;35:*.mpeg=01;35:*.m2v=01;35:*.mkv=01;35:*.webm=01;35:*.ogm=01;35:*.mp4=01;35:*.m4v=01;35:*.mp4v=01;35:*.vob=01;35:*.qt=01;35:*.nuv=01;35:*.wmv=01;35:*.asf=01;35:*.rm=01;35:*.rmvb=01;35:*.flc=01;35:*.avi=01;35:*.fli=01;35:*.flv=01;35:*.gl=01;35:*.dl=01;35:*.xcf=01;35:*.xwd=01;35:*.yuv=01;35:*.cgm=01;35:*.emf=01;35:*.ogv=01;35:*.ogx=01;35:*.aac=00;36:*.au=00;36:*.flac=00;36:*.m4a=00;36:*.mid=00;36:*.midi=00;36:*.mka=00;36:*.mp3=00;36:*.mpc=00;36:*.ogg=00;36:*.ra=00;36:*.wav=00;36:*.oga=00;36:*.opus=00;36:*.spx=00;36:*.xspf=00;36:'), ('AMENT_PREFIX_PATH', '/home/unitree/106a_final/install/go2_bringup:/home/unitree/106a_final/install/vision_node:/home/unitree/106a_final/install/realsense2_description:/home/unitree/106a_final/install/realsense2_camera:/home/unitree/106a_final/install/realsense2_camera_msgs:/home/unitree/106a_final/install/navigation_return_node:/home/unitree/106a_final/install/navigation_node_two:/home/unitree/106a_final/install/navigation_node_three:/home/unitree/106a_final/install/navigation_node:/home/unitree/106a_final/install/navigatigation_node_three:/home/unitree/106a_final/install/base_driver:/home/unitree/106a_final/install/aruco_node:/home/unitree/106a_final/install/arm_driver:/home/unitree/106a_final/install/arm_control:/home/unitree/cyclonedds_ws/install/rmw_cyclonedds_cpp:/opt/ros/foxy'), ('SHELL', '/bin/bash'), ('LESSCLOSE', '/usr/bin/lesspipe %s %s'), ('PWD', '/home/unitree/106a_final/build/base_driver'), ('LC_ALL', 'en_US.UTF-8'), ('SSH_CONNECTION', '192.168.50.153 33250 192.168.50.28 22'), ('XDG_DATA_DIRS', '/usr/local/share:/usr/share:/var/lib/snapd/desktop'), ('PYTHONPATH', '/home/unitree/106a_final/install/go2_bringup/lib/python3.8/site-packages:/home/unitree/106a_final/install/vision_node/lib/python3.8/site-packages:/home/unitree/106a_final/install/realsense2_camera_msgs/lib/python3.8/site-packages:/home/unitree/106a_final/install/navigation_return_node/lib/python3.8/site-packages:/home/unitree/106a_final/install/navigation_node_two/lib/python3.8/site-packages:/home/unitree/106a_final/install/navigation_node_three/lib/python3.8/site-packages:/home/unitree/106a_final/install/navigation_node/lib/python3.8/site-packages:/home/unitree/106a_final/install/navigatigation_node_three/lib/python3.8/site-packages:/home/unitree/106a_final/install/aruco_node/lib/python3.8/site-packages:/home/unitree/106a_final/install/arm_control/lib/python3.8/site-packages:/opt/ros/foxy/lib/python3.8/site-packages'), ('COLCON', '1'), ('CMAKE_PREFIX_PATH', '/home/unitree/106a_final/install/realsense2_description:/home/unitree/106a_final/install/realsense2_camera:/home/unitree/106a_final/install/realsense2_camera_msgs:/home/unitree/106a_final/install/base_driver:/home/unitree/106a_final/install/arm_driver:/home/unitree/cyclonedds_ws/install/rmw_cyclonedds_cpp:/home/unitree/cyclonedds_ws/install/cyclonedds:/home/unitree/106a_final/install/go2_bringup:/home/unitree/106a_final/install/vision_node:/home/unitree/106a_final/install/navigation_return_node:/home/unitree/106a_final/install/navigation_node_two:/home/unitree/106a_final/install/navigation_node_three:/home/unitree/106a_final/install/navigation_node:/home/unitree/106a_final/install/navigatigation_node_three:/home/unitree/106a_final/install/aruco_node:/home/unitree/106a_final/install/arm_control:/opt/ros/foxy')]), 'shell': False}
[10.124455] (aruco_node) Command: {'cmd': ['/usr/bin/python3', 'setup.py', 'egg_info', '--egg-base', '../../build/aruco_node', 'build', '--build-base', '/home/unitree/106a_final/build/aruco_node/build', 'install', '--record', '/home/unitree/106a_final/build/aruco_node/install.log', '--single-version-externally-managed'], 'cwd': '/home/unitree/106a_final/src/aruco_node', 'env': {'LESSOPEN': '| /usr/bin/lesspipe %s', 'USER': 'unitree', 'SSH_CLIENT': '192.168.50.153 33250 22', 'XDG_SESSION_TYPE': 'tty', 'SHLVL': '1', 'LD_LIBRARY_PATH': '/home/unitree/106a_final/install/realsense2_camera/lib:/home/unitree/106a_final/install/realsense2_camera_msgs/lib:/usr/local/cuda-11.4/lib64:/usr/local/lib:/home/unitree/cyclonedds_ws/install/rmw_cyclonedds_cpp/lib:/home/unitree/cyclonedds_ws/install/cyclonedds/lib:/opt/ros/foxy/opt/yaml_cpp_vendor/lib:/opt/ros/foxy/opt/rviz_ogre_vendor/lib:/opt/ros/foxy/lib/aarch64-linux-gnu:/opt/ros/foxy/lib', 'MOTD_SHOWN': 'pam', 'HOME': '/home/unitree', 'CYCLONEDDS_URI': '/home/unitree/cyclonedds_ws/cyclonedds.xml', 'OLDPWD': '/home/unitree', 'SSH_TTY': '/dev/pts/8', 'ROS_PYTHON_VERSION': '3', 'DBUS_SESSION_BUS_ADDRESS': 'unix:path=/run/user/1000/bus', 'COLCON_PREFIX_PATH': '/home/unitree/106a_final/install:/home/unitree/cyclonedds_ws/install', 'ROS_DISTRO': 'foxy', 'LOGNAME': 'unitree', '_': '/usr/bin/colcon', 'ROS_VERSION': '2', 'PKG_CONFIG_PATH': '/home/unitree/cyclonedds_ws/install/cyclonedds/lib/aarch64-linux-gnu/pkgconfig:/home/unitree/cyclonedds_ws/install/cyclonedds/lib/pkgconfig', 'XDG_SESSION_CLASS': 'user', 'TERM': 'xterm-256color', 'XDG_SESSION_ID': '13', 'ROS_LOCALHOST_ONLY': '0', 'PATH': '/home/unitree/.local/bin:/usr/local/cuda-11.4/bin:/home/unitree/cyclonedds_ws/install/cyclonedds/bin:/opt/ros/foxy/bin:/usr/local/sbin:/usr/local/bin:/usr/sbin:/usr/bin:/sbin:/bin:/usr/games:/usr/local/games:/snap/bin', 'XDG_RUNTIME_DIR': '/run/user/1000', 'LANG': 'en_US.UTF-8', 'RMW_IMPLEMENTATION': 'rmw_cyclonedds_cpp', 'LS_COLORS': 'rs=0:di=01;34:ln=01;36:mh=00:pi=40;33:so=01;35:do=01;35:bd=40;33;01:cd=40;33;01:or=40;31;01:mi=00:su=37;41:sg=30;43:ca=30;41:tw=30;42:ow=34;42:st=37;44:ex=01;32:*.tar=01;31:*.tgz=01;31:*.arc=01;31:*.arj=01;31:*.taz=01;31:*.lha=01;31:*.lz4=01;31:*.lzh=01;31:*.lzma=01;31:*.tlz=01;31:*.txz=01;31:*.tzo=01;31:*.t7z=01;31:*.zip=01;31:*.z=01;31:*.dz=01;31:*.gz=01;31:*.lrz=01;31:*.lz=01;31:*.lzo=01;31:*.xz=01;31:*.zst=01;31:*.tzst=01;31:*.bz2=01;31:*.bz=01;31:*.tbz=01;31:*.tbz2=01;31:*.tz=01;31:*.deb=01;31:*.rpm=01;31:*.jar=01;31:*.war=01;31:*.ear=01;31:*.sar=01;31:*.rar=01;31:*.alz=01;31:*.ace=01;31:*.zoo=01;31:*.cpio=01;31:*.7z=01;31:*.rz=01;31:*.cab=01;31:*.wim=01;31:*.swm=01;31:*.dwm=01;31:*.esd=01;31:*.jpg=01;35:*.jpeg=01;35:*.mjpg=01;35:*.mjpeg=01;35:*.gif=01;35:*.bmp=01;35:*.pbm=01;35:*.pgm=01;35:*.ppm=01;35:*.tga=01;35:*.xbm=01;35:*.xpm=01;35:*.tif=01;35:*.tiff=01;35:*.png=01;35:*.svg=01;35:*.svgz=01;35:*.mng=01;35:*.pcx=01;35:*.mov=01;35:*.mpg=01;35:*.mpeg=01;35:*.m2v=01;35:*.mkv=01;35:*.webm=01;35:*.ogm=01;35:*.mp4=01;35:*.m4v=01;35:*.mp4v=01;35:*.vob=01;35:*.qt=01;35:*.nuv=01;35:*.wmv=01;35:*.asf=01;35:*.rm=01;35:*.rmvb=01;35:*.flc=01;35:*.avi=01;35:*.fli=01;35:*.flv=01;35:*.gl=01;35:*.dl=01;35:*.xcf=01;35:*.xwd=01;35:*.yuv=01;35:*.cgm=01;35:*.emf=01;35:*.ogv=01;35:*.ogx=01;35:*.aac=00;36:*.au=00;36:*.flac=00;36:*.m4a=00;36:*.mid=00;36:*.midi=00;36:*.mka=00;36:*.mp3=00;36:*.mpc=00;36:*.ogg=00;36:*.ra=00;36:*.wav=00;36:*.oga=00;36:*.opus=00;36:*.spx=00;36:*.xspf=00;36:', 'AMENT_PREFIX_PATH': '/home/unitree/106a_final/install/go2_bringup:/home/unitree/106a_final/install/vision_node:/home/unitree/106a_final/install/realsense2_description:/home/unitree/106a_final/install/realsense2_camera:/home/unitree/106a_final/install/realsense2_camera_msgs:/home/unitree/106a_final/install/navigation_return_node:/home/unitree/106a_final/install/navigation_node_two:/home/unitree/106a_final/install/navigation_node_three:/home/unitree/106a_final/install/navigation_node:/home/unitree/106a_final/install/navigatigation_node_three:/home/unitree/106a_final/install/base_driver:/home/unitree/106a_final/install/aruco_node:/home/unitree/106a_final/install/arm_driver:/home/unitree/106a_final/install/arm_control:/home/unitree/cyclonedds_ws/install/rmw_cyclonedds_cpp:/opt/ros/foxy', 'SHELL': '/bin/bash', 'LESSCLOSE': '/usr/bin/lesspipe %s %s', 'PWD': '/home/unitree/106a_final/build/aruco_node', 'LC_ALL': 'en_US.UTF-8', 'SSH_CONNECTION': '192.168.50.153 33250 192.168.50.28 22', 'XDG_DATA_DIRS': '/usr/local/share:/usr/share:/var/lib/snapd/desktop', 'PYTHONPATH': '/home/unitree/106a_final/build/aruco_node/prefix_override:/home/unitree/106a_final/install/aruco_node/lib/python3.8/site-packages:/home/unitree/106a_final/install/go2_bringup/lib/python3.8/site-packages:/home/unitree/106a_final/install/vision_node/lib/python3.8/site-packages:/home/unitree/106a_final/install/realsense2_camera_msgs/lib/python3.8/site-packages:/home/unitree/106a_final/install/navigation_return_node/lib/python3.8/site-packages:/home/unitree/106a_final/install/navigation_node_two/lib/python3.8/site-packages:/home/unitree/106a_final/install/navigation_node_three/lib/python3.8/site-packages:/home/unitree/106a_final/install/navigation_node/lib/python3.8/site-packages:/home/unitree/106a_final/install/navigatigation_node_three/lib/python3.8/site-packages:/home/unitree/106a_final/install/aruco_node/lib/python3.8/site-packages:/home/unitree/106a_final/install/arm_control/lib/python3.8/site-packages:/opt/ros/foxy/lib/python3.8/site-packages', 'COLCON': '1', 'CMAKE_PREFIX_PATH': '/home/unitree/106a_final/install/realsense2_description:/home/unitree/106a_final/install/realsense2_camera:/home/unitree/106a_final/install/realsense2_camera_msgs:/home/unitree/106a_final/install/base_driver:/home/unitree/106a_final/install/arm_driver:/home/unitree/cyclonedds_ws/install/rmw_cyclonedds_cpp:/home/unitree/cyclonedds_ws/install/cyclonedds'}, 'shell': False}
[10.147235] (arm_control) Command: {'cmd': ['/usr/bin/python3', 'setup.py', 'egg_info', '--egg-base', '../../build/arm_control', 'build', '--build-base', '/home/unitree/106a_final/build/arm_control/build', 'install', '--record', '/home/unitree/106a_final/build/arm_control/install.log', '--install-scripts', '$base/lib/arm_control', '--single-version-externally-managed'], 'cwd': '/home/unitree/106a_final/src/arm_control', 'env': {'LESSOPEN': '| /usr/bin/lesspipe %s', 'USER': 'unitree', 'SSH_CLIENT': '192.168.50.153 33250 22', 'XDG_SESSION_TYPE': 'tty', 'SHLVL': '1', 'LD_LIBRARY_PATH': '/home/unitree/106a_final/install/realsense2_camera/lib:/home/unitree/106a_final/install/realsense2_camera_msgs/lib:/usr/local/cuda-11.4/lib64:/usr/local/lib:/home/unitree/cyclonedds_ws/install/rmw_cyclonedds_cpp/lib:/home/unitree/cyclonedds_ws/install/cyclonedds/lib:/opt/ros/foxy/opt/yaml_cpp_vendor/lib:/opt/ros/foxy/opt/rviz_ogre_vendor/lib:/opt/ros/foxy/lib/aarch64-linux-gnu:/opt/ros/foxy/lib', 'MOTD_SHOWN': 'pam', 'HOME': '/home/unitree', 'CYCLONEDDS_URI': '/home/unitree/cyclonedds_ws/cyclonedds.xml', 'OLDPWD': '/home/unitree', 'SSH_TTY': '/dev/pts/8', 'ROS_PYTHON_VERSION': '3', 'DBUS_SESSION_BUS_ADDRESS': 'unix:path=/run/user/1000/bus', 'COLCON_PREFIX_PATH': '/home/unitree/106a_final/install:/home/unitree/cyclonedds_ws/install', 'ROS_DISTRO': 'foxy', 'LOGNAME': 'unitree', '_': '/usr/bin/colcon', 'ROS_VERSION': '2', 'PKG_CONFIG_PATH': '/home/unitree/cyclonedds_ws/install/cyclonedds/lib/aarch64-linux-gnu/pkgconfig:/home/unitree/cyclonedds_ws/install/cyclonedds/lib/pkgconfig', 'XDG_SESSION_CLASS': 'user', 'TERM': 'xterm-256color', 'XDG_SESSION_ID': '13', 'ROS_LOCALHOST_ONLY': '0', 'PATH': '/home/unitree/.local/bin:/usr/local/cuda-11.4/bin:/home/unitree/cyclonedds_ws/install/cyclonedds/bin:/opt/ros/foxy/bin:/usr/local/sbin:/usr/local/bin:/usr/sbin:/usr/bin:/sbin:/bin:/usr/games:/usr/local/games:/snap/bin', 'XDG_RUNTIME_DIR': '/run/user/1000', 'LANG': 'en_US.UTF-8', 'RMW_IMPLEMENTATION': 'rmw_cyclonedds_cpp', 'LS_COLORS': 'rs=0:di=01;34:ln=01;36:mh=00:pi=40;33:so=01;35:do=01;35:bd=40;33;01:cd=40;33;01:or=40;31;01:mi=00:su=37;41:sg=30;43:ca=30;41:tw=30;42:ow=34;42:st=37;44:ex=01;32:*.tar=01;31:*.tgz=01;31:*.arc=01;31:*.arj=01;31:*.taz=01;31:*.lha=01;31:*.lz4=01;31:*.lzh=01;31:*.lzma=01;31:*.tlz=01;31:*.txz=01;31:*.tzo=01;31:*.t7z=01;31:*.zip=01;31:*.z=01;31:*.dz=01;31:*.gz=01;31:*.lrz=01;31:*.lz=01;31:*.lzo=01;31:*.xz=01;31:*.zst=01;31:*.tzst=01;31:*.bz2=01;31:*.bz=01;31:*.tbz=01;31:*.tbz2=01;31:*.tz=01;31:*.deb=01;31:*.rpm=01;31:*.jar=01;31:*.war=01;31:*.ear=01;31:*.sar=01;31:*.rar=01;31:*.alz=01;31:*.ace=01;31:*.zoo=01;31:*.cpio=01;31:*.7z=01;31:*.rz=01;31:*.cab=01;31:*.wim=01;31:*.swm=01;31:*.dwm=01;31:*.esd=01;31:*.jpg=01;35:*.jpeg=01;35:*.mjpg=01;35:*.mjpeg=01;35:*.gif=01;35:*.bmp=01;35:*.pbm=01;35:*.pgm=01;35:*.ppm=01;35:*.tga=01;35:*.xbm=01;35:*.xpm=01;35:*.tif=01;35:*.tiff=01;35:*.png=01;35:*.svg=01;35:*.svgz=01;35:*.mng=01;35:*.pcx=01;35:*.mov=01;35:*.mpg=01;35:*.mpeg=01;35:*.m2v=01;35:*.mkv=01;35:*.webm=01;35:*.ogm=01;35:*.mp4=01;35:*.m4v=01;35:*.mp4v=01;35:*.vob=01;35:*.qt=01;35:*.nuv=01;35:*.wmv=01;35:*.asf=01;35:*.rm=01;35:*.rmvb=01;35:*.flc=01;35:*.avi=01;35:*.fli=01;35:*.flv=01;35:*.gl=01;35:*.dl=01;35:*.xcf=01;35:*.xwd=01;35:*.yuv=01;35:*.cgm=01;35:*.emf=01;35:*.ogv=01;35:*.ogx=01;35:*.aac=00;36:*.au=00;36:*.flac=00;36:*.m4a=00;36:*.mid=00;36:*.midi=00;36:*.mka=00;36:*.mp3=00;36:*.mpc=00;36:*.ogg=00;36:*.ra=00;36:*.wav=00;36:*.oga=00;36:*.opus=00;36:*.spx=00;36:*.xspf=00;36:', 'AMENT_PREFIX_PATH': '/home/unitree/106a_final/install/go2_bringup:/home/unitree/106a_final/install/vision_node:/home/unitree/106a_final/install/realsense2_description:/home/unitree/106a_final/install/realsense2_camera:/home/unitree/106a_final/install/realsense2_camera_msgs:/home/unitree/106a_final/install/navigation_return_node:/home/unitree/106a_final/install/navigation_node_two:/home/unitree/106a_final/install/navigation_node_three:/home/unitree/106a_final/install/navigation_node:/home/unitree/106a_final/install/navigatigation_node_three:/home/unitree/106a_final/install/base_driver:/home/unitree/106a_final/install/aruco_node:/home/unitree/106a_final/install/arm_driver:/home/unitree/106a_final/install/arm_control:/home/unitree/cyclonedds_ws/install/rmw_cyclonedds_cpp:/opt/ros/foxy', 'SHELL': '/bin/bash', 'LESSCLOSE': '/usr/bin/lesspipe %s %s', 'PWD': '/home/unitree/106a_final/build/arm_control', 'LC_ALL': 'en_US.UTF-8', 'SSH_CONNECTION': '192.168.50.153 33250 192.168.50.28 22', 'XDG_DATA_DIRS': '/usr/local/share:/usr/share:/var/lib/snapd/desktop', 'PYTHONPATH': '/home/unitree/106a_final/build/arm_control/prefix_override:/home/unitree/106a_final/install/arm_control/lib/python3.8/site-packages:/home/unitree/106a_final/install/go2_bringup/lib/python3.8/site-packages:/home/unitree/106a_final/install/vision_node/lib/python3.8/site-packages:/home/unitree/106a_final/install/realsense2_camera_msgs/lib/python3.8/site-packages:/home/unitree/106a_final/install/navigation_return_node/lib/python3.8/site-packages:/home/unitree/106a_final/install/navigation_node_two/lib/python3.8/site-packages:/home/unitree/106a_final/install/navigation_node_three/lib/python3.8/site-packages:/home/unitree/106a_final/install/navigation_node/lib/python3.8/site-packages:/home/unitree/106a_final/install/navigatigation_node_three/lib/python3.8/site-packages:/home/unitree/106a_final/install/aruco_node/lib/python3.8/site-packages:/home/unitree/106a_final/install/arm_control/lib/python3.8/site-packages:/opt/ros/foxy/lib/python3.8/site-packages', 'COLCON': '1', 'CMAKE_PREFIX_PATH': '/home/unitree/106a_final/install/realsense2_description:/home/unitree/106a_final/install/realsense2_camera:/home/unitree/106a_final/install/realsense2_camera_msgs:/home/unitree/106a_final/install/base_driver:/home/unitree/106a_final/install/arm_driver:/home/unitree/cyclonedds_ws/install/rmw_cyclonedds_cpp:/home/unitree/cyclonedds_ws/install/cyclonedds'}, 'shell': False}
[10.154828] (-) TimerEvent: {}
[10.155494] (base_driver) StdoutLine: {'line': b'-- Install configuration: ""\n'}
[10.161363] (base_driver) StdoutLine: {'line': b'-- Up-to-date: /home/unitree/106a_final/install/base_driver/lib/base_driver/base_driver\n'}
[10.172717] (base_driver) StdoutLine: {'line': b'-- Up-to-date: /home/unitree/106a_final/install/base_driver/lib/base_driver/libbase_wrapper.a\n'}
[10.173807] (base_driver) StdoutLine: {'line': b'-- Up-to-date: /home/unitree/106a_final/install/base_driver/include\n'}
[10.174997] (base_driver) StdoutLine: {'line': b'-- Up-to-date: /home/unitree/106a_final/install/base_driver/include/base_driver\n'}
[10.175980] (base_driver) StdoutLine: {'line': b'-- Up-to-date: /home/unitree/106a_final/install/base_driver/share/ament_index/resource_index/package_run_dependencies/base_driver\n'}
[10.176952] (base_driver) StdoutLine: {'line': b'-- Up-to-date: /home/unitree/106a_final/install/base_driver/share/ament_index/resource_index/parent_prefix_path/base_driver\n'}
[10.177809] (base_driver) StdoutLine: {'line': b'-- Up-to-date: /home/unitree/106a_final/install/base_driver/share/base_driver/environment/ament_prefix_path.sh\n'}
[10.178528] (base_driver) StdoutLine: {'line': b'-- Up-to-date: /home/unitree/106a_final/install/base_driver/share/base_driver/environment/ament_prefix_path.dsv\n'}
[10.179712] (base_driver) StdoutLine: {'line': b'-- Up-to-date: /home/unitree/106a_final/install/base_driver/share/base_driver/environment/path.sh\n'}
[10.201021] (base_driver) StdoutLine: {'line': b'-- Up-to-date: /home/unitree/106a_final/install/base_driver/share/base_driver/environment/path.dsv\n'}
[10.203219] (base_driver) StdoutLine: {'line': b'-- Up-to-date: /home/unitree/106a_final/install/base_driver/share/base_driver/local_setup.bash\n'}
[10.203444] (base_driver) StdoutLine: {'line': b'-- Up-to-date: /home/unitree/106a_final/install/base_driver/share/base_driver/local_setup.sh\n'}
[10.203589] (base_driver) StdoutLine: {'line': b'-- Up-to-date: /home/unitree/106a_final/install/base_driver/share/base_driver/local_setup.zsh\n'}
[10.203722] (base_driver) StdoutLine: {'line': b'-- Up-to-date: /home/unitree/106a_final/install/base_driver/share/base_driver/local_setup.dsv\n'}
[10.203897] (base_driver) StdoutLine: {'line': b'-- Installing: /home/unitree/106a_final/install/base_driver/share/base_driver/package.dsv\n'}
[10.204021] (base_driver) StdoutLine: {'line': b'-- Up-to-date: /home/unitree/106a_final/install/base_driver/share/ament_index/resource_index/packages/base_driver\n'}
[10.204149] (base_driver) StdoutLine: {'line': b'-- Up-to-date: /home/unitree/106a_final/install/base_driver/share/base_driver/cmake/base_driverConfig.cmake\n'}
[10.204265] (base_driver) StdoutLine: {'line': b'-- Up-to-date: /home/unitree/106a_final/install/base_driver/share/base_driver/cmake/base_driverConfig-version.cmake\n'}
[10.204390] (base_driver) StdoutLine: {'line': b'-- Up-to-date: /home/unitree/106a_final/install/base_driver/share/base_driver/package.xml\n'}
[10.254984] (-) TimerEvent: {}
[10.355737] (-) TimerEvent: {}
[10.456412] (-) TimerEvent: {}
[10.557049] (-) TimerEvent: {}
[10.657719] (-) TimerEvent: {}
[10.758820] (-) TimerEvent: {}
[10.859882] (-) TimerEvent: {}
[10.960537] (-) TimerEvent: {}
[11.061209] (-) TimerEvent: {}
[11.162335] (-) TimerEvent: {}
[11.263537] (-) TimerEvent: {}
[11.364314] (-) TimerEvent: {}
[11.465055] (-) TimerEvent: {}
[11.565743] (-) TimerEvent: {}
[11.605004] (aruco_node) StdoutLine: {'line': b'running egg_info\n'}
[11.606725] (aruco_node) StdoutLine: {'line': b'writing ../../build/aruco_node/aruco_node.egg-info/PKG-INFO\n'}
[11.607351] (aruco_node) StdoutLine: {'line': b'writing dependency_links to ../../build/aruco_node/aruco_node.egg-info/dependency_links.txt\n'}
[11.607844] (aruco_node) StdoutLine: {'line': b'writing entry points to ../../build/aruco_node/aruco_node.egg-info/entry_points.txt\n'}
[11.608364] (aruco_node) StdoutLine: {'line': b'writing requirements to ../../build/aruco_node/aruco_node.egg-info/requires.txt\n'}
[11.608685] (aruco_node) StdoutLine: {'line': b'writing top-level names to ../../build/aruco_node/aruco_node.egg-info/top_level.txt\n'}
[11.665946] (-) TimerEvent: {}
[11.703540] (aruco_node) StdoutLine: {'line': b"reading manifest file '../../build/aruco_node/aruco_node.egg-info/SOURCES.txt'\n"}
[11.705697] (aruco_node) StdoutLine: {'line': b"writing manifest file '../../build/aruco_node/aruco_node.egg-info/SOURCES.txt'\n"}
[11.706184] (aruco_node) StdoutLine: {'line': b'running build\n'}
[11.706356] (aruco_node) StdoutLine: {'line': b'running build_py\n'}
[11.706776] (aruco_node) StdoutLine: {'line': b'running install\n'}
[11.709221] (aruco_node) StdoutLine: {'line': b'running install_lib\n'}
[11.713519] (aruco_node) StdoutLine: {'line': b'running install_data\n'}
[11.715037] (aruco_node) StdoutLine: {'line': b'running install_egg_info\n'}
[11.719910] (aruco_node) StdoutLine: {'line': b"removing '/home/unitree/106a_final/install/aruco_node/lib/python3.8/site-packages/aruco_node-0.0.0-py3.8.egg-info' (and everything under it)\n"}
[11.721972] (aruco_node) StdoutLine: {'line': b'Copying ../../build/aruco_node/aruco_node.egg-info to /home/unitree/106a_final/install/aruco_node/lib/python3.8/site-packages/aruco_node-0.0.0-py3.8.egg-info\n'}
[11.722963] (aruco_node) StdoutLine: {'line': b'running install_scripts\n'}
[11.766061] (-) TimerEvent: {}
[11.780641] (aruco_node) StdoutLine: {'line': b'Installing aruco script to /home/unitree/106a_final/install/aruco_node/lib/aruco_node\n'}
[11.781056] (aruco_node) StdoutLine: {'line': b"writing list of installed files to '/home/unitree/106a_final/build/aruco_node/install.log'\n"}
[11.866234] (-) TimerEvent: {}
[11.968343] (-) TimerEvent: {}
[12.069895] (-) TimerEvent: {}
[12.175872] (-) TimerEvent: {}
[12.279346] (-) TimerEvent: {}
[12.380522] (-) TimerEvent: {}
[12.425876] (arm_control) StdoutLine: {'line': b'running egg_info\n'}
[12.426780] (arm_control) StdoutLine: {'line': b'writing ../../build/arm_control/arm_control.egg-info/PKG-INFO\n'}
[12.426981] (arm_control) StdoutLine: {'line': b'writing dependency_links to ../../build/arm_control/arm_control.egg-info/dependency_links.txt\n'}
[12.427135] (arm_control) StdoutLine: {'line': b'writing entry points to ../../build/arm_control/arm_control.egg-info/entry_points.txt\n'}
[12.427267] (arm_control) StdoutLine: {'line': b'writing requirements to ../../build/arm_control/arm_control.egg-info/requires.txt\n'}
[12.427390] (arm_control) StdoutLine: {'line': b'writing top-level names to ../../build/arm_control/arm_control.egg-info/top_level.txt\n'}
[12.427512] (arm_control) StdoutLine: {'line': b"reading manifest file '../../build/arm_control/arm_control.egg-info/SOURCES.txt'\n"}
[12.427630] (arm_control) StdoutLine: {'line': b"writing manifest file '../../build/arm_control/arm_control.egg-info/SOURCES.txt'\n"}
[12.427743] (arm_control) StdoutLine: {'line': b'running build\n'}
[12.427888] (arm_control) StdoutLine: {'line': b'running build_py\n'}
[12.428004] (arm_control) StdoutLine: {'line': b'copying arm_control/arm_node.py -> /home/unitree/106a_final/build/arm_control/build/lib/arm_control\n'}
[12.428120] (arm_control) StdoutLine: {'line': b'running install\n'}
[12.428231] (arm_control) StdoutLine: {'line': b'running install_lib\n'}
[12.428346] (arm_control) StdoutLine: {'line': b'copying /home/unitree/106a_final/build/arm_control/build/lib/arm_control/arm_node.py -> /home/unitree/106a_final/install/arm_control/lib/python3.8/site-packages/arm_control\n'}
[12.428480] (arm_control) StdoutLine: {'line': b'byte-compiling /home/unitree/106a_final/install/arm_control/lib/python3.8/site-packages/arm_control/arm_node.py to arm_node.cpython-38.pyc\n'}
[12.428596] (arm_control) StdoutLine: {'line': b'running install_data\n'}
[12.428707] (arm_control) StdoutLine: {'line': b'running install_egg_info\n'}
[12.428857] (arm_control) StdoutLine: {'line': b"removing '/home/unitree/106a_final/install/arm_control/lib/python3.8/site-packages/arm_control-0.0.0-py3.8.egg-info' (and everything under it)\n"}
[12.428974] (arm_control) StdoutLine: {'line': b'Copying ../../build/arm_control/arm_control.egg-info to /home/unitree/106a_final/install/arm_control/lib/python3.8/site-packages/arm_control-0.0.0-py3.8.egg-info\n'}
[12.429091] (arm_control) StdoutLine: {'line': b'running install_scripts\n'}
[12.429201] (arm_control) StdoutLine: {'line': b'Installing arm_node script to /home/unitree/106a_final/install/arm_control/lib/arm_control\n'}
[12.429312] (arm_control) StdoutLine: {'line': b'Installing servo_driver script to /home/unitree/106a_final/install/arm_control/lib/arm_control\n'}
[12.429421] (arm_control) StdoutLine: {'line': b"writing list of installed files to '/home/unitree/106a_final/build/arm_control/install.log'\n"}
[12.442682] (base_driver) CommandEnded: {'returncode': 0}
[12.481186] (-) TimerEvent: {}
[12.582039] (-) TimerEvent: {}
[12.685720] (-) TimerEvent: {}
[12.787527] (-) TimerEvent: {}
[12.891183] (-) TimerEvent: {}
[12.991876] (-) TimerEvent: {}
[13.092545] (-) TimerEvent: {}
[13.194416] (-) TimerEvent: {}
[13.233211] (base_driver) JobEnded: {'identifier': 'base_driver', 'rc': 0}
[13.238242] (aruco_node) CommandEnded: {'returncode': 0}
[13.294661] (-) TimerEvent: {}
[13.396329] (-) TimerEvent: {}
[13.497182] (-) TimerEvent: {}
[13.544621] (aruco_node) JobEnded: {'identifier': 'aruco_node', 'rc': 0}
[13.547628] (navigation_return_node) JobStarted: {'identifier': 'navigation_return_node'}
[13.597447] (-) TimerEvent: {}
[13.698493] (-) TimerEvent: {}
[13.800930] (-) TimerEvent: {}
[13.902338] (-) TimerEvent: {}
[14.003122] (-) TimerEvent: {}
[14.104732] (-) TimerEvent: {}
[14.158440] (arm_control) CommandEnded: {'returncode': 0}
[14.264613] (-) TimerEvent: {}
[14.366355] (-) TimerEvent: {}
[14.468761] (-) TimerEvent: {}
[14.569748] (-) TimerEvent: {}
[14.587642] (arm_control) JobEnded: {'identifier': 'arm_control', 'rc': 0}
[14.628337] (vision_node) JobStarted: {'identifier': 'vision_node'}
[14.669931] (-) TimerEvent: {}
[14.770594] (-) TimerEvent: {}
[14.871363] (-) TimerEvent: {}
[14.972142] (-) TimerEvent: {}
[15.077829] (-) TimerEvent: {}
[15.178488] (-) TimerEvent: {}
[15.279403] (-) TimerEvent: {}
[15.303582] (navigation_node) JobStarted: {'identifier': 'navigation_node'}
[15.379506] (-) TimerEvent: {}
[15.480406] (-) TimerEvent: {}
[15.581199] (-) TimerEvent: {}
[15.682004] (-) TimerEvent: {}
[15.782925] (-) TimerEvent: {}
[15.883621] (-) TimerEvent: {}
[15.985238] (-) TimerEvent: {}
[16.086407] (-) TimerEvent: {}
[16.187526] (-) TimerEvent: {}
[16.288285] (-) TimerEvent: {}
[16.388980] (-) TimerEvent: {}
[16.489740] (-) TimerEvent: {}
[16.590597] (-) TimerEvent: {}
[16.691613] (-) TimerEvent: {}
[16.793177] (-) TimerEvent: {}
[16.893961] (-) TimerEvent: {}
[16.995014] (-) TimerEvent: {}
[17.092112] (navigation_node_three) Command: {'cmd': ['/usr/bin/python3', 'setup.py', 'egg_info', '--egg-base', '../../build/navigation_node_three', 'build', '--build-base', '/home/unitree/106a_final/build/navigation_node_three/build', 'install', '--record', '/home/unitree/106a_final/build/navigation_node_three/install.log', '--install-scripts', '$base/lib/navigation_node_three', '--single-version-externally-managed'], 'cwd': '/home/unitree/106a_final/src/navigation_node_three', 'env': {'LESSOPEN': '| /usr/bin/lesspipe %s', 'USER': 'unitree', 'SSH_CLIENT': '192.168.50.153 33250 22', 'XDG_SESSION_TYPE': 'tty', 'SHLVL': '1', 'LD_LIBRARY_PATH': '/home/unitree/106a_final/install/realsense2_camera/lib:/home/unitree/106a_final/install/realsense2_camera_msgs/lib:/usr/local/cuda-11.4/lib64:/usr/local/lib:/home/unitree/cyclonedds_ws/install/rmw_cyclonedds_cpp/lib:/home/unitree/cyclonedds_ws/install/cyclonedds/lib:/opt/ros/foxy/opt/yaml_cpp_vendor/lib:/opt/ros/foxy/opt/rviz_ogre_vendor/lib:/opt/ros/foxy/lib/aarch64-linux-gnu:/opt/ros/foxy/lib', 'MOTD_SHOWN': 'pam', 'HOME': '/home/unitree', 'CYCLONEDDS_URI': '/home/unitree/cyclonedds_ws/cyclonedds.xml', 'OLDPWD': '/home/unitree', 'SSH_TTY': '/dev/pts/8', 'ROS_PYTHON_VERSION': '3', 'DBUS_SESSION_BUS_ADDRESS': 'unix:path=/run/user/1000/bus', 'COLCON_PREFIX_PATH': '/home/unitree/106a_final/install:/home/unitree/cyclonedds_ws/install', 'ROS_DISTRO': 'foxy', 'LOGNAME': 'unitree', '_': '/usr/bin/colcon', 'ROS_VERSION': '2', 'PKG_CONFIG_PATH': '/home/unitree/cyclonedds_ws/install/cyclonedds/lib/aarch64-linux-gnu/pkgconfig:/home/unitree/cyclonedds_ws/install/cyclonedds/lib/pkgconfig', 'XDG_SESSION_CLASS': 'user', 'TERM': 'xterm-256color', 'XDG_SESSION_ID': '13', 'ROS_LOCALHOST_ONLY': '0', 'PATH': '/home/unitree/.local/bin:/usr/local/cuda-11.4/bin:/home/unitree/cyclonedds_ws/install/cyclonedds/bin:/opt/ros/foxy/bin:/usr/local/sbin:/usr/local/bin:/usr/sbin:/usr/bin:/sbin:/bin:/usr/games:/usr/local/games:/snap/bin', 'XDG_RUNTIME_DIR': '/run/user/1000', 'LANG': 'en_US.UTF-8', 'RMW_IMPLEMENTATION': 'rmw_cyclonedds_cpp', 'LS_COLORS': 'rs=0:di=01;34:ln=01;36:mh=00:pi=40;33:so=01;35:do=01;35:bd=40;33;01:cd=40;33;01:or=40;31;01:mi=00:su=37;41:sg=30;43:ca=30;41:tw=30;42:ow=34;42:st=37;44:ex=01;32:*.tar=01;31:*.tgz=01;31:*.arc=01;31:*.arj=01;31:*.taz=01;31:*.lha=01;31:*.lz4=01;31:*.lzh=01;31:*.lzma=01;31:*.tlz=01;31:*.txz=01;31:*.tzo=01;31:*.t7z=01;31:*.zip=01;31:*.z=01;31:*.dz=01;31:*.gz=01;31:*.lrz=01;31:*.lz=01;31:*.lzo=01;31:*.xz=01;31:*.zst=01;31:*.tzst=01;31:*.bz2=01;31:*.bz=01;31:*.tbz=01;31:*.tbz2=01;31:*.tz=01;31:*.deb=01;31:*.rpm=01;31:*.jar=01;31:*.war=01;31:*.ear=01;31:*.sar=01;31:*.rar=01;31:*.alz=01;31:*.ace=01;31:*.zoo=01;31:*.cpio=01;31:*.7z=01;31:*.rz=01;31:*.cab=01;31:*.wim=01;31:*.swm=01;31:*.dwm=01;31:*.esd=01;31:*.jpg=01;35:*.jpeg=01;35:*.mjpg=01;35:*.mjpeg=01;35:*.gif=01;35:*.bmp=01;35:*.pbm=01;35:*.pgm=01;35:*.ppm=01;35:*.tga=01;35:*.xbm=01;35:*.xpm=01;35:*.tif=01;35:*.tiff=01;35:*.png=01;35:*.svg=01;35:*.svgz=01;35:*.mng=01;35:*.pcx=01;35:*.mov=01;35:*.mpg=01;35:*.mpeg=01;35:*.m2v=01;35:*.mkv=01;35:*.webm=01;35:*.ogm=01;35:*.mp4=01;35:*.m4v=01;35:*.mp4v=01;35:*.vob=01;35:*.qt=01;35:*.nuv=01;35:*.wmv=01;35:*.asf=01;35:*.rm=01;35:*.rmvb=01;35:*.flc=01;35:*.avi=01;35:*.fli=01;35:*.flv=01;35:*.gl=01;35:*.dl=01;35:*.xcf=01;35:*.xwd=01;35:*.yuv=01;35:*.cgm=01;35:*.emf=01;35:*.ogv=01;35:*.ogx=01;35:*.aac=00;36:*.au=00;36:*.flac=00;36:*.m4a=00;36:*.mid=00;36:*.midi=00;36:*.mka=00;36:*.mp3=00;36:*.mpc=00;36:*.ogg=00;36:*.ra=00;36:*.wav=00;36:*.oga=00;36:*.opus=00;36:*.spx=00;36:*.xspf=00;36:', 'AMENT_PREFIX_PATH': '/home/unitree/106a_final/install/go2_bringup:/home/unitree/106a_final/install/vision_node:/home/unitree/106a_final/install/realsense2_description:/home/unitree/106a_final/install/realsense2_camera:/home/unitree/106a_final/install/realsense2_camera_msgs:/home/unitree/106a_final/install/navigation_return_node:/home/unitree/106a_final/install/navigation_node_two:/home/unitree/106a_final/install/navigation_node_three:/home/unitree/106a_final/install/navigation_node:/home/unitree/106a_final/install/navigatigation_node_three:/home/unitree/106a_final/install/base_driver:/home/unitree/106a_final/install/aruco_node:/home/unitree/106a_final/install/arm_driver:/home/unitree/106a_final/install/arm_control:/home/unitree/cyclonedds_ws/install/rmw_cyclonedds_cpp:/opt/ros/foxy', 'SHELL': '/bin/bash', 'LESSCLOSE': '/usr/bin/lesspipe %s %s', 'PWD': '/home/unitree/106a_final/build/navigation_node_three', 'LC_ALL': 'en_US.UTF-8', 'SSH_CONNECTION': '192.168.50.153 33250 192.168.50.28 22', 'XDG_DATA_DIRS': '/usr/local/share:/usr/share:/var/lib/snapd/desktop', 'PYTHONPATH': '/home/unitree/106a_final/build/navigation_node_three/prefix_override:/home/unitree/106a_final/install/navigation_node_three/lib/python3.8/site-packages:/home/unitree/106a_final/install/go2_bringup/lib/python3.8/site-packages:/home/unitree/106a_final/install/vision_node/lib/python3.8/site-packages:/home/unitree/106a_final/install/realsense2_camera_msgs/lib/python3.8/site-packages:/home/unitree/106a_final/install/navigation_return_node/lib/python3.8/site-packages:/home/unitree/106a_final/install/navigation_node_two/lib/python3.8/site-packages:/home/unitree/106a_final/install/navigation_node_three/lib/python3.8/site-packages:/home/unitree/106a_final/install/navigation_node/lib/python3.8/site-packages:/home/unitree/106a_final/install/navigatigation_node_three/lib/python3.8/site-packages:/home/unitree/106a_final/install/aruco_node/lib/python3.8/site-packages:/home/unitree/106a_final/install/arm_control/lib/python3.8/site-packages:/opt/ros/foxy/lib/python3.8/site-packages', 'COLCON': '1', 'CMAKE_PREFIX_PATH': '/home/unitree/106a_final/install/realsense2_description:/home/unitree/106a_final/install/realsense2_camera:/home/unitree/106a_final/install/realsense2_camera_msgs:/home/unitree/106a_final/install/base_driver:/home/unitree/106a_final/install/arm_driver:/home/unitree/cyclonedds_ws/install/rmw_cyclonedds_cpp:/home/unitree/cyclonedds_ws/install/cyclonedds'}, 'shell': False}
[17.095239] (-) TimerEvent: {}
[17.196480] (-) TimerEvent: {}
[17.297495] (-) TimerEvent: {}
[17.398699] (-) TimerEvent: {}
[17.499904] (-) TimerEvent: {}
[17.600798] (-) TimerEvent: {}
[17.701774] (-) TimerEvent: {}
[17.802750] (-) TimerEvent: {}
[17.903668] (-) TimerEvent: {}
[18.004670] (-) TimerEvent: {}
[18.105897] (-) TimerEvent: {}
[18.207548] (-) TimerEvent: {}
[18.308686] (-) TimerEvent: {}
[18.410276] (-) TimerEvent: {}
[18.511915] (-) TimerEvent: {}
[18.613547] (-) TimerEvent: {}
[18.716215] (-) TimerEvent: {}
[18.816984] (-) TimerEvent: {}
[18.917686] (-) TimerEvent: {}
[19.018385] (-) TimerEvent: {}
[19.119101] (-) TimerEvent: {}
[19.220127] (-) TimerEvent: {}
[19.322282] (-) TimerEvent: {}
[19.441163] (-) TimerEvent: {}
[19.542845] (-) TimerEvent: {}
[19.644289] (-) TimerEvent: {}
[19.696797] (navigation_node_three) StdoutLine: {'line': b'running egg_info\n'}
[19.697818] (navigation_node_three) StdoutLine: {'line': b'writing ../../build/navigation_node_three/navigation_node_three.egg-info/PKG-INFO\n'}
[19.698034] (navigation_node_three) StdoutLine: {'line': b'writing dependency_links to ../../build/navigation_node_three/navigation_node_three.egg-info/dependency_links.txt\n'}
[19.698336] (navigation_node_three) StdoutLine: {'line': b'writing entry points to ../../build/navigation_node_three/navigation_node_three.egg-info/entry_points.txt\n'}
[19.698503] (navigation_node_three) StdoutLine: {'line': b'writing requirements to ../../build/navigation_node_three/navigation_node_three.egg-info/requires.txt\n'}
[19.698643] (navigation_node_three) StdoutLine: {'line': b'writing top-level names to ../../build/navigation_node_three/navigation_node_three.egg-info/top_level.txt\n'}
[19.698774] (navigation_node_three) StdoutLine: {'line': b"reading manifest file '../../build/navigation_node_three/navigation_node_three.egg-info/SOURCES.txt'\n"}
[19.698898] (navigation_node_three) StdoutLine: {'line': b"writing manifest file '../../build/navigation_node_three/navigation_node_three.egg-info/SOURCES.txt'\n"}
[19.699017] (navigation_node_three) StdoutLine: {'line': b'running build\n'}
[19.699134] (navigation_node_three) StdoutLine: {'line': b'running build_py\n'}
[19.699251] (navigation_node_three) StdoutLine: {'line': b'running install\n'}
[19.699368] (navigation_node_three) StdoutLine: {'line': b'running install_lib\n'}
[19.699500] (navigation_node_three) StdoutLine: {'line': b'running install_data\n'}
[19.699609] (navigation_node_three) StdoutLine: {'line': b'running install_egg_info\n'}
[19.699726] (navigation_node_three) StdoutLine: {'line': b"removing '/home/unitree/106a_final/install/navigation_node_three/lib/python3.8/site-packages/navigation_node_three-0.0.0-py3.8.egg-info' (and everything under it)\n"}
[19.699997] (navigation_node_three) StdoutLine: {'line': b'Copying ../../build/navigation_node_three/navigation_node_three.egg-info to /home/unitree/106a_final/install/navigation_node_three/lib/python3.8/site-packages/navigation_node_three-0.0.0-py3.8.egg-info\n'}
[19.700994] (navigation_node_three) StdoutLine: {'line': b'running install_scripts\n'}
[19.701309] (navigation_node_three) StdoutLine: {'line': b'Installing navigator script to /home/unitree/106a_final/install/navigation_node_three/lib/navigation_node_three\n'}
[19.701808] (navigation_node_three) StdoutLine: {'line': b"writing list of installed files to '/home/unitree/106a_final/build/navigation_node_three/install.log'\n"}
[19.702939] (navigation_node_three) CommandEnded: {'returncode': 0}
[19.744513] (-) TimerEvent: {}
[19.846976] (-) TimerEvent: {}
[19.948250] (-) TimerEvent: {}
[20.014777] (navigation_node_three) JobEnded: {'identifier': 'navigation_node_three', 'rc': 0}
[20.025490] (navigation_node_two) JobStarted: {'identifier': 'navigation_node_two'}
[20.048392] (-) TimerEvent: {}
[20.149151] (-) TimerEvent: {}
[20.250187] (-) TimerEvent: {}
[20.351153] (-) TimerEvent: {}
[20.452064] (-) TimerEvent: {}
[20.552908] (-) TimerEvent: {}
[20.653570] (-) TimerEvent: {}
[20.756348] (-) TimerEvent: {}
[20.859684] (-) TimerEvent: {}
[20.960987] (-) TimerEvent: {}
[21.061674] (-) TimerEvent: {}
[21.163912] (-) TimerEvent: {}
[21.264572] (-) TimerEvent: {}
[21.365213] (-) TimerEvent: {}
[21.466098] (-) TimerEvent: {}
[21.566966] (-) TimerEvent: {}
[21.667664] (-) TimerEvent: {}
[21.770188] (-) TimerEvent: {}
[21.878990] (-) TimerEvent: {}
[21.981338] (-) TimerEvent: {}
[22.082327] (-) TimerEvent: {}
[22.186568] (-) TimerEvent: {}
[22.289131] (-) TimerEvent: {}
[22.395498] (-) TimerEvent: {}
[22.423470] (navigation_return_node) Command: {'cmd': ['/usr/bin/python3', 'setup.py', 'egg_info', '--egg-base', '../../build/navigation_return_node', 'build', '--build-base', '/home/unitree/106a_final/build/navigation_return_node/build', 'install', '--record', '/home/unitree/106a_final/build/navigation_return_node/install.log', '--install-scripts', '$base/lib/navigation_return_node', '--single-version-externally-managed'], 'cwd': '/home/unitree/106a_final/src/navigation_return_node', 'env': {'LESSOPEN': '| /usr/bin/lesspipe %s', 'USER': 'unitree', 'SSH_CLIENT': '192.168.50.153 33250 22', 'XDG_SESSION_TYPE': 'tty', 'SHLVL': '1', 'LD_LIBRARY_PATH': '/home/unitree/106a_final/install/realsense2_camera/lib:/home/unitree/106a_final/install/realsense2_camera_msgs/lib:/usr/local/cuda-11.4/lib64:/usr/local/lib:/home/unitree/cyclonedds_ws/install/rmw_cyclonedds_cpp/lib:/home/unitree/cyclonedds_ws/install/cyclonedds/lib:/opt/ros/foxy/opt/yaml_cpp_vendor/lib:/opt/ros/foxy/opt/rviz_ogre_vendor/lib:/opt/ros/foxy/lib/aarch64-linux-gnu:/opt/ros/foxy/lib', 'MOTD_SHOWN': 'pam', 'HOME': '/home/unitree', 'CYCLONEDDS_URI': '/home/unitree/cyclonedds_ws/cyclonedds.xml', 'OLDPWD': '/home/unitree', 'SSH_TTY': '/dev/pts/8', 'ROS_PYTHON_VERSION': '3', 'DBUS_SESSION_BUS_ADDRESS': 'unix:path=/run/user/1000/bus', 'COLCON_PREFIX_PATH': '/home/unitree/106a_final/install:/home/unitree/cyclonedds_ws/install', 'ROS_DISTRO': 'foxy', 'LOGNAME': 'unitree', '_': '/usr/bin/colcon', 'ROS_VERSION': '2', 'PKG_CONFIG_PATH': '/home/unitree/cyclonedds_ws/install/cyclonedds/lib/aarch64-linux-gnu/pkgconfig:/home/unitree/cyclonedds_ws/install/cyclonedds/lib/pkgconfig', 'XDG_SESSION_CLASS': 'user', 'TERM': 'xterm-256color', 'XDG_SESSION_ID': '13', 'ROS_LOCALHOST_ONLY': '0', 'PATH': '/home/unitree/.local/bin:/usr/local/cuda-11.4/bin:/home/unitree/cyclonedds_ws/install/cyclonedds/bin:/opt/ros/foxy/bin:/usr/local/sbin:/usr/local/bin:/usr/sbin:/usr/bin:/sbin:/bin:/usr/games:/usr/local/games:/snap/bin', 'XDG_RUNTIME_DIR': '/run/user/1000', 'LANG': 'en_US.UTF-8', 'RMW_IMPLEMENTATION': 'rmw_cyclonedds_cpp', 'LS_COLORS': 'rs=0:di=01;34:ln=01;36:mh=00:pi=40;33:so=01;35:do=01;35:bd=40;33;01:cd=40;33;01:or=40;31;01:mi=00:su=37;41:sg=30;43:ca=30;41:tw=30;42:ow=34;42:st=37;44:ex=01;32:*.tar=01;31:*.tgz=01;31:*.arc=01;31:*.arj=01;31:*.taz=01;31:*.lha=01;31:*.lz4=01;31:*.lzh=01;31:*.lzma=01;31:*.tlz=01;31:*.txz=01;31:*.tzo=01;31:*.t7z=01;31:*.zip=01;31:*.z=01;31:*.dz=01;31:*.gz=01;31:*.lrz=01;31:*.lz=01;31:*.lzo=01;31:*.xz=01;31:*.zst=01;31:*.tzst=01;31:*.bz2=01;31:*.bz=01;31:*.tbz=01;31:*.tbz2=01;31:*.tz=01;31:*.deb=01;31:*.rpm=01;31:*.jar=01;31:*.war=01;31:*.ear=01;31:*.sar=01;31:*.rar=01;31:*.alz=01;31:*.ace=01;31:*.zoo=01;31:*.cpio=01;31:*.7z=01;31:*.rz=01;31:*.cab=01;31:*.wim=01;31:*.swm=01;31:*.dwm=01;31:*.esd=01;31:*.jpg=01;35:*.jpeg=01;35:*.mjpg=01;35:*.mjpeg=01;35:*.gif=01;35:*.bmp=01;35:*.pbm=01;35:*.pgm=01;35:*.ppm=01;35:*.tga=01;35:*.xbm=01;35:*.xpm=01;35:*.tif=01;35:*.tiff=01;35:*.png=01;35:*.svg=01;35:*.svgz=01;35:*.mng=01;35:*.pcx=01;35:*.mov=01;35:*.mpg=01;35:*.mpeg=01;35:*.m2v=01;35:*.mkv=01;35:*.webm=01;35:*.ogm=01;35:*.mp4=01;35:*.m4v=01;35:*.mp4v=01;35:*.vob=01;35:*.qt=01;35:*.nuv=01;35:*.wmv=01;35:*.asf=01;35:*.rm=01;35:*.rmvb=01;35:*.flc=01;35:*.avi=01;35:*.fli=01;35:*.flv=01;35:*.gl=01;35:*.dl=01;35:*.xcf=01;35:*.xwd=01;35:*.yuv=01;35:*.cgm=01;35:*.emf=01;35:*.ogv=01;35:*.ogx=01;35:*.aac=00;36:*.au=00;36:*.flac=00;36:*.m4a=00;36:*.mid=00;36:*.midi=00;36:*.mka=00;36:*.mp3=00;36:*.mpc=00;36:*.ogg=00;36:*.ra=00;36:*.wav=00;36:*.oga=00;36:*.opus=00;36:*.spx=00;36:*.xspf=00;36:', 'AMENT_PREFIX_PATH': '/home/unitree/106a_final/install/go2_bringup:/home/unitree/106a_final/install/vision_node:/home/unitree/106a_final/install/realsense2_description:/home/unitree/106a_final/install/realsense2_camera:/home/unitree/106a_final/install/realsense2_camera_msgs:/home/unitree/106a_final/install/navigation_return_node:/home/unitree/106a_final/install/navigation_node_two:/home/unitree/106a_final/install/navigation_node_three:/home/unitree/106a_final/install/navigation_node:/home/unitree/106a_final/install/navigatigation_node_three:/home/unitree/106a_final/install/base_driver:/home/unitree/106a_final/install/aruco_node:/home/unitree/106a_final/install/arm_driver:/home/unitree/106a_final/install/arm_control:/home/unitree/cyclonedds_ws/install/rmw_cyclonedds_cpp:/opt/ros/foxy', 'SHELL': '/bin/bash', 'LESSCLOSE': '/usr/bin/lesspipe %s %s', 'PWD': '/home/unitree/106a_final/build/navigation_return_node', 'LC_ALL': 'en_US.UTF-8', 'SSH_CONNECTION': '192.168.50.153 33250 192.168.50.28 22', 'XDG_DATA_DIRS': '/usr/local/share:/usr/share:/var/lib/snapd/desktop', 'PYTHONPATH': '/home/unitree/106a_final/build/navigation_return_node/prefix_override:/home/unitree/106a_final/install/navigation_return_node/lib/python3.8/site-packages:/home/unitree/106a_final/install/go2_bringup/lib/python3.8/site-packages:/home/unitree/106a_final/install/vision_node/lib/python3.8/site-packages:/home/unitree/106a_final/install/realsense2_camera_msgs/lib/python3.8/site-packages:/home/unitree/106a_final/install/navigation_return_node/lib/python3.8/site-packages:/home/unitree/106a_final/install/navigation_node_two/lib/python3.8/site-packages:/home/unitree/106a_final/install/navigation_node_three/lib/python3.8/site-packages:/home/unitree/106a_final/install/navigation_node/lib/python3.8/site-packages:/home/unitree/106a_final/install/navigatigation_node_three/lib/python3.8/site-packages:/home/unitree/106a_final/install/aruco_node/lib/python3.8/site-packages:/home/unitree/106a_final/install/arm_control/lib/python3.8/site-packages:/opt/ros/foxy/lib/python3.8/site-packages', 'COLCON': '1', 'CMAKE_PREFIX_PATH': '/home/unitree/106a_final/install/realsense2_description:/home/unitree/106a_final/install/realsense2_camera:/home/unitree/106a_final/install/realsense2_camera_msgs:/home/unitree/106a_final/install/base_driver:/home/unitree/106a_final/install/arm_driver:/home/unitree/cyclonedds_ws/install/rmw_cyclonedds_cpp:/home/unitree/cyclonedds_ws/install/cyclonedds'}, 'shell': False}
[22.454402] (navigation_node) Command: {'cmd': ['/usr/bin/python3', 'setup.py', 'egg_info', '--egg-base', '../../build/navigation_node', 'build', '--build-base', '/home/unitree/106a_final/build/navigation_node/build', 'install', '--record', '/home/unitree/106a_final/build/navigation_node/install.log', '--install-scripts', '$base/lib/navigation_node', '--single-version-externally-managed'], 'cwd': '/home/unitree/106a_final/src/navigation_node', 'env': {'LESSOPEN': '| /usr/bin/lesspipe %s', 'USER': 'unitree', 'SSH_CLIENT': '192.168.50.153 33250 22', 'XDG_SESSION_TYPE': 'tty', 'SHLVL': '1', 'LD_LIBRARY_PATH': '/home/unitree/106a_final/install/realsense2_camera/lib:/home/unitree/106a_final/install/realsense2_camera_msgs/lib:/usr/local/cuda-11.4/lib64:/usr/local/lib:/home/unitree/cyclonedds_ws/install/rmw_cyclonedds_cpp/lib:/home/unitree/cyclonedds_ws/install/cyclonedds/lib:/opt/ros/foxy/opt/yaml_cpp_vendor/lib:/opt/ros/foxy/opt/rviz_ogre_vendor/lib:/opt/ros/foxy/lib/aarch64-linux-gnu:/opt/ros/foxy/lib', 'MOTD_SHOWN': 'pam', 'HOME': '/home/unitree', 'CYCLONEDDS_URI': '/home/unitree/cyclonedds_ws/cyclonedds.xml', 'OLDPWD': '/home/unitree', 'SSH_TTY': '/dev/pts/8', 'ROS_PYTHON_VERSION': '3', 'DBUS_SESSION_BUS_ADDRESS': 'unix:path=/run/user/1000/bus', 'COLCON_PREFIX_PATH': '/home/unitree/106a_final/install:/home/unitree/cyclonedds_ws/install', 'ROS_DISTRO': 'foxy', 'LOGNAME': 'unitree', '_': '/usr/bin/colcon', 'ROS_VERSION': '2', 'PKG_CONFIG_PATH': '/home/unitree/cyclonedds_ws/install/cyclonedds/lib/aarch64-linux-gnu/pkgconfig:/home/unitree/cyclonedds_ws/install/cyclonedds/lib/pkgconfig', 'XDG_SESSION_CLASS': 'user', 'TERM': 'xterm-256color', 'XDG_SESSION_ID': '13', 'ROS_LOCALHOST_ONLY': '0', 'PATH': '/home/unitree/.local/bin:/usr/local/cuda-11.4/bin:/home/unitree/cyclonedds_ws/install/cyclonedds/bin:/opt/ros/foxy/bin:/usr/local/sbin:/usr/local/bin:/usr/sbin:/usr/bin:/sbin:/bin:/usr/games:/usr/local/games:/snap/bin', 'XDG_RUNTIME_DIR': '/run/user/1000', 'LANG': 'en_US.UTF-8', 'RMW_IMPLEMENTATION': 'rmw_cyclonedds_cpp', 'LS_COLORS': 'rs=0:di=01;34:ln=01;36:mh=00:pi=40;33:so=01;35:do=01;35:bd=40;33;01:cd=40;33;01:or=40;31;01:mi=00:su=37;41:sg=30;43:ca=30;41:tw=30;42:ow=34;42:st=37;44:ex=01;32:*.tar=01;31:*.tgz=01;31:*.arc=01;31:*.arj=01;31:*.taz=01;31:*.lha=01;31:*.lz4=01;31:*.lzh=01;31:*.lzma=01;31:*.tlz=01;31:*.txz=01;31:*.tzo=01;31:*.t7z=01;31:*.zip=01;31:*.z=01;31:*.dz=01;31:*.gz=01;31:*.lrz=01;31:*.lz=01;31:*.lzo=01;31:*.xz=01;31:*.zst=01;31:*.tzst=01;31:*.bz2=01;31:*.bz=01;31:*.tbz=01;31:*.tbz2=01;31:*.tz=01;31:*.deb=01;31:*.rpm=01;31:*.jar=01;31:*.war=01;31:*.ear=01;31:*.sar=01;31:*.rar=01;31:*.alz=01;31:*.ace=01;31:*.zoo=01;31:*.cpio=01;31:*.7z=01;31:*.rz=01;31:*.cab=01;31:*.wim=01;31:*.swm=01;31:*.dwm=01;31:*.esd=01;31:*.jpg=01;35:*.jpeg=01;35:*.mjpg=01;35:*.mjpeg=01;35:*.gif=01;35:*.bmp=01;35:*.pbm=01;35:*.pgm=01;35:*.ppm=01;35:*.tga=01;35:*.xbm=01;35:*.xpm=01;35:*.tif=01;35:*.tiff=01;35:*.png=01;35:*.svg=01;35:*.svgz=01;35:*.mng=01;35:*.pcx=01;35:*.mov=01;35:*.mpg=01;35:*.mpeg=01;35:*.m2v=01;35:*.mkv=01;35:*.webm=01;35:*.ogm=01;35:*.mp4=01;35:*.m4v=01;35:*.mp4v=01;35:*.vob=01;35:*.qt=01;35:*.nuv=01;35:*.wmv=01;35:*.asf=01;35:*.rm=01;35:*.rmvb=01;35:*.flc=01;35:*.avi=01;35:*.fli=01;35:*.flv=01;35:*.gl=01;35:*.dl=01;35:*.xcf=01;35:*.xwd=01;35:*.yuv=01;35:*.cgm=01;35:*.emf=01;35:*.ogv=01;35:*.ogx=01;35:*.aac=00;36:*.au=00;36:*.flac=00;36:*.m4a=00;36:*.mid=00;36:*.midi=00;36:*.mka=00;36:*.mp3=00;36:*.mpc=00;36:*.ogg=00;36:*.ra=00;36:*.wav=00;36:*.oga=00;36:*.opus=00;36:*.spx=00;36:*.xspf=00;36:', 'AMENT_PREFIX_PATH': '/home/unitree/106a_final/install/go2_bringup:/home/unitree/106a_final/install/vision_node:/home/unitree/106a_final/install/realsense2_description:/home/unitree/106a_final/install/realsense2_camera:/home/unitree/106a_final/install/realsense2_camera_msgs:/home/unitree/106a_final/install/navigation_return_node:/home/unitree/106a_final/install/navigation_node_two:/home/unitree/106a_final/install/navigation_node_three:/home/unitree/106a_final/install/navigation_node:/home/unitree/106a_final/install/navigatigation_node_three:/home/unitree/106a_final/install/base_driver:/home/unitree/106a_final/install/aruco_node:/home/unitree/106a_final/install/arm_driver:/home/unitree/106a_final/install/arm_control:/home/unitree/cyclonedds_ws/install/rmw_cyclonedds_cpp:/opt/ros/foxy', 'SHELL': '/bin/bash', 'LESSCLOSE': '/usr/bin/lesspipe %s %s', 'PWD': '/home/unitree/106a_final/build/navigation_node', 'LC_ALL': 'en_US.UTF-8', 'SSH_CONNECTION': '192.168.50.153 33250 192.168.50.28 22', 'XDG_DATA_DIRS': '/usr/local/share:/usr/share:/var/lib/snapd/desktop', 'PYTHONPATH': '/home/unitree/106a_final/build/navigation_node/prefix_override:/home/unitree/106a_final/install/navigation_node/lib/python3.8/site-packages:/home/unitree/106a_final/install/go2_bringup/lib/python3.8/site-packages:/home/unitree/106a_final/install/vision_node/lib/python3.8/site-packages:/home/unitree/106a_final/install/realsense2_camera_msgs/lib/python3.8/site-packages:/home/unitree/106a_final/install/navigation_return_node/lib/python3.8/site-packages:/home/unitree/106a_final/install/navigation_node_two/lib/python3.8/site-packages:/home/unitree/106a_final/install/navigation_node_three/lib/python3.8/site-packages:/home/unitree/106a_final/install/navigation_node/lib/python3.8/site-packages:/home/unitree/106a_final/install/navigatigation_node_three/lib/python3.8/site-packages:/home/unitree/106a_final/install/aruco_node/lib/python3.8/site-packages:/home/unitree/106a_final/install/arm_control/lib/python3.8/site-packages:/opt/ros/foxy/lib/python3.8/site-packages', 'COLCON': '1', 'CMAKE_PREFIX_PATH': '/home/unitree/106a_final/install/realsense2_description:/home/unitree/106a_final/install/realsense2_camera:/home/unitree/106a_final/install/realsense2_camera_msgs:/home/unitree/106a_final/install/base_driver:/home/unitree/106a_final/install/arm_driver:/home/unitree/cyclonedds_ws/install/rmw_cyclonedds_cpp:/home/unitree/cyclonedds_ws/install/cyclonedds'}, 'shell': False}
[22.499135] (-) TimerEvent: {}
[22.600443] (-) TimerEvent: {}
[22.701124] (-) TimerEvent: {}
[22.801871] (-) TimerEvent: {}
[22.902619] (-) TimerEvent: {}
[22.916470] (vision_node) Command: {'cmd': ['/usr/bin/python3', 'setup.py', 'egg_info', '--egg-base', '../../build/vision_node', 'build', '--build-base', '/home/unitree/106a_final/build/vision_node/build', 'install', '--record', '/home/unitree/106a_final/build/vision_node/install.log', '--install-scripts', '$base/lib/vision_node', '--single-version-externally-managed'], 'cwd': '/home/unitree/106a_final/src/vision_node', 'env': {'LESSOPEN': '| /usr/bin/lesspipe %s', 'USER': 'unitree', 'SSH_CLIENT': '192.168.50.153 33250 22', 'XDG_SESSION_TYPE': 'tty', 'SHLVL': '1', 'LD_LIBRARY_PATH': '/home/unitree/106a_final/install/realsense2_camera/lib:/home/unitree/106a_final/install/realsense2_camera_msgs/lib:/usr/local/cuda-11.4/lib64:/usr/local/lib:/home/unitree/cyclonedds_ws/install/rmw_cyclonedds_cpp/lib:/home/unitree/cyclonedds_ws/install/cyclonedds/lib:/opt/ros/foxy/opt/yaml_cpp_vendor/lib:/opt/ros/foxy/opt/rviz_ogre_vendor/lib:/opt/ros/foxy/lib/aarch64-linux-gnu:/opt/ros/foxy/lib', 'MOTD_SHOWN': 'pam', 'HOME': '/home/unitree', 'CYCLONEDDS_URI': '/home/unitree/cyclonedds_ws/cyclonedds.xml', 'OLDPWD': '/home/unitree', 'SSH_TTY': '/dev/pts/8', 'ROS_PYTHON_VERSION': '3', 'DBUS_SESSION_BUS_ADDRESS': 'unix:path=/run/user/1000/bus', 'COLCON_PREFIX_PATH': '/home/unitree/106a_final/install:/home/unitree/cyclonedds_ws/install', 'ROS_DISTRO': 'foxy', 'LOGNAME': 'unitree', '_': '/usr/bin/colcon', 'ROS_VERSION': '2', 'PKG_CONFIG_PATH': '/home/unitree/cyclonedds_ws/install/cyclonedds/lib/aarch64-linux-gnu/pkgconfig:/home/unitree/cyclonedds_ws/install/cyclonedds/lib/pkgconfig', 'XDG_SESSION_CLASS': 'user', 'TERM': 'xterm-256color', 'XDG_SESSION_ID': '13', 'ROS_LOCALHOST_ONLY': '0', 'PATH': '/home/unitree/.local/bin:/usr/local/cuda-11.4/bin:/home/unitree/cyclonedds_ws/install/cyclonedds/bin:/opt/ros/foxy/bin:/usr/local/sbin:/usr/local/bin:/usr/sbin:/usr/bin:/sbin:/bin:/usr/games:/usr/local/games:/snap/bin', 'XDG_RUNTIME_DIR': '/run/user/1000', 'LANG': 'en_US.UTF-8', 'RMW_IMPLEMENTATION': 'rmw_cyclonedds_cpp', 'LS_COLORS': 'rs=0:di=01;34:ln=01;36:mh=00:pi=40;33:so=01;35:do=01;35:bd=40;33;01:cd=40;33;01:or=40;31;01:mi=00:su=37;41:sg=30;43:ca=30;41:tw=30;42:ow=34;42:st=37;44:ex=01;32:*.tar=01;31:*.tgz=01;31:*.arc=01;31:*.arj=01;31:*.taz=01;31:*.lha=01;31:*.lz4=01;31:*.lzh=01;31:*.lzma=01;31:*.tlz=01;31:*.txz=01;31:*.tzo=01;31:*.t7z=01;31:*.zip=01;31:*.z=01;31:*.dz=01;31:*.gz=01;31:*.lrz=01;31:*.lz=01;31:*.lzo=01;31:*.xz=01;31:*.zst=01;31:*.tzst=01;31:*.bz2=01;31:*.bz=01;31:*.tbz=01;31:*.tbz2=01;31:*.tz=01;31:*.deb=01;31:*.rpm=01;31:*.jar=01;31:*.war=01;31:*.ear=01;31:*.sar=01;31:*.rar=01;31:*.alz=01;31:*.ace=01;31:*.zoo=01;31:*.cpio=01;31:*.7z=01;31:*.rz=01;31:*.cab=01;31:*.wim=01;31:*.swm=01;31:*.dwm=01;31:*.esd=01;31:*.jpg=01;35:*.jpeg=01;35:*.mjpg=01;35:*.mjpeg=01;35:*.gif=01;35:*.bmp=01;35:*.pbm=01;35:*.pgm=01;35:*.ppm=01;35:*.tga=01;35:*.xbm=01;35:*.xpm=01;35:*.tif=01;35:*.tiff=01;35:*.png=01;35:*.svg=01;35:*.svgz=01;35:*.mng=01;35:*.pcx=01;35:*.mov=01;35:*.mpg=01;35:*.mpeg=01;35:*.m2v=01;35:*.mkv=01;35:*.webm=01;35:*.ogm=01;35:*.mp4=01;35:*.m4v=01;35:*.mp4v=01;35:*.vob=01;35:*.qt=01;35:*.nuv=01;35:*.wmv=01;35:*.asf=01;35:*.rm=01;35:*.rmvb=01;35:*.flc=01;35:*.avi=01;35:*.fli=01;35:*.flv=01;35:*.gl=01;35:*.dl=01;35:*.xcf=01;35:*.xwd=01;35:*.yuv=01;35:*.cgm=01;35:*.emf=01;35:*.ogv=01;35:*.ogx=01;35:*.aac=00;36:*.au=00;36:*.flac=00;36:*.m4a=00;36:*.mid=00;36:*.midi=00;36:*.mka=00;36:*.mp3=00;36:*.mpc=00;36:*.ogg=00;36:*.ra=00;36:*.wav=00;36:*.oga=00;36:*.opus=00;36:*.spx=00;36:*.xspf=00;36:', 'AMENT_PREFIX_PATH': '/home/unitree/106a_final/install/go2_bringup:/home/unitree/106a_final/install/vision_node:/home/unitree/106a_final/install/realsense2_description:/home/unitree/106a_final/install/realsense2_camera:/home/unitree/106a_final/install/realsense2_camera_msgs:/home/unitree/106a_final/install/navigation_return_node:/home/unitree/106a_final/install/navigation_node_two:/home/unitree/106a_final/install/navigation_node_three:/home/unitree/106a_final/install/navigation_node:/home/unitree/106a_final/install/navigatigation_node_three:/home/unitree/106a_final/install/base_driver:/home/unitree/106a_final/install/aruco_node:/home/unitree/106a_final/install/arm_driver:/home/unitree/106a_final/install/arm_control:/home/unitree/cyclonedds_ws/install/rmw_cyclonedds_cpp:/opt/ros/foxy', 'SHELL': '/bin/bash', 'LESSCLOSE': '/usr/bin/lesspipe %s %s', 'PWD': '/home/unitree/106a_final/build/vision_node', 'LC_ALL': 'en_US.UTF-8', 'SSH_CONNECTION': '192.168.50.153 33250 192.168.50.28 22', 'XDG_DATA_DIRS': '/usr/local/share:/usr/share:/var/lib/snapd/desktop', 'PYTHONPATH': '/home/unitree/106a_final/build/vision_node/prefix_override:/home/unitree/106a_final/install/vision_node/lib/python3.8/site-packages:/home/unitree/106a_final/install/go2_bringup/lib/python3.8/site-packages:/home/unitree/106a_final/install/vision_node/lib/python3.8/site-packages:/home/unitree/106a_final/install/realsense2_camera_msgs/lib/python3.8/site-packages:/home/unitree/106a_final/install/navigation_return_node/lib/python3.8/site-packages:/home/unitree/106a_final/install/navigation_node_two/lib/python3.8/site-packages:/home/unitree/106a_final/install/navigation_node_three/lib/python3.8/site-packages:/home/unitree/106a_final/install/navigation_node/lib/python3.8/site-packages:/home/unitree/106a_final/install/navigatigation_node_three/lib/python3.8/site-packages:/home/unitree/106a_final/install/aruco_node/lib/python3.8/site-packages:/home/unitree/106a_final/install/arm_control/lib/python3.8/site-packages:/opt/ros/foxy/lib/python3.8/site-packages', 'COLCON': '1', 'CMAKE_PREFIX_PATH': '/home/unitree/106a_final/install/realsense2_description:/home/unitree/106a_final/install/realsense2_camera:/home/unitree/106a_final/install/realsense2_camera_msgs:/home/unitree/106a_final/install/base_driver:/home/unitree/106a_final/install/arm_driver:/home/unitree/cyclonedds_ws/install/rmw_cyclonedds_cpp:/home/unitree/cyclonedds_ws/install/cyclonedds'}, 'shell': False}
[23.002801] (-) TimerEvent: {}
[23.093715] (navigation_return_node) StdoutLine: {'line': b'running egg_info\n'}
[23.095051] (navigation_return_node) StdoutLine: {'line': b'writing ../../build/navigation_return_node/navigation_return_node.egg-info/PKG-INFO\n'}
[23.095618] (navigation_return_node) StdoutLine: {'line': b'writing dependency_links to ../../build/navigation_return_node/navigation_return_node.egg-info/dependency_links.txt\n'}
[23.098119] (navigation_return_node) StdoutLine: {'line': b'writing entry points to ../../build/navigation_return_node/navigation_return_node.egg-info/entry_points.txt\n'}
[23.098561] (navigation_return_node) StdoutLine: {'line': b'writing requirements to ../../build/navigation_return_node/navigation_return_node.egg-info/requires.txt\n'}
[23.098968] (navigation_return_node) StdoutLine: {'line': b'writing top-level names to ../../build/navigation_return_node/navigation_return_node.egg-info/top_level.txt\n'}
[23.103073] (-) TimerEvent: {}
[23.203721] (-) TimerEvent: {}
[23.265603] (navigation_return_node) StdoutLine: {'line': b"reading manifest file '../../build/navigation_return_node/navigation_return_node.egg-info/SOURCES.txt'\n"}
[23.267608] (navigation_return_node) StdoutLine: {'line': b"writing manifest file '../../build/navigation_return_node/navigation_return_node.egg-info/SOURCES.txt'\n"}
[23.268101] (navigation_return_node) StdoutLine: {'line': b'running build\n'}
[23.268296] (navigation_return_node) StdoutLine: {'line': b'running build_py\n'}
[23.268657] (navigation_return_node) StdoutLine: {'line': b'running install\n'}
[23.270726] (navigation_return_node) StdoutLine: {'line': b'running install_lib\n'}
[23.290351] (navigation_return_node) StdoutLine: {'line': b'running install_data\n'}
[23.291939] (navigation_return_node) StdoutLine: {'line': b'running install_egg_info\n'}
[23.297498] (navigation_return_node) StdoutLine: {'line': b"removing '/home/unitree/106a_final/install/navigation_return_node/lib/python3.8/site-packages/navigation_return_node-0.0.0-py3.8.egg-info' (and everything under it)\n"}
[23.298186] (navigation_return_node) StdoutLine: {'line': b'Copying ../../build/navigation_return_node/navigation_return_node.egg-info to /home/unitree/106a_final/install/navigation_return_node/lib/python3.8/site-packages/navigation_return_node-0.0.0-py3.8.egg-info\n'}
[23.303936] (-) TimerEvent: {}
[23.307366] (navigation_return_node) StdoutLine: {'line': b'running install_scripts\n'}
[23.404082] (-) TimerEvent: {}
[23.418191] (navigation_return_node) StdoutLine: {'line': b'Installing return_navigator script to /home/unitree/106a_final/install/navigation_return_node/lib/navigation_return_node\n'}
[23.428909] (navigation_return_node) StdoutLine: {'line': b"writing list of installed files to '/home/unitree/106a_final/build/navigation_return_node/install.log'\n"}
[23.504235] (-) TimerEvent: {}
[23.542845] (vision_node) StdoutLine: {'line': b'running egg_info\n'}
[23.544232] (vision_node) StdoutLine: {'line': b'writing ../../build/vision_node/vision_node.egg-info/PKG-INFO\n'}
[23.544972] (vision_node) StdoutLine: {'line': b'writing dependency_links to ../../build/vision_node/vision_node.egg-info/dependency_links.txt\n'}
[23.545441] (vision_node) StdoutLine: {'line': b'writing entry points to ../../build/vision_node/vision_node.egg-info/entry_points.txt\n'}
[23.545762] (vision_node) StdoutLine: {'line': b'writing requirements to ../../build/vision_node/vision_node.egg-info/requires.txt\n'}
[23.546027] (vision_node) StdoutLine: {'line': b'writing top-level names to ../../build/vision_node/vision_node.egg-info/top_level.txt\n'}
[23.604382] (-) TimerEvent: {}
[23.617748] (navigation_return_node) CommandEnded: {'returncode': 0}
[23.620865] (vision_node) StdoutLine: {'line': b"reading manifest file '../../build/vision_node/vision_node.egg-info/SOURCES.txt'\n"}
[23.622518] (vision_node) StdoutLine: {'line': b"writing manifest file '../../build/vision_node/vision_node.egg-info/SOURCES.txt'\n"}
[23.622843] (vision_node) StdoutLine: {'line': b'running build\n'}
[23.623008] (vision_node) StdoutLine: {'line': b'running build_py\n'}
[23.623599] (vision_node) StdoutLine: {'line': b'running install\n'}
[23.629493] (vision_node) StdoutLine: {'line': b'running install_lib\n'}
[23.630049] (vision_node) StdoutLine: {'line': b'running install_data\n'}
[23.639520] (vision_node) StdoutLine: {'line': b'running install_egg_info\n'}
[23.639992] (vision_node) StdoutLine: {'line': b"removing '/home/unitree/106a_final/install/vision_node/lib/python3.8/site-packages/vision_node-0.0.0-py3.8.egg-info' (and everything under it)\n"}
[23.640157] (vision_node) StdoutLine: {'line': b'Copying ../../build/vision_node/vision_node.egg-info to /home/unitree/106a_final/install/vision_node/lib/python3.8/site-packages/vision_node-0.0.0-py3.8.egg-info\n'}
[23.640296] (vision_node) StdoutLine: {'line': b'running install_scripts\n'}
[23.664138] (navigation_node) StdoutLine: {'line': b'running egg_info\n'}
[23.664685] (navigation_node) StdoutLine: {'line': b'writing ../../build/navigation_node/navigation_node.egg-info/PKG-INFO\n'}
[23.664871] (navigation_node) StdoutLine: {'line': b'writing dependency_links to ../../build/navigation_node/navigation_node.egg-info/dependency_links.txt\n'}
[23.665011] (navigation_node) StdoutLine: {'line': b'writing entry points to ../../build/navigation_node/navigation_node.egg-info/entry_points.txt\n'}
[23.665137] (navigation_node) StdoutLine: {'line': b'writing requirements to ../../build/navigation_node/navigation_node.egg-info/requires.txt\n'}
[23.665255] (navigation_node) StdoutLine: {'line': b'writing top-level names to ../../build/navigation_node/navigation_node.egg-info/top_level.txt\n'}
[23.688162] (vision_node) StdoutLine: {'line': b'Installing arm_aruco script to /home/unitree/106a_final/install/vision_node/lib/vision_node\n'}
[23.688635] (vision_node) StdoutLine: {'line': b'Installing pingpong_node script to /home/unitree/106a_final/install/vision_node/lib/vision_node\n'}
[23.689935] (vision_node) StdoutLine: {'line': b"writing list of installed files to '/home/unitree/106a_final/build/vision_node/install.log'\n"}
[23.727950] (-) TimerEvent: {}
[23.748603] (navigation_node) StdoutLine: {'line': b"reading manifest file '../../build/navigation_node/navigation_node.egg-info/SOURCES.txt'\n"}
[23.749070] (navigation_node) StdoutLine: {'line': b"writing manifest file '../../build/navigation_node/navigation_node.egg-info/SOURCES.txt'\n"}
[23.749232] (navigation_node) StdoutLine: {'line': b'running build\n'}
[23.749364] (navigation_node) StdoutLine: {'line': b'running build_py\n'}
[23.749490] (navigation_node) StdoutLine: {'line': b'running install\n'}
[23.750772] (navigation_node) StdoutLine: {'line': b'running install_lib\n'}
[23.769628] (navigation_node) StdoutLine: {'line': b'running install_data\n'}
[23.770162] (navigation_node) StdoutLine: {'line': b'running install_egg_info\n'}
[23.796240] (navigation_node) StdoutLine: {'line': b"removing '/home/unitree/106a_final/install/navigation_node/lib/python3.8/site-packages/navigation_node-0.0.0-py3.8.egg-info' (and everything under it)\n"}
[23.797161] (navigation_node) StdoutLine: {'line': b'Copying ../../build/navigation_node/navigation_node.egg-info to /home/unitree/106a_final/install/navigation_node/lib/python3.8/site-packages/navigation_node-0.0.0-py3.8.egg-info\n'}
[23.798249] (navigation_node) StdoutLine: {'line': b'running install_scripts\n'}
[23.828238] (-) TimerEvent: {}
[23.852065] (navigation_node) StdoutLine: {'line': b'Installing nav_node_go script to /home/unitree/106a_final/install/navigation_node/lib/navigation_node\n'}
[23.852589] (navigation_node) StdoutLine: {'line': b"writing list of installed files to '/home/unitree/106a_final/build/navigation_node/install.log'\n"}
[23.928451] (-) TimerEvent: {}
[24.029111] (-) TimerEvent: {}
[24.101688] (navigation_return_node) JobEnded: {'identifier': 'navigation_return_node', 'rc': 0}
[24.105431] (navigation_node) CommandEnded: {'returncode': 0}
[24.129498] (-) TimerEvent: {}
[24.230108] (-) TimerEvent: {}
[24.331000] (-) TimerEvent: {}
[24.431920] (-) TimerEvent: {}
[24.488704] (navigation_node) JobEnded: {'identifier': 'navigation_node', 'rc': 0}
[24.491136] (vision_node) CommandEnded: {'returncode': 0}
[24.532095] (-) TimerEvent: {}
[24.633330] (-) TimerEvent: {}
[24.734557] (-) TimerEvent: {}
[24.835985] (-) TimerEvent: {}
[24.850504] (vision_node) JobEnded: {'identifier': 'vision_node', 'rc': 0}
[24.853009] (go2_bringup) JobStarted: {'identifier': 'go2_bringup'}
[24.936134] (-) TimerEvent: {}
[25.037385] (-) TimerEvent: {}
[25.138880] (-) TimerEvent: {}
[25.241742] (-) TimerEvent: {}
[25.345319] (-) TimerEvent: {}
[25.446773] (-) TimerEvent: {}
[25.519008] (navigation_node_two) Command: {'cmd': ['/usr/bin/python3', 'setup.py', 'egg_info', '--egg-base', '../../build/navigation_node_two', 'build', '--build-base', '/home/unitree/106a_final/build/navigation_node_two/build', 'install', '--record', '/home/unitree/106a_final/build/navigation_node_two/install.log', '--install-scripts', '$base/lib/navigation_node_two', '--single-version-externally-managed'], 'cwd': '/home/unitree/106a_final/src/navigation_node_two', 'env': {'LESSOPEN': '| /usr/bin/lesspipe %s', 'USER': 'unitree', 'SSH_CLIENT': '192.168.50.153 33250 22', 'XDG_SESSION_TYPE': 'tty', 'SHLVL': '1', 'LD_LIBRARY_PATH': '/home/unitree/106a_final/install/realsense2_camera/lib:/home/unitree/106a_final/install/realsense2_camera_msgs/lib:/usr/local/cuda-11.4/lib64:/usr/local/lib:/home/unitree/cyclonedds_ws/install/rmw_cyclonedds_cpp/lib:/home/unitree/cyclonedds_ws/install/cyclonedds/lib:/opt/ros/foxy/opt/yaml_cpp_vendor/lib:/opt/ros/foxy/opt/rviz_ogre_vendor/lib:/opt/ros/foxy/lib/aarch64-linux-gnu:/opt/ros/foxy/lib', 'MOTD_SHOWN': 'pam', 'HOME': '/home/unitree', 'CYCLONEDDS_URI': '/home/unitree/cyclonedds_ws/cyclonedds.xml', 'OLDPWD': '/home/unitree', 'SSH_TTY': '/dev/pts/8', 'ROS_PYTHON_VERSION': '3', 'DBUS_SESSION_BUS_ADDRESS': 'unix:path=/run/user/1000/bus', 'COLCON_PREFIX_PATH': '/home/unitree/106a_final/install:/home/unitree/cyclonedds_ws/install', 'ROS_DISTRO': 'foxy', 'LOGNAME': 'unitree', '_': '/usr/bin/colcon', 'ROS_VERSION': '2', 'PKG_CONFIG_PATH': '/home/unitree/cyclonedds_ws/install/cyclonedds/lib/aarch64-linux-gnu/pkgconfig:/home/unitree/cyclonedds_ws/install/cyclonedds/lib/pkgconfig', 'XDG_SESSION_CLASS': 'user', 'TERM': 'xterm-256color', 'XDG_SESSION_ID': '13', 'ROS_LOCALHOST_ONLY': '0', 'PATH': '/home/unitree/.local/bin:/usr/local/cuda-11.4/bin:/home/unitree/cyclonedds_ws/install/cyclonedds/bin:/opt/ros/foxy/bin:/usr/local/sbin:/usr/local/bin:/usr/sbin:/usr/bin:/sbin:/bin:/usr/games:/usr/local/games:/snap/bin', 'XDG_RUNTIME_DIR': '/run/user/1000', 'LANG': 'en_US.UTF-8', 'RMW_IMPLEMENTATION': 'rmw_cyclonedds_cpp', 'LS_COLORS': 'rs=0:di=01;34:ln=01;36:mh=00:pi=40;33:so=01;35:do=01;35:bd=40;33;01:cd=40;33;01:or=40;31;01:mi=00:su=37;41:sg=30;43:ca=30;41:tw=30;42:ow=34;42:st=37;44:ex=01;32:*.tar=01;31:*.tgz=01;31:*.arc=01;31:*.arj=01;31:*.taz=01;31:*.lha=01;31:*.lz4=01;31:*.lzh=01;31:*.lzma=01;31:*.tlz=01;31:*.txz=01;31:*.tzo=01;31:*.t7z=01;31:*.zip=01;31:*.z=01;31:*.dz=01;31:*.gz=01;31:*.lrz=01;31:*.lz=01;31:*.lzo=01;31:*.xz=01;31:*.zst=01;31:*.tzst=01;31:*.bz2=01;31:*.bz=01;31:*.tbz=01;31:*.tbz2=01;31:*.tz=01;31:*.deb=01;31:*.rpm=01;31:*.jar=01;31:*.war=01;31:*.ear=01;31:*.sar=01;31:*.rar=01;31:*.alz=01;31:*.ace=01;31:*.zoo=01;31:*.cpio=01;31:*.7z=01;31:*.rz=01;31:*.cab=01;31:*.wim=01;31:*.swm=01;31:*.dwm=01;31:*.esd=01;31:*.jpg=01;35:*.jpeg=01;35:*.mjpg=01;35:*.mjpeg=01;35:*.gif=01;35:*.bmp=01;35:*.pbm=01;35:*.pgm=01;35:*.ppm=01;35:*.tga=01;35:*.xbm=01;35:*.xpm=01;35:*.tif=01;35:*.tiff=01;35:*.png=01;35:*.svg=01;35:*.svgz=01;35:*.mng=01;35:*.pcx=01;35:*.mov=01;35:*.mpg=01;35:*.mpeg=01;35:*.m2v=01;35:*.mkv=01;35:*.webm=01;35:*.ogm=01;35:*.mp4=01;35:*.m4v=01;35:*.mp4v=01;35:*.vob=01;35:*.qt=01;35:*.nuv=01;35:*.wmv=01;35:*.asf=01;35:*.rm=01;35:*.rmvb=01;35:*.flc=01;35:*.avi=01;35:*.fli=01;35:*.flv=01;35:*.gl=01;35:*.dl=01;35:*.xcf=01;35:*.xwd=01;35:*.yuv=01;35:*.cgm=01;35:*.emf=01;35:*.ogv=01;35:*.ogx=01;35:*.aac=00;36:*.au=00;36:*.flac=00;36:*.m4a=00;36:*.mid=00;36:*.midi=00;36:*.mka=00;36:*.mp3=00;36:*.mpc=00;36:*.ogg=00;36:*.ra=00;36:*.wav=00;36:*.oga=00;36:*.opus=00;36:*.spx=00;36:*.xspf=00;36:', 'AMENT_PREFIX_PATH': '/home/unitree/106a_final/install/go2_bringup:/home/unitree/106a_final/install/vision_node:/home/unitree/106a_final/install/realsense2_description:/home/unitree/106a_final/install/realsense2_camera:/home/unitree/106a_final/install/realsense2_camera_msgs:/home/unitree/106a_final/install/navigation_return_node:/home/unitree/106a_final/install/navigation_node_two:/home/unitree/106a_final/install/navigation_node_three:/home/unitree/106a_final/install/navigation_node:/home/unitree/106a_final/install/navigatigation_node_three:/home/unitree/106a_final/install/base_driver:/home/unitree/106a_final/install/aruco_node:/home/unitree/106a_final/install/arm_driver:/home/unitree/106a_final/install/arm_control:/home/unitree/cyclonedds_ws/install/rmw_cyclonedds_cpp:/opt/ros/foxy', 'SHELL': '/bin/bash', 'LESSCLOSE': '/usr/bin/lesspipe %s %s', 'PWD': '/home/unitree/106a_final/build/navigation_node_two', 'LC_ALL': 'en_US.UTF-8', 'SSH_CONNECTION': '192.168.50.153 33250 192.168.50.28 22', 'XDG_DATA_DIRS': '/usr/local/share:/usr/share:/var/lib/snapd/desktop', 'PYTHONPATH': '/home/unitree/106a_final/build/navigation_node_two/prefix_override:/home/unitree/106a_final/install/navigation_node_two/lib/python3.8/site-packages:/home/unitree/106a_final/install/go2_bringup/lib/python3.8/site-packages:/home/unitree/106a_final/install/vision_node/lib/python3.8/site-packages:/home/unitree/106a_final/install/realsense2_camera_msgs/lib/python3.8/site-packages:/home/unitree/106a_final/install/navigation_return_node/lib/python3.8/site-packages:/home/unitree/106a_final/install/navigation_node_two/lib/python3.8/site-packages:/home/unitree/106a_final/install/navigation_node_three/lib/python3.8/site-packages:/home/unitree/106a_final/install/navigation_node/lib/python3.8/site-packages:/home/unitree/106a_final/install/navigatigation_node_three/lib/python3.8/site-packages:/home/unitree/106a_final/install/aruco_node/lib/python3.8/site-packages:/home/unitree/106a_final/install/arm_control/lib/python3.8/site-packages:/opt/ros/foxy/lib/python3.8/site-packages', 'COLCON': '1', 'CMAKE_PREFIX_PATH': '/home/unitree/106a_final/install/realsense2_description:/home/unitree/106a_final/install/realsense2_camera:/home/unitree/106a_final/install/realsense2_camera_msgs:/home/unitree/106a_final/install/base_driver:/home/unitree/106a_final/install/arm_driver:/home/unitree/cyclonedds_ws/install/rmw_cyclonedds_cpp:/home/unitree/cyclonedds_ws/install/cyclonedds'}, 'shell': False}
[25.547399] (-) TimerEvent: {}
[25.649131] (-) TimerEvent: {}
[25.752957] (-) TimerEvent: {}
[25.854203] (-) TimerEvent: {}
[25.954875] (-) TimerEvent: {}
[26.056178] (-) TimerEvent: {}
[26.156822] (-) TimerEvent: {}
[26.180203] (navigation_node_two) StdoutLine: {'line': b'running egg_info\n'}
[26.181930] (navigation_node_two) StdoutLine: {'line': b'writing ../../build/navigation_node_two/navigation_node_two.egg-info/PKG-INFO\n'}
[26.183272] (navigation_node_two) StdoutLine: {'line': b'writing dependency_links to ../../build/navigation_node_two/navigation_node_two.egg-info/dependency_links.txt\n'}
[26.183481] (navigation_node_two) StdoutLine: {'line': b'writing entry points to ../../build/navigation_node_two/navigation_node_two.egg-info/entry_points.txt\n'}
[26.183630] (navigation_node_two) StdoutLine: {'line': b'writing requirements to ../../build/navigation_node_two/navigation_node_two.egg-info/requires.txt\n'}
[26.183849] (navigation_node_two) StdoutLine: {'line': b'writing top-level names to ../../build/navigation_node_two/navigation_node_two.egg-info/top_level.txt\n'}
[26.257028] (-) TimerEvent: {}
[26.264946] (navigation_node_two) StdoutLine: {'line': b"reading manifest file '../../build/navigation_node_two/navigation_node_two.egg-info/SOURCES.txt'\n"}
[26.267026] (navigation_node_two) StdoutLine: {'line': b"writing manifest file '../../build/navigation_node_two/navigation_node_two.egg-info/SOURCES.txt'\n"}
[26.267991] (navigation_node_two) StdoutLine: {'line': b'running build\n'}
[26.268461] (navigation_node_two) StdoutLine: {'line': b'running build_py\n'}
[26.268815] (navigation_node_two) StdoutLine: {'line': b'running install\n'}
[26.274045] (navigation_node_two) StdoutLine: {'line': b'running install_lib\n'}
[26.274957] (navigation_node_two) StdoutLine: {'line': b'running install_data\n'}
[26.275798] (navigation_node_two) StdoutLine: {'line': b'running install_egg_info\n'}
[26.280666] (navigation_node_two) StdoutLine: {'line': b"removing '/home/unitree/106a_final/install/navigation_node_two/lib/python3.8/site-packages/navigation_node_two-0.0.0-py3.8.egg-info' (and everything under it)\n"}
[26.283832] (navigation_node_two) StdoutLine: {'line': b'Copying ../../build/navigation_node_two/navigation_node_two.egg-info to /home/unitree/106a_final/install/navigation_node_two/lib/python3.8/site-packages/navigation_node_two-0.0.0-py3.8.egg-info\n'}
[26.285374] (navigation_node_two) StdoutLine: {'line': b'running install_scripts\n'}
[26.330289] (navigation_node_two) StdoutLine: {'line': b'Installing nav_to_bottle script to /home/unitree/106a_final/install/navigation_node_two/lib/navigation_node_two\n'}
[26.330875] (navigation_node_two) StdoutLine: {'line': b'Installing pose_bridge_node script to /home/unitree/106a_final/install/navigation_node_two/lib/navigation_node_two\n'}
[26.331076] (navigation_node_two) StdoutLine: {'line': b"writing list of installed files to '/home/unitree/106a_final/build/navigation_node_two/install.log'\n"}
[26.357963] (-) TimerEvent: {}
[26.459109] (-) TimerEvent: {}
[26.559989] (-) TimerEvent: {}
[26.662799] (-) TimerEvent: {}
[26.718061] (navigation_node_two) CommandEnded: {'returncode': 0}
[26.763979] (-) TimerEvent: {}
[26.865428] (-) TimerEvent: {}
[26.968468] (-) TimerEvent: {}
[27.036440] (navigation_node_two) JobEnded: {'identifier': 'navigation_node_two', 'rc': 0}
[27.068748] (-) TimerEvent: {}
[27.169784] (-) TimerEvent: {}
[27.270434] (-) TimerEvent: {}
[27.371161] (-) TimerEvent: {}
[27.471995] (-) TimerEvent: {}
[27.573052] (-) TimerEvent: {}
[27.674013] (-) TimerEvent: {}
[27.774792] (-) TimerEvent: {}
[27.875598] (-) TimerEvent: {}
[27.976440] (-) TimerEvent: {}
[28.077135] (-) TimerEvent: {}
[28.178305] (-) TimerEvent: {}
[28.209748] (go2_bringup) Command: {'cmd': ['/usr/bin/python3', 'setup.py', 'egg_info', '--egg-base', '../../build/go2_bringup', 'build', '--build-base', '/home/unitree/106a_final/build/go2_bringup/build', 'install', '--record', '/home/unitree/106a_final/build/go2_bringup/install.log', '--install-scripts', '$base/lib/go2_bringup', '--single-version-externally-managed'], 'cwd': '/home/unitree/106a_final/src/go2_bringup', 'env': {'LESSOPEN': '| /usr/bin/lesspipe %s', 'USER': 'unitree', 'SSH_CLIENT': '192.168.50.153 33250 22', 'XDG_SESSION_TYPE': 'tty', 'SHLVL': '1', 'LD_LIBRARY_PATH': '/home/unitree/106a_final/install/realsense2_camera/lib:/home/unitree/106a_final/install/realsense2_camera_msgs/lib:/usr/local/cuda-11.4/lib64:/usr/local/lib:/home/unitree/cyclonedds_ws/install/rmw_cyclonedds_cpp/lib:/home/unitree/cyclonedds_ws/install/cyclonedds/lib:/opt/ros/foxy/opt/yaml_cpp_vendor/lib:/opt/ros/foxy/opt/rviz_ogre_vendor/lib:/opt/ros/foxy/lib/aarch64-linux-gnu:/opt/ros/foxy/lib', 'MOTD_SHOWN': 'pam', 'HOME': '/home/unitree', 'CYCLONEDDS_URI': '/home/unitree/cyclonedds_ws/cyclonedds.xml', 'OLDPWD': '/home/unitree', 'SSH_TTY': '/dev/pts/8', 'ROS_PYTHON_VERSION': '3', 'DBUS_SESSION_BUS_ADDRESS': 'unix:path=/run/user/1000/bus', 'COLCON_PREFIX_PATH': '/home/unitree/106a_final/install:/home/unitree/cyclonedds_ws/install', 'ROS_DISTRO': 'foxy', 'LOGNAME': 'unitree', '_': '/usr/bin/colcon', 'ROS_VERSION': '2', 'PKG_CONFIG_PATH': '/home/unitree/cyclonedds_ws/install/cyclonedds/lib/aarch64-linux-gnu/pkgconfig:/home/unitree/cyclonedds_ws/install/cyclonedds/lib/pkgconfig', 'XDG_SESSION_CLASS': 'user', 'TERM': 'xterm-256color', 'XDG_SESSION_ID': '13', 'ROS_LOCALHOST_ONLY': '0', 'PATH': '/home/unitree/.local/bin:/usr/local/cuda-11.4/bin:/home/unitree/cyclonedds_ws/install/cyclonedds/bin:/opt/ros/foxy/bin:/usr/local/sbin:/usr/local/bin:/usr/sbin:/usr/bin:/sbin:/bin:/usr/games:/usr/local/games:/snap/bin', 'XDG_RUNTIME_DIR': '/run/user/1000', 'LANG': 'en_US.UTF-8', 'RMW_IMPLEMENTATION': 'rmw_cyclonedds_cpp', 'LS_COLORS': 'rs=0:di=01;34:ln=01;36:mh=00:pi=40;33:so=01;35:do=01;35:bd=40;33;01:cd=40;33;01:or=40;31;01:mi=00:su=37;41:sg=30;43:ca=30;41:tw=30;42:ow=34;42:st=37;44:ex=01;32:*.tar=01;31:*.tgz=01;31:*.arc=01;31:*.arj=01;31:*.taz=01;31:*.lha=01;31:*.lz4=01;31:*.lzh=01;31:*.lzma=01;31:*.tlz=01;31:*.txz=01;31:*.tzo=01;31:*.t7z=01;31:*.zip=01;31:*.z=01;31:*.dz=01;31:*.gz=01;31:*.lrz=01;31:*.lz=01;31:*.lzo=01;31:*.xz=01;31:*.zst=01;31:*.tzst=01;31:*.bz2=01;31:*.bz=01;31:*.tbz=01;31:*.tbz2=01;31:*.tz=01;31:*.deb=01;31:*.rpm=01;31:*.jar=01;31:*.war=01;31:*.ear=01;31:*.sar=01;31:*.rar=01;31:*.alz=01;31:*.ace=01;31:*.zoo=01;31:*.cpio=01;31:*.7z=01;31:*.rz=01;31:*.cab=01;31:*.wim=01;31:*.swm=01;31:*.dwm=01;31:*.esd=01;31:*.jpg=01;35:*.jpeg=01;35:*.mjpg=01;35:*.mjpeg=01;35:*.gif=01;35:*.bmp=01;35:*.pbm=01;35:*.pgm=01;35:*.ppm=01;35:*.tga=01;35:*.xbm=01;35:*.xpm=01;35:*.tif=01;35:*.tiff=01;35:*.png=01;35:*.svg=01;35:*.svgz=01;35:*.mng=01;35:*.pcx=01;35:*.mov=01;35:*.mpg=01;35:*.mpeg=01;35:*.m2v=01;35:*.mkv=01;35:*.webm=01;35:*.ogm=01;35:*.mp4=01;35:*.m4v=01;35:*.mp4v=01;35:*.vob=01;35:*.qt=01;35:*.nuv=01;35:*.wmv=01;35:*.asf=01;35:*.rm=01;35:*.rmvb=01;35:*.flc=01;35:*.avi=01;35:*.fli=01;35:*.flv=01;35:*.gl=01;35:*.dl=01;35:*.xcf=01;35:*.xwd=01;35:*.yuv=01;35:*.cgm=01;35:*.emf=01;35:*.ogv=01;35:*.ogx=01;35:*.aac=00;36:*.au=00;36:*.flac=00;36:*.m4a=00;36:*.mid=00;36:*.midi=00;36:*.mka=00;36:*.mp3=00;36:*.mpc=00;36:*.ogg=00;36:*.ra=00;36:*.wav=00;36:*.oga=00;36:*.opus=00;36:*.spx=00;36:*.xspf=00;36:', 'AMENT_PREFIX_PATH': '/home/unitree/106a_final/install/vision_node:/home/unitree/106a_final/install/navigation_return_node:/home/unitree/106a_final/install/navigation_node_three:/home/unitree/106a_final/install/aruco_node:/home/unitree/106a_final/install/arm_control:/home/unitree/106a_final/install/go2_bringup:/home/unitree/106a_final/install/realsense2_description:/home/unitree/106a_final/install/realsense2_camera:/home/unitree/106a_final/install/realsense2_camera_msgs:/home/unitree/106a_final/install/navigation_node_two:/home/unitree/106a_final/install/navigation_node:/home/unitree/106a_final/install/navigatigation_node_three:/home/unitree/106a_final/install/base_driver:/home/unitree/106a_final/install/arm_driver:/home/unitree/cyclonedds_ws/install/rmw_cyclonedds_cpp:/opt/ros/foxy', 'SHELL': '/bin/bash', 'LESSCLOSE': '/usr/bin/lesspipe %s %s', 'PWD': '/home/unitree/106a_final/build/go2_bringup', 'LC_ALL': 'en_US.UTF-8', 'SSH_CONNECTION': '192.168.50.153 33250 192.168.50.28 22', 'XDG_DATA_DIRS': '/usr/local/share:/usr/share:/var/lib/snapd/desktop', 'PYTHONPATH': '/home/unitree/106a_final/build/go2_bringup/prefix_override:/home/unitree/106a_final/install/go2_bringup/lib/python3.8/site-packages:/home/unitree/106a_final/install/vision_node/lib/python3.8/site-packages:/home/unitree/106a_final/install/navigation_return_node/lib/python3.8/site-packages:/home/unitree/106a_final/install/navigation_node_three/lib/python3.8/site-packages:/home/unitree/106a_final/install/aruco_node/lib/python3.8/site-packages:/home/unitree/106a_final/install/arm_control/lib/python3.8/site-packages:/home/unitree/106a_final/install/go2_bringup/lib/python3.8/site-packages:/home/unitree/106a_final/install/realsense2_camera_msgs/lib/python3.8/site-packages:/home/unitree/106a_final/install/navigation_node_two/lib/python3.8/site-packages:/home/unitree/106a_final/install/navigation_node/lib/python3.8/site-packages:/home/unitree/106a_final/install/navigatigation_node_three/lib/python3.8/site-packages:/opt/ros/foxy/lib/python3.8/site-packages', 'COLCON': '1', 'CMAKE_PREFIX_PATH': '/home/unitree/106a_final/install/base_driver:/home/unitree/106a_final/install/arm_driver:/home/unitree/106a_final/install/realsense2_description:/home/unitree/106a_final/install/realsense2_camera:/home/unitree/106a_final/install/realsense2_camera_msgs:/home/unitree/cyclonedds_ws/install/rmw_cyclonedds_cpp:/home/unitree/cyclonedds_ws/install/cyclonedds'}, 'shell': False}
[28.278524] (-) TimerEvent: {}
[28.379664] (-) TimerEvent: {}
[28.480296] (-) TimerEvent: {}
[28.580962] (-) TimerEvent: {}
[28.681769] (-) TimerEvent: {}
[28.782471] (-) TimerEvent: {}
[28.831797] (go2_bringup) StdoutLine: {'line': b'running egg_info\n'}
[28.833274] (go2_bringup) StdoutLine: {'line': b'writing ../../build/go2_bringup/go2_bringup.egg-info/PKG-INFO\n'}
[28.833863] (go2_bringup) StdoutLine: {'line': b'writing dependency_links to ../../build/go2_bringup/go2_bringup.egg-info/dependency_links.txt\n'}
[28.834233] (go2_bringup) StdoutLine: {'line': b'writing entry points to ../../build/go2_bringup/go2_bringup.egg-info/entry_points.txt\n'}
[28.834543] (go2_bringup) StdoutLine: {'line': b'writing requirements to ../../build/go2_bringup/go2_bringup.egg-info/requires.txt\n'}
[28.834769] (go2_bringup) StdoutLine: {'line': b'writing top-level names to ../../build/go2_bringup/go2_bringup.egg-info/top_level.txt\n'}
[28.882623] (-) TimerEvent: {}
[28.912613] (go2_bringup) StdoutLine: {'line': b"reading manifest file '../../build/go2_bringup/go2_bringup.egg-info/SOURCES.txt'\n"}
[28.914607] (go2_bringup) StdoutLine: {'line': b"writing manifest file '../../build/go2_bringup/go2_bringup.egg-info/SOURCES.txt'\n"}
[28.915011] (go2_bringup) StdoutLine: {'line': b'running build\n'}
[28.915308] (go2_bringup) StdoutLine: {'line': b'running build_py\n'}
[28.915818] (go2_bringup) StdoutLine: {'line': b'running install\n'}
[28.918844] (go2_bringup) StdoutLine: {'line': b'running install_lib\n'}
[28.922624] (go2_bringup) StdoutLine: {'line': b'running install_data\n'}
[28.924047] (go2_bringup) StdoutLine: {'line': b'running install_egg_info\n'}
[28.929356] (go2_bringup) StdoutLine: {'line': b"removing '/home/unitree/106a_final/install/go2_bringup/lib/python3.8/site-packages/go2_bringup-0.0.0-py3.8.egg-info' (and everything under it)\n"}
[28.930140] (go2_bringup) StdoutLine: {'line': b'Copying ../../build/go2_bringup/go2_bringup.egg-info to /home/unitree/106a_final/install/go2_bringup/lib/python3.8/site-packages/go2_bringup-0.0.0-py3.8.egg-info\n'}
[28.932713] (go2_bringup) StdoutLine: {'line': b'running install_scripts\n'}
[28.982773] (-) TimerEvent: {}
[28.986537] (go2_bringup) StdoutLine: {'line': b"writing list of installed files to '/home/unitree/106a_final/build/go2_bringup/install.log'\n"}
[29.082961] (-) TimerEvent: {}
[29.095961] (go2_bringup) CommandEnded: {'returncode': 0}
[29.183197] (-) TimerEvent: {}
[29.284665] (-) TimerEvent: {}
[29.387045] (-) TimerEvent: {}
[29.403363] (go2_bringup) JobEnded: {'identifier': 'go2_bringup', 'rc': 0}
[29.406019] (-) EventReactorShutdown: {}
