[0.000000] (-) TimerEvent: {}
[0.004105] (arm_control) JobQueued: {'identifier': 'arm_control', 'dependencies': OrderedDict()}
[0.005959] (arm_driver) JobQueued: {'identifier': 'arm_driver', 'dependencies': OrderedDict()}
[0.006091] (aruco_node) JobQueued: {'identifier': 'aruco_node', 'dependencies': OrderedDict()}
[0.006143] (base_driver) JobQueued: {'identifier': 'base_driver', 'dependencies': OrderedDict()}
[0.006183] (navigation_node) JobQueued: {'identifier': 'navigation_node', 'dependencies': OrderedDict()}
[0.006222] (navigation_node_three) JobQueued: {'identifier': 'navigation_node_three', 'dependencies': OrderedDict()}
[0.006259] (navigation_node_two) JobQueued: {'identifier': 'navigation_node_two', 'dependencies': OrderedDict()}
[0.006294] (navigation_return_node) JobQueued: {'identifier': 'navigation_return_node', 'dependencies': OrderedDict()}
[0.006329] (vision_node) JobQueued: {'identifier': 'vision_node', 'dependencies': OrderedDict()}
[0.006364] (go2_bringup) JobQueued: {'identifier': 'go2_bringup', 'dependencies': OrderedDict([('arm_control', '/home/unitree/106a_final/install/arm_control'), ('arm_driver', '/home/unitree/106a_final/install/arm_driver'), ('aruco_node', '/home/unitree/106a_final/install/aruco_node'), ('base_driver', '/home/unitree/106a_final/install/base_driver'), ('navigation_node_three', '/home/unitree/106a_final/install/navigation_node_three'), ('navigation_return_node', '/home/unitree/106a_final/install/navigation_return_node'), ('vision_node', '/home/unitree/106a_final/install/vision_node')])}
[0.006459] (arm_control) JobStarted: {'identifier': 'arm_control'}
[0.100064] (-) TimerEvent: {}
[0.200958] (-) TimerEvent: {}
[0.301481] (-) TimerEvent: {}
[0.402022] (-) TimerEvent: {}
[0.502689] (-) TimerEvent: {}
[0.603741] (-) TimerEvent: {}
[0.632770] (arm_driver) JobStarted: {'identifier': 'arm_driver'}
[0.704084] (-) TimerEvent: {}
[0.804737] (-) TimerEvent: {}
[0.905462] (-) TimerEvent: {}
[1.006093] (-) TimerEvent: {}
[1.059578] (aruco_node) JobStarted: {'identifier': 'aruco_node'}
[1.113314] (-) TimerEvent: {}
[1.214107] (-) TimerEvent: {}
[1.315809] (-) TimerEvent: {}
[1.422334] (-) TimerEvent: {}
[1.531574] (-) TimerEvent: {}
[1.634067] (-) TimerEvent: {}
[1.735410] (-) TimerEvent: {}
[1.837890] (-) TimerEvent: {}
[1.939594] (-) TimerEvent: {}
[2.027983] (base_driver) JobStarted: {'identifier': 'base_driver'}
[2.050372] (-) TimerEvent: {}
[2.160196] (-) TimerEvent: {}
[2.264678] (-) TimerEvent: {}
[2.375589] (-) TimerEvent: {}
[2.487643] (-) TimerEvent: {}
[2.589279] (-) TimerEvent: {}
[2.703641] (-) TimerEvent: {}
[2.806299] (-) TimerEvent: {}
[2.911719] (-) TimerEvent: {}
[3.023670] (-) TimerEvent: {}
[3.125116] (-) TimerEvent: {}
[3.226658] (-) TimerEvent: {}
[3.328801] (-) TimerEvent: {}
[3.430394] (-) TimerEvent: {}
[3.531038] (-) TimerEvent: {}
[3.631682] (-) TimerEvent: {}
[3.732397] (-) TimerEvent: {}
[3.833119] (-) TimerEvent: {}
[3.934441] (-) TimerEvent: {}
[4.035782] (-) TimerEvent: {}
[4.137930] (-) TimerEvent: {}
[4.239414] (-) TimerEvent: {}
[4.341573] (-) TimerEvent: {}
[4.444055] (-) TimerEvent: {}
[4.545129] (-) TimerEvent: {}
[4.646454] (-) TimerEvent: {}
[4.753545] (-) TimerEvent: {}
[4.856680] (-) TimerEvent: {}
[4.958202] (-) TimerEvent: {}
[5.062897] (-) TimerEvent: {}
[5.174007] (-) TimerEvent: {}
[5.279706] (-) TimerEvent: {}
[5.388544] (-) TimerEvent: {}
[5.490824] (-) TimerEvent: {}
[5.592983] (-) TimerEvent: {}
[5.643209] (arm_driver) JobProgress: {'identifier': 'arm_driver', 'progress': 'cmake'}
[5.650067] (arm_driver) JobProgress: {'identifier': 'arm_driver', 'progress': 'build'}
[5.650266] (arm_driver) Command: {'cmd': ['/usr/bin/cmake', '--build', '/home/unitree/106a_final/build/arm_driver', '--', '-j4', '-l4'], 'cwd': '/home/unitree/106a_final/build/arm_driver', 'env': OrderedDict([('LESSOPEN', '| /usr/bin/lesspipe %s'), ('USER', 'unitree'), ('SSH_CLIENT', '192.168.50.153 53872 22'), ('XDG_SESSION_TYPE', 'tty'), ('GIT_ASKPASS', '/home/unitree/.vscode-server/cli/servers/Stable-bf9252a2fb45be6893dd8870c0bf37e2e1766d61/server/extensions/git/dist/askpass.sh'), ('SHLVL', '2'), ('LD_LIBRARY_PATH', '/usr/local/cuda-11.4/lib64:/usr/local/lib:/home/unitree/cyclonedds_ws/install/rmw_cyclonedds_cpp/lib:/home/unitree/cyclonedds_ws/install/cyclonedds/lib:/opt/ros/foxy/opt/yaml_cpp_vendor/lib:/opt/ros/foxy/opt/rviz_ogre_vendor/lib:/opt/ros/foxy/lib/aarch64-linux-gnu:/opt/ros/foxy/lib:/usr/local/cuda-11.4/lib64:'), ('BROWSER', '/home/unitree/.vscode-server/cli/servers/Stable-bf9252a2fb45be6893dd8870c0bf37e2e1766d61/server/bin/helpers/browser.sh'), ('MOTD_SHOWN', 'pam'), ('HOME', '/home/unitree'), ('CYCLONEDDS_URI', '/home/unitree/cyclonedds_ws/cyclonedds.xml'), ('OLDPWD', '/home/unitree'), ('TERM_PROGRAM_VERSION', '1.106.3'), ('VSCODE_IPC_HOOK_CLI', '/run/user/1000/vscode-ipc-6b571321-74ac-4992-b2d0-b78d53be3b09.sock'), ('ROS_PYTHON_VERSION', '3'), ('VSCODE_GIT_ASKPASS_MAIN', '/home/unitree/.vscode-server/cli/servers/Stable-bf9252a2fb45be6893dd8870c0bf37e2e1766d61/server/extensions/git/dist/askpass-main.js'), ('VSCODE_GIT_ASKPASS_NODE', '/home/unitree/.vscode-server/cli/servers/Stable-bf9252a2fb45be6893dd8870c0bf37e2e1766d61/server/node'), ('SSL_CERT_FILE', '/usr/lib/ssl/certs/ca-certificates.crt'), ('VSCODE_PYTHON_AUTOACTIVATE_GUARD', '1'), ('DBUS_SESSION_BUS_ADDRESS', 'unix:path=/run/user/1000/bus'), ('COLORTERM', 'truecolor'), ('COLCON_PREFIX_PATH', '/home/unitree/cyclonedds_ws/install'), ('ROS_DISTRO', 'foxy'), ('LOGNAME', 'unitree'), ('_', '/usr/bin/colcon'), ('ROS_VERSION', '2'), ('PKG_CONFIG_PATH', '/home/unitree/cyclonedds_ws/install/cyclonedds/lib/aarch64-linux-gnu/pkgconfig:/home/unitree/cyclonedds_ws/install/cyclonedds/lib/pkgconfig'), ('XDG_SESSION_CLASS', 'user'), ('TERM', 'xterm-256color'), ('XDG_SESSION_ID', '2'), ('ROS_LOCALHOST_ONLY', '0'), ('PATH', '/usr/local/cuda-11.4/bin:/home/unitree/cyclonedds_ws/install/cyclonedds/bin:/opt/ros/foxy/bin:/home/unitree/.vscode-server/cli/servers/Stable-bf9252a2fb45be6893dd8870c0bf37e2e1766d61/server/bin/remote-cli:/home/unitree/.local/bin:/usr/local/cuda-11.4/bin:/home/unitree/.local/bin:/usr/local/sbin:/usr/local/bin:/usr/sbin:/usr/bin:/sbin:/bin:/usr/games:/usr/local/games:/snap/bin'), ('XDG_RUNTIME_DIR', '/run/user/1000'), ('SSL_CERT_DIR', '/usr/lib/ssl/certs'), ('LANG', 'en_US.UTF-8'), ('RMW_IMPLEMENTATION', 'rmw_cyclonedds_cpp'), ('LS_COLORS', 'rs=0:di=01;34:ln=01;36:mh=00:pi=40;33:so=01;35:do=01;35:bd=40;33;01:cd=40;33;01:or=40;31;01:mi=00:su=37;41:sg=30;43:ca=30;41:tw=30;42:ow=34;42:st=37;44:ex=01;32:*.tar=01;31:*.tgz=01;31:*.arc=01;31:*.arj=01;31:*.taz=01;31:*.lha=01;31:*.lz4=01;31:*.lzh=01;31:*.lzma=01;31:*.tlz=01;31:*.txz=01;31:*.tzo=01;31:*.t7z=01;31:*.zip=01;31:*.z=01;31:*.dz=01;31:*.gz=01;31:*.lrz=01;31:*.lz=01;31:*.lzo=01;31:*.xz=01;31:*.zst=01;31:*.tzst=01;31:*.bz2=01;31:*.bz=01;31:*.tbz=01;31:*.tbz2=01;31:*.tz=01;31:*.deb=01;31:*.rpm=01;31:*.jar=01;31:*.war=01;31:*.ear=01;31:*.sar=01;31:*.rar=01;31:*.alz=01;31:*.ace=01;31:*.zoo=01;31:*.cpio=01;31:*.7z=01;31:*.rz=01;31:*.cab=01;31:*.wim=01;31:*.swm=01;31:*.dwm=01;31:*.esd=01;31:*.jpg=01;35:*.jpeg=01;35:*.mjpg=01;35:*.mjpeg=01;35:*.gif=01;35:*.bmp=01;35:*.pbm=01;35:*.pgm=01;35:*.ppm=01;35:*.tga=01;35:*.xbm=01;35:*.xpm=01;35:*.tif=01;35:*.tiff=01;35:*.png=01;35:*.svg=01;35:*.svgz=01;35:*.mng=01;35:*.pcx=01;35:*.mov=01;35:*.mpg=01;35:*.mpeg=01;35:*.m2v=01;35:*.mkv=01;35:*.webm=01;35:*.ogm=01;35:*.mp4=01;35:*.m4v=01;35:*.mp4v=01;35:*.vob=01;35:*.qt=01;35:*.nuv=01;35:*.wmv=01;35:*.asf=01;35:*.rm=01;35:*.rmvb=01;35:*.flc=01;35:*.avi=01;35:*.fli=01;35:*.flv=01;35:*.gl=01;35:*.dl=01;35:*.xcf=01;35:*.xwd=01;35:*.yuv=01;35:*.cgm=01;35:*.emf=01;35:*.ogv=01;35:*.ogx=01;35:*.aac=00;36:*.au=00;36:*.flac=00;36:*.m4a=00;36:*.mid=00;36:*.midi=00;36:*.mka=00;36:*.mp3=00;36:*.mpc=00;36:*.ogg=00;36:*.ra=00;36:*.wav=00;36:*.oga=00;36:*.opus=00;36:*.spx=00;36:*.xspf=00;36:'), ('VSCODE_GIT_IPC_HANDLE', '/run/user/1000/vscode-git-258efc9b4e.sock'), ('TERM_PROGRAM', 'vscode'), ('AMENT_PREFIX_PATH', '/home/unitree/cyclonedds_ws/install/rmw_cyclonedds_cpp:/opt/ros/foxy'), ('SHELL', '/bin/bash'), ('LESSCLOSE', '/usr/bin/lesspipe %s %s'), ('VSCODE_GIT_ASKPASS_EXTRA_ARGS', ''), ('PWD', '/home/unitree/106a_final/build/arm_driver'), ('LC_ALL', 'en_US.UTF-8'), ('SSH_CONNECTION', '192.168.50.153 53872 192.168.50.28 22'), ('XDG_DATA_DIRS', '/usr/local/share:/usr/share:/var/lib/snapd/desktop'), ('PYTHONPATH', '/opt/ros/foxy/lib/python3.8/site-packages'), ('COLCON', '1'), ('CMAKE_PREFIX_PATH', '/home/unitree/cyclonedds_ws/install/rmw_cyclonedds_cpp:/home/unitree/cyclonedds_ws/install/cyclonedds:/opt/ros/foxy')]), 'shell': False}
[5.693260] (-) TimerEvent: {}
[5.794797] (-) TimerEvent: {}
[5.896515] (-) TimerEvent: {}
[5.997160] (-) TimerEvent: {}
[6.097787] (-) TimerEvent: {}
[6.198448] (-) TimerEvent: {}
[6.299127] (-) TimerEvent: {}
[6.399786] (-) TimerEvent: {}
[6.501083] (-) TimerEvent: {}
[6.603152] (-) TimerEvent: {}
[6.704640] (-) TimerEvent: {}
[6.806077] (-) TimerEvent: {}
[6.912388] (-) TimerEvent: {}
[7.019095] (-) TimerEvent: {}
[7.120770] (-) TimerEvent: {}
[7.219782] (arm_driver) StdoutLine: {'line': b'[ 66%] Built target d1_wrapper\n'}
[7.220476] (arm_driver) StdoutLine: {'line': b'[100%] Built target servo_driver\n'}
[7.220855] (-) TimerEvent: {}
[7.245537] (base_driver) JobProgress: {'identifier': 'base_driver', 'progress': 'cmake'}
[7.246027] (base_driver) JobProgress: {'identifier': 'base_driver', 'progress': 'build'}
[7.246142] (base_driver) Command: {'cmd': ['/usr/bin/cmake', '--build', '/home/unitree/106a_final/build/base_driver', '--', '-j4', '-l4'], 'cwd': '/home/unitree/106a_final/build/base_driver', 'env': OrderedDict([('LESSOPEN', '| /usr/bin/lesspipe %s'), ('USER', 'unitree'), ('SSH_CLIENT', '192.168.50.153 53872 22'), ('XDG_SESSION_TYPE', 'tty'), ('GIT_ASKPASS', '/home/unitree/.vscode-server/cli/servers/Stable-bf9252a2fb45be6893dd8870c0bf37e2e1766d61/server/extensions/git/dist/askpass.sh'), ('SHLVL', '2'), ('LD_LIBRARY_PATH', '/usr/local/cuda-11.4/lib64:/usr/local/lib:/home/unitree/cyclonedds_ws/install/rmw_cyclonedds_cpp/lib:/home/unitree/cyclonedds_ws/install/cyclonedds/lib:/opt/ros/foxy/opt/yaml_cpp_vendor/lib:/opt/ros/foxy/opt/rviz_ogre_vendor/lib:/opt/ros/foxy/lib/aarch64-linux-gnu:/opt/ros/foxy/lib:/usr/local/cuda-11.4/lib64:'), ('BROWSER', '/home/unitree/.vscode-server/cli/servers/Stable-bf9252a2fb45be6893dd8870c0bf37e2e1766d61/server/bin/helpers/browser.sh'), ('MOTD_SHOWN', 'pam'), ('HOME', '/home/unitree'), ('CYCLONEDDS_URI', '/home/unitree/cyclonedds_ws/cyclonedds.xml'), ('OLDPWD', '/home/unitree'), ('TERM_PROGRAM_VERSION', '1.106.3'), ('VSCODE_IPC_HOOK_CLI', '/run/user/1000/vscode-ipc-6b571321-74ac-4992-b2d0-b78d53be3b09.sock'), ('ROS_PYTHON_VERSION', '3'), ('VSCODE_GIT_ASKPASS_MAIN', '/home/unitree/.vscode-server/cli/servers/Stable-bf9252a2fb45be6893dd8870c0bf37e2e1766d61/server/extensions/git/dist/askpass-main.js'), ('VSCODE_GIT_ASKPASS_NODE', '/home/unitree/.vscode-server/cli/servers/Stable-bf9252a2fb45be6893dd8870c0bf37e2e1766d61/server/node'), ('SSL_CERT_FILE', '/usr/lib/ssl/certs/ca-certificates.crt'), ('VSCODE_PYTHON_AUTOACTIVATE_GUARD', '1'), ('DBUS_SESSION_BUS_ADDRESS', 'unix:path=/run/user/1000/bus'), ('COLORTERM', 'truecolor'), ('COLCON_PREFIX_PATH', '/home/unitree/cyclonedds_ws/install'), ('ROS_DISTRO', 'foxy'), ('LOGNAME', 'unitree'), ('_', '/usr/bin/colcon'), ('ROS_VERSION', '2'), ('PKG_CONFIG_PATH', '/home/unitree/cyclonedds_ws/install/cyclonedds/lib/aarch64-linux-gnu/pkgconfig:/home/unitree/cyclonedds_ws/install/cyclonedds/lib/pkgconfig'), ('XDG_SESSION_CLASS', 'user'), ('TERM', 'xterm-256color'), ('XDG_SESSION_ID', '2'), ('ROS_LOCALHOST_ONLY', '0'), ('PATH', '/usr/local/cuda-11.4/bin:/home/unitree/cyclonedds_ws/install/cyclonedds/bin:/opt/ros/foxy/bin:/home/unitree/.vscode-server/cli/servers/Stable-bf9252a2fb45be6893dd8870c0bf37e2e1766d61/server/bin/remote-cli:/home/unitree/.local/bin:/usr/local/cuda-11.4/bin:/home/unitree/.local/bin:/usr/local/sbin:/usr/local/bin:/usr/sbin:/usr/bin:/sbin:/bin:/usr/games:/usr/local/games:/snap/bin'), ('XDG_RUNTIME_DIR', '/run/user/1000'), ('SSL_CERT_DIR', '/usr/lib/ssl/certs'), ('LANG', 'en_US.UTF-8'), ('RMW_IMPLEMENTATION', 'rmw_cyclonedds_cpp'), ('LS_COLORS', 'rs=0:di=01;34:ln=01;36:mh=00:pi=40;33:so=01;35:do=01;35:bd=40;33;01:cd=40;33;01:or=40;31;01:mi=00:su=37;41:sg=30;43:ca=30;41:tw=30;42:ow=34;42:st=37;44:ex=01;32:*.tar=01;31:*.tgz=01;31:*.arc=01;31:*.arj=01;31:*.taz=01;31:*.lha=01;31:*.lz4=01;31:*.lzh=01;31:*.lzma=01;31:*.tlz=01;31:*.txz=01;31:*.tzo=01;31:*.t7z=01;31:*.zip=01;31:*.z=01;31:*.dz=01;31:*.gz=01;31:*.lrz=01;31:*.lz=01;31:*.lzo=01;31:*.xz=01;31:*.zst=01;31:*.tzst=01;31:*.bz2=01;31:*.bz=01;31:*.tbz=01;31:*.tbz2=01;31:*.tz=01;31:*.deb=01;31:*.rpm=01;31:*.jar=01;31:*.war=01;31:*.ear=01;31:*.sar=01;31:*.rar=01;31:*.alz=01;31:*.ace=01;31:*.zoo=01;31:*.cpio=01;31:*.7z=01;31:*.rz=01;31:*.cab=01;31:*.wim=01;31:*.swm=01;31:*.dwm=01;31:*.esd=01;31:*.jpg=01;35:*.jpeg=01;35:*.mjpg=01;35:*.mjpeg=01;35:*.gif=01;35:*.bmp=01;35:*.pbm=01;35:*.pgm=01;35:*.ppm=01;35:*.tga=01;35:*.xbm=01;35:*.xpm=01;35:*.tif=01;35:*.tiff=01;35:*.png=01;35:*.svg=01;35:*.svgz=01;35:*.mng=01;35:*.pcx=01;35:*.mov=01;35:*.mpg=01;35:*.mpeg=01;35:*.m2v=01;35:*.mkv=01;35:*.webm=01;35:*.ogm=01;35:*.mp4=01;35:*.m4v=01;35:*.mp4v=01;35:*.vob=01;35:*.qt=01;35:*.nuv=01;35:*.wmv=01;35:*.asf=01;35:*.rm=01;35:*.rmvb=01;35:*.flc=01;35:*.avi=01;35:*.fli=01;35:*.flv=01;35:*.gl=01;35:*.dl=01;35:*.xcf=01;35:*.xwd=01;35:*.yuv=01;35:*.cgm=01;35:*.emf=01;35:*.ogv=01;35:*.ogx=01;35:*.aac=00;36:*.au=00;36:*.flac=00;36:*.m4a=00;36:*.mid=00;36:*.midi=00;36:*.mka=00;36:*.mp3=00;36:*.mpc=00;36:*.ogg=00;36:*.ra=00;36:*.wav=00;36:*.oga=00;36:*.opus=00;36:*.spx=00;36:*.xspf=00;36:'), ('VSCODE_GIT_IPC_HANDLE', '/run/user/1000/vscode-git-258efc9b4e.sock'), ('TERM_PROGRAM', 'vscode'), ('AMENT_PREFIX_PATH', '/home/unitree/cyclonedds_ws/install/rmw_cyclonedds_cpp:/opt/ros/foxy'), ('SHELL', '/bin/bash'), ('LESSCLOSE', '/usr/bin/lesspipe %s %s'), ('VSCODE_GIT_ASKPASS_EXTRA_ARGS', ''), ('PWD', '/home/unitree/106a_final/build/base_driver'), ('LC_ALL', 'en_US.UTF-8'), ('SSH_CONNECTION', '192.168.50.153 53872 192.168.50.28 22'), ('XDG_DATA_DIRS', '/usr/local/share:/usr/share:/var/lib/snapd/desktop'), ('PYTHONPATH', '/opt/ros/foxy/lib/python3.8/site-packages'), ('COLCON', '1'), ('CMAKE_PREFIX_PATH', '/home/unitree/cyclonedds_ws/install/rmw_cyclonedds_cpp:/home/unitree/cyclonedds_ws/install/cyclonedds:/opt/ros/foxy')]), 'shell': False}
[7.286119] (arm_driver) CommandEnded: {'returncode': 0}
[7.288886] (arm_driver) JobProgress: {'identifier': 'arm_driver', 'progress': 'install'}
[7.321073] (-) TimerEvent: {}
[7.355938] (arm_driver) Command: {'cmd': ['/usr/bin/cmake', '--install', '/home/unitree/106a_final/build/arm_driver'], 'cwd': '/home/unitree/106a_final/build/arm_driver', 'env': OrderedDict([('LESSOPEN', '| /usr/bin/lesspipe %s'), ('USER', 'unitree'), ('SSH_CLIENT', '192.168.50.153 53872 22'), ('XDG_SESSION_TYPE', 'tty'), ('GIT_ASKPASS', '/home/unitree/.vscode-server/cli/servers/Stable-bf9252a2fb45be6893dd8870c0bf37e2e1766d61/server/extensions/git/dist/askpass.sh'), ('SHLVL', '2'), ('LD_LIBRARY_PATH', '/usr/local/cuda-11.4/lib64:/usr/local/lib:/home/unitree/cyclonedds_ws/install/rmw_cyclonedds_cpp/lib:/home/unitree/cyclonedds_ws/install/cyclonedds/lib:/opt/ros/foxy/opt/yaml_cpp_vendor/lib:/opt/ros/foxy/opt/rviz_ogre_vendor/lib:/opt/ros/foxy/lib/aarch64-linux-gnu:/opt/ros/foxy/lib:/usr/local/cuda-11.4/lib64:'), ('BROWSER', '/home/unitree/.vscode-server/cli/servers/Stable-bf9252a2fb45be6893dd8870c0bf37e2e1766d61/server/bin/helpers/browser.sh'), ('MOTD_SHOWN', 'pam'), ('HOME', '/home/unitree'), ('CYCLONEDDS_URI', '/home/unitree/cyclonedds_ws/cyclonedds.xml'), ('OLDPWD', '/home/unitree'), ('TERM_PROGRAM_VERSION', '1.106.3'), ('VSCODE_IPC_HOOK_CLI', '/run/user/1000/vscode-ipc-6b571321-74ac-4992-b2d0-b78d53be3b09.sock'), ('ROS_PYTHON_VERSION', '3'), ('VSCODE_GIT_ASKPASS_MAIN', '/home/unitree/.vscode-server/cli/servers/Stable-bf9252a2fb45be6893dd8870c0bf37e2e1766d61/server/extensions/git/dist/askpass-main.js'), ('VSCODE_GIT_ASKPASS_NODE', '/home/unitree/.vscode-server/cli/servers/Stable-bf9252a2fb45be6893dd8870c0bf37e2e1766d61/server/node'), ('SSL_CERT_FILE', '/usr/lib/ssl/certs/ca-certificates.crt'), ('VSCODE_PYTHON_AUTOACTIVATE_GUARD', '1'), ('DBUS_SESSION_BUS_ADDRESS', 'unix:path=/run/user/1000/bus'), ('COLORTERM', 'truecolor'), ('COLCON_PREFIX_PATH', '/home/unitree/cyclonedds_ws/install'), ('ROS_DISTRO', 'foxy'), ('LOGNAME', 'unitree'), ('_', '/usr/bin/colcon'), ('ROS_VERSION', '2'), ('PKG_CONFIG_PATH', '/home/unitree/cyclonedds_ws/install/cyclonedds/lib/aarch64-linux-gnu/pkgconfig:/home/unitree/cyclonedds_ws/install/cyclonedds/lib/pkgconfig'), ('XDG_SESSION_CLASS', 'user'), ('TERM', 'xterm-256color'), ('XDG_SESSION_ID', '2'), ('ROS_LOCALHOST_ONLY', '0'), ('PATH', '/usr/local/cuda-11.4/bin:/home/unitree/cyclonedds_ws/install/cyclonedds/bin:/opt/ros/foxy/bin:/home/unitree/.vscode-server/cli/servers/Stable-bf9252a2fb45be6893dd8870c0bf37e2e1766d61/server/bin/remote-cli:/home/unitree/.local/bin:/usr/local/cuda-11.4/bin:/home/unitree/.local/bin:/usr/local/sbin:/usr/local/bin:/usr/sbin:/usr/bin:/sbin:/bin:/usr/games:/usr/local/games:/snap/bin'), ('XDG_RUNTIME_DIR', '/run/user/1000'), ('SSL_CERT_DIR', '/usr/lib/ssl/certs'), ('LANG', 'en_US.UTF-8'), ('RMW_IMPLEMENTATION', 'rmw_cyclonedds_cpp'), ('LS_COLORS', 'rs=0:di=01;34:ln=01;36:mh=00:pi=40;33:so=01;35:do=01;35:bd=40;33;01:cd=40;33;01:or=40;31;01:mi=00:su=37;41:sg=30;43:ca=30;41:tw=30;42:ow=34;42:st=37;44:ex=01;32:*.tar=01;31:*.tgz=01;31:*.arc=01;31:*.arj=01;31:*.taz=01;31:*.lha=01;31:*.lz4=01;31:*.lzh=01;31:*.lzma=01;31:*.tlz=01;31:*.txz=01;31:*.tzo=01;31:*.t7z=01;31:*.zip=01;31:*.z=01;31:*.dz=01;31:*.gz=01;31:*.lrz=01;31:*.lz=01;31:*.lzo=01;31:*.xz=01;31:*.zst=01;31:*.tzst=01;31:*.bz2=01;31:*.bz=01;31:*.tbz=01;31:*.tbz2=01;31:*.tz=01;31:*.deb=01;31:*.rpm=01;31:*.jar=01;31:*.war=01;31:*.ear=01;31:*.sar=01;31:*.rar=01;31:*.alz=01;31:*.ace=01;31:*.zoo=01;31:*.cpio=01;31:*.7z=01;31:*.rz=01;31:*.cab=01;31:*.wim=01;31:*.swm=01;31:*.dwm=01;31:*.esd=01;31:*.jpg=01;35:*.jpeg=01;35:*.mjpg=01;35:*.mjpeg=01;35:*.gif=01;35:*.bmp=01;35:*.pbm=01;35:*.pgm=01;35:*.ppm=01;35:*.tga=01;35:*.xbm=01;35:*.xpm=01;35:*.tif=01;35:*.tiff=01;35:*.png=01;35:*.svg=01;35:*.svgz=01;35:*.mng=01;35:*.pcx=01;35:*.mov=01;35:*.mpg=01;35:*.mpeg=01;35:*.m2v=01;35:*.mkv=01;35:*.webm=01;35:*.ogm=01;35:*.mp4=01;35:*.m4v=01;35:*.mp4v=01;35:*.vob=01;35:*.qt=01;35:*.nuv=01;35:*.wmv=01;35:*.asf=01;35:*.rm=01;35:*.rmvb=01;35:*.flc=01;35:*.avi=01;35:*.fli=01;35:*.flv=01;35:*.gl=01;35:*.dl=01;35:*.xcf=01;35:*.xwd=01;35:*.yuv=01;35:*.cgm=01;35:*.emf=01;35:*.ogv=01;35:*.ogx=01;35:*.aac=00;36:*.au=00;36:*.flac=00;36:*.m4a=00;36:*.mid=00;36:*.midi=00;36:*.mka=00;36:*.mp3=00;36:*.mpc=00;36:*.ogg=00;36:*.ra=00;36:*.wav=00;36:*.oga=00;36:*.opus=00;36:*.spx=00;36:*.xspf=00;36:'), ('VSCODE_GIT_IPC_HANDLE', '/run/user/1000/vscode-git-258efc9b4e.sock'), ('TERM_PROGRAM', 'vscode'), ('AMENT_PREFIX_PATH', '/home/unitree/cyclonedds_ws/install/rmw_cyclonedds_cpp:/opt/ros/foxy'), ('SHELL', '/bin/bash'), ('LESSCLOSE', '/usr/bin/lesspipe %s %s'), ('VSCODE_GIT_ASKPASS_EXTRA_ARGS', ''), ('PWD', '/home/unitree/106a_final/build/arm_driver'), ('LC_ALL', 'en_US.UTF-8'), ('SSH_CONNECTION', '192.168.50.153 53872 192.168.50.28 22'), ('XDG_DATA_DIRS', '/usr/local/share:/usr/share:/var/lib/snapd/desktop'), ('PYTHONPATH', '/opt/ros/foxy/lib/python3.8/site-packages'), ('COLCON', '1'), ('CMAKE_PREFIX_PATH', '/home/unitree/cyclonedds_ws/install/rmw_cyclonedds_cpp:/home/unitree/cyclonedds_ws/install/cyclonedds:/opt/ros/foxy')]), 'shell': False}
[7.419593] (arm_driver) StdoutLine: {'line': b'-- Install configuration: ""\n'}
[7.421057] (arm_driver) StdoutLine: {'line': b'-- Up-to-date: /home/unitree/106a_final/install/arm_driver/lib/arm_driver/servo_driver\n'}
[7.421400] (-) TimerEvent: {}
[7.422740] (arm_driver) StdoutLine: {'line': b'-- Up-to-date: /home/unitree/106a_final/install/arm_driver/share/arm_driver/launch\n'}
[7.423007] (arm_driver) StdoutLine: {'line': b'-- Up-to-date: /home/unitree/106a_final/install/arm_driver/share/arm_driver/launch/arm_driver.launch.py\n'}
[7.423155] (arm_driver) StdoutLine: {'line': b'-- Up-to-date: /home/unitree/106a_final/install/arm_driver/share/ament_index/resource_index/package_run_dependencies/arm_driver\n'}
[7.423301] (arm_driver) StdoutLine: {'line': b'-- Up-to-date: /home/unitree/106a_final/install/arm_driver/share/ament_index/resource_index/parent_prefix_path/arm_driver\n'}
[7.423513] (arm_driver) StdoutLine: {'line': b'-- Up-to-date: /home/unitree/106a_final/install/arm_driver/share/arm_driver/environment/ament_prefix_path.sh\n'}
[7.423646] (arm_driver) StdoutLine: {'line': b'-- Up-to-date: /home/unitree/106a_final/install/arm_driver/share/arm_driver/environment/ament_prefix_path.dsv\n'}
[7.423770] (arm_driver) StdoutLine: {'line': b'-- Up-to-date: /home/unitree/106a_final/install/arm_driver/share/arm_driver/environment/path.sh\n'}
[7.423885] (arm_driver) StdoutLine: {'line': b'-- Up-to-date: /home/unitree/106a_final/install/arm_driver/share/arm_driver/environment/path.dsv\n'}
[7.424000] (arm_driver) StdoutLine: {'line': b'-- Up-to-date: /home/unitree/106a_final/install/arm_driver/share/arm_driver/local_setup.bash\n'}
[7.424115] (arm_driver) StdoutLine: {'line': b'-- Up-to-date: /home/unitree/106a_final/install/arm_driver/share/arm_driver/local_setup.sh\n'}
[7.424229] (arm_driver) StdoutLine: {'line': b'-- Up-to-date: /home/unitree/106a_final/install/arm_driver/share/arm_driver/local_setup.zsh\n'}
[7.424343] (arm_driver) StdoutLine: {'line': b'-- Up-to-date: /home/unitree/106a_final/install/arm_driver/share/arm_driver/local_setup.dsv\n'}
[7.424711] (arm_driver) StdoutLine: {'line': b'-- Installing: /home/unitree/106a_final/install/arm_driver/share/arm_driver/package.dsv\n'}
[7.425081] (arm_driver) StdoutLine: {'line': b'-- Up-to-date: /home/unitree/106a_final/install/arm_driver/share/ament_index/resource_index/packages/arm_driver\n'}
[7.425205] (arm_driver) StdoutLine: {'line': b'-- Up-to-date: /home/unitree/106a_final/install/arm_driver/share/arm_driver/cmake/arm_driverConfig.cmake\n'}
[7.425322] (arm_driver) StdoutLine: {'line': b'-- Up-to-date: /home/unitree/106a_final/install/arm_driver/share/arm_driver/cmake/arm_driverConfig-version.cmake\n'}
[7.425436] (arm_driver) StdoutLine: {'line': b'-- Up-to-date: /home/unitree/106a_final/install/arm_driver/share/arm_driver/package.xml\n'}
[7.491550] (arm_driver) CommandEnded: {'returncode': 0}
[7.527300] (-) TimerEvent: {}
[7.596690] (base_driver) StdoutLine: {'line': b'[ 50%] Built target base_wrapper\n'}
[7.637886] (-) TimerEvent: {}
[7.707639] (base_driver) StdoutLine: {'line': b'[100%] Built target base_driver\n'}
[7.747575] (-) TimerEvent: {}
[7.849121] (-) TimerEvent: {}
[7.949853] (-) TimerEvent: {}
[8.050659] (-) TimerEvent: {}
[8.151283] (-) TimerEvent: {}
[8.252019] (-) TimerEvent: {}
[8.352642] (-) TimerEvent: {}
[8.461368] (-) TimerEvent: {}
[8.581985] (-) TimerEvent: {}
[8.690942] (-) TimerEvent: {}
[8.795065] (-) TimerEvent: {}
[8.903331] (-) TimerEvent: {}
[9.006673] (-) TimerEvent: {}
[9.107568] (-) TimerEvent: {}
[9.234638] (-) TimerEvent: {}
[9.359945] (-) TimerEvent: {}
[9.460756] (-) TimerEvent: {}
[9.562402] (-) TimerEvent: {}
[9.663883] (-) TimerEvent: {}
[9.772066] (-) TimerEvent: {}
[9.879578] (-) TimerEvent: {}
[9.980606] (-) TimerEvent: {}
[10.082084] (-) TimerEvent: {}
[10.148765] (arm_driver) JobEnded: {'identifier': 'arm_driver', 'rc': 0}
[10.166339] (navigation_node_three) JobStarted: {'identifier': 'navigation_node_three'}
[10.192356] (-) TimerEvent: {}
[10.408690] (-) TimerEvent: {}
[10.511189] (-) TimerEvent: {}
[10.626541] (-) TimerEvent: {}
[10.727272] (-) TimerEvent: {}
[10.829051] (-) TimerEvent: {}
[10.938900] (-) TimerEvent: {}
[11.044760] (-) TimerEvent: {}
[11.158194] (-) TimerEvent: {}
[11.264266] (-) TimerEvent: {}
[11.367113] (-) TimerEvent: {}
[11.477038] (-) TimerEvent: {}
[11.582476] (-) TimerEvent: {}
[11.698962] (-) TimerEvent: {}
[11.802039] (-) TimerEvent: {}
[11.903841] (-) TimerEvent: {}
[11.939780] (base_driver) CommandEnded: {'returncode': 0}
[11.941251] (base_driver) JobProgress: {'identifier': 'base_driver', 'progress': 'install'}
[11.957628] (base_driver) Command: {'cmd': ['/usr/bin/cmake', '--install', '/home/unitree/106a_final/build/base_driver'], 'cwd': '/home/unitree/106a_final/build/base_driver', 'env': OrderedDict([('LESSOPEN', '| /usr/bin/lesspipe %s'), ('USER', 'unitree'), ('SSH_CLIENT', '192.168.50.153 53872 22'), ('XDG_SESSION_TYPE', 'tty'), ('GIT_ASKPASS', '/home/unitree/.vscode-server/cli/servers/Stable-bf9252a2fb45be6893dd8870c0bf37e2e1766d61/server/extensions/git/dist/askpass.sh'), ('SHLVL', '2'), ('LD_LIBRARY_PATH', '/usr/local/cuda-11.4/lib64:/usr/local/lib:/home/unitree/cyclonedds_ws/install/rmw_cyclonedds_cpp/lib:/home/unitree/cyclonedds_ws/install/cyclonedds/lib:/opt/ros/foxy/opt/yaml_cpp_vendor/lib:/opt/ros/foxy/opt/rviz_ogre_vendor/lib:/opt/ros/foxy/lib/aarch64-linux-gnu:/opt/ros/foxy/lib:/usr/local/cuda-11.4/lib64:'), ('BROWSER', '/home/unitree/.vscode-server/cli/servers/Stable-bf9252a2fb45be6893dd8870c0bf37e2e1766d61/server/bin/helpers/browser.sh'), ('MOTD_SHOWN', 'pam'), ('HOME', '/home/unitree'), ('CYCLONEDDS_URI', '/home/unitree/cyclonedds_ws/cyclonedds.xml'), ('OLDPWD', '/home/unitree'), ('TERM_PROGRAM_VERSION', '1.106.3'), ('VSCODE_IPC_HOOK_CLI', '/run/user/1000/vscode-ipc-6b571321-74ac-4992-b2d0-b78d53be3b09.sock'), ('ROS_PYTHON_VERSION', '3'), ('VSCODE_GIT_ASKPASS_MAIN', '/home/unitree/.vscode-server/cli/servers/Stable-bf9252a2fb45be6893dd8870c0bf37e2e1766d61/server/extensions/git/dist/askpass-main.js'), ('VSCODE_GIT_ASKPASS_NODE', '/home/unitree/.vscode-server/cli/servers/Stable-bf9252a2fb45be6893dd8870c0bf37e2e1766d61/server/node'), ('SSL_CERT_FILE', '/usr/lib/ssl/certs/ca-certificates.crt'), ('VSCODE_PYTHON_AUTOACTIVATE_GUARD', '1'), ('DBUS_SESSION_BUS_ADDRESS', 'unix:path=/run/user/1000/bus'), ('COLORTERM', 'truecolor'), ('COLCON_PREFIX_PATH', '/home/unitree/cyclonedds_ws/install'), ('ROS_DISTRO', 'foxy'), ('LOGNAME', 'unitree'), ('_', '/usr/bin/colcon'), ('ROS_VERSION', '2'), ('PKG_CONFIG_PATH', '/home/unitree/cyclonedds_ws/install/cyclonedds/lib/aarch64-linux-gnu/pkgconfig:/home/unitree/cyclonedds_ws/install/cyclonedds/lib/pkgconfig'), ('XDG_SESSION_CLASS', 'user'), ('TERM', 'xterm-256color'), ('XDG_SESSION_ID', '2'), ('ROS_LOCALHOST_ONLY', '0'), ('PATH', '/usr/local/cuda-11.4/bin:/home/unitree/cyclonedds_ws/install/cyclonedds/bin:/opt/ros/foxy/bin:/home/unitree/.vscode-server/cli/servers/Stable-bf9252a2fb45be6893dd8870c0bf37e2e1766d61/server/bin/remote-cli:/home/unitree/.local/bin:/usr/local/cuda-11.4/bin:/home/unitree/.local/bin:/usr/local/sbin:/usr/local/bin:/usr/sbin:/usr/bin:/sbin:/bin:/usr/games:/usr/local/games:/snap/bin'), ('XDG_RUNTIME_DIR', '/run/user/1000'), ('SSL_CERT_DIR', '/usr/lib/ssl/certs'), ('LANG', 'en_US.UTF-8'), ('RMW_IMPLEMENTATION', 'rmw_cyclonedds_cpp'), ('LS_COLORS', 'rs=0:di=01;34:ln=01;36:mh=00:pi=40;33:so=01;35:do=01;35:bd=40;33;01:cd=40;33;01:or=40;31;01:mi=00:su=37;41:sg=30;43:ca=30;41:tw=30;42:ow=34;42:st=37;44:ex=01;32:*.tar=01;31:*.tgz=01;31:*.arc=01;31:*.arj=01;31:*.taz=01;31:*.lha=01;31:*.lz4=01;31:*.lzh=01;31:*.lzma=01;31:*.tlz=01;31:*.txz=01;31:*.tzo=01;31:*.t7z=01;31:*.zip=01;31:*.z=01;31:*.dz=01;31:*.gz=01;31:*.lrz=01;31:*.lz=01;31:*.lzo=01;31:*.xz=01;31:*.zst=01;31:*.tzst=01;31:*.bz2=01;31:*.bz=01;31:*.tbz=01;31:*.tbz2=01;31:*.tz=01;31:*.deb=01;31:*.rpm=01;31:*.jar=01;31:*.war=01;31:*.ear=01;31:*.sar=01;31:*.rar=01;31:*.alz=01;31:*.ace=01;31:*.zoo=01;31:*.cpio=01;31:*.7z=01;31:*.rz=01;31:*.cab=01;31:*.wim=01;31:*.swm=01;31:*.dwm=01;31:*.esd=01;31:*.jpg=01;35:*.jpeg=01;35:*.mjpg=01;35:*.mjpeg=01;35:*.gif=01;35:*.bmp=01;35:*.pbm=01;35:*.pgm=01;35:*.ppm=01;35:*.tga=01;35:*.xbm=01;35:*.xpm=01;35:*.tif=01;35:*.tiff=01;35:*.png=01;35:*.svg=01;35:*.svgz=01;35:*.mng=01;35:*.pcx=01;35:*.mov=01;35:*.mpg=01;35:*.mpeg=01;35:*.m2v=01;35:*.mkv=01;35:*.webm=01;35:*.ogm=01;35:*.mp4=01;35:*.m4v=01;35:*.mp4v=01;35:*.vob=01;35:*.qt=01;35:*.nuv=01;35:*.wmv=01;35:*.asf=01;35:*.rm=01;35:*.rmvb=01;35:*.flc=01;35:*.avi=01;35:*.fli=01;35:*.flv=01;35:*.gl=01;35:*.dl=01;35:*.xcf=01;35:*.xwd=01;35:*.yuv=01;35:*.cgm=01;35:*.emf=01;35:*.ogv=01;35:*.ogx=01;35:*.aac=00;36:*.au=00;36:*.flac=00;36:*.m4a=00;36:*.mid=00;36:*.midi=00;36:*.mka=00;36:*.mp3=00;36:*.mpc=00;36:*.ogg=00;36:*.ra=00;36:*.wav=00;36:*.oga=00;36:*.opus=00;36:*.spx=00;36:*.xspf=00;36:'), ('VSCODE_GIT_IPC_HANDLE', '/run/user/1000/vscode-git-258efc9b4e.sock'), ('TERM_PROGRAM', 'vscode'), ('AMENT_PREFIX_PATH', '/home/unitree/cyclonedds_ws/install/rmw_cyclonedds_cpp:/opt/ros/foxy'), ('SHELL', '/bin/bash'), ('LESSCLOSE', '/usr/bin/lesspipe %s %s'), ('VSCODE_GIT_ASKPASS_EXTRA_ARGS', ''), ('PWD', '/home/unitree/106a_final/build/base_driver'), ('LC_ALL', 'en_US.UTF-8'), ('SSH_CONNECTION', '192.168.50.153 53872 192.168.50.28 22'), ('XDG_DATA_DIRS', '/usr/local/share:/usr/share:/var/lib/snapd/desktop'), ('PYTHONPATH', '/opt/ros/foxy/lib/python3.8/site-packages'), ('COLCON', '1'), ('CMAKE_PREFIX_PATH', '/home/unitree/cyclonedds_ws/install/rmw_cyclonedds_cpp:/home/unitree/cyclonedds_ws/install/cyclonedds:/opt/ros/foxy')]), 'shell': False}
[11.981250] (arm_control) Command: {'cmd': ['/usr/bin/python3', 'setup.py', 'egg_info', '--egg-base', '../../build/arm_control', 'build', '--build-base', '/home/unitree/106a_final/build/arm_control/build', 'install', '--record', '/home/unitree/106a_final/build/arm_control/install.log', '--install-scripts', '$base/lib/arm_control', '--single-version-externally-managed'], 'cwd': '/home/unitree/106a_final/src/arm_control', 'env': {'LESSOPEN': '| /usr/bin/lesspipe %s', 'USER': 'unitree', 'SSH_CLIENT': '192.168.50.153 53872 22', 'XDG_SESSION_TYPE': 'tty', 'GIT_ASKPASS': '/home/unitree/.vscode-server/cli/servers/Stable-bf9252a2fb45be6893dd8870c0bf37e2e1766d61/server/extensions/git/dist/askpass.sh', 'SHLVL': '2', 'LD_LIBRARY_PATH': '/usr/local/cuda-11.4/lib64:/usr/local/lib:/home/unitree/cyclonedds_ws/install/rmw_cyclonedds_cpp/lib:/home/unitree/cyclonedds_ws/install/cyclonedds/lib:/opt/ros/foxy/opt/yaml_cpp_vendor/lib:/opt/ros/foxy/opt/rviz_ogre_vendor/lib:/opt/ros/foxy/lib/aarch64-linux-gnu:/opt/ros/foxy/lib:/usr/local/cuda-11.4/lib64:', 'BROWSER': '/home/unitree/.vscode-server/cli/servers/Stable-bf9252a2fb45be6893dd8870c0bf37e2e1766d61/server/bin/helpers/browser.sh', 'MOTD_SHOWN': 'pam', 'HOME': '/home/unitree', 'CYCLONEDDS_URI': '/home/unitree/cyclonedds_ws/cyclonedds.xml', 'OLDPWD': '/home/unitree', 'TERM_PROGRAM_VERSION': '1.106.3', 'VSCODE_IPC_HOOK_CLI': '/run/user/1000/vscode-ipc-6b571321-74ac-4992-b2d0-b78d53be3b09.sock', 'ROS_PYTHON_VERSION': '3', 'VSCODE_GIT_ASKPASS_MAIN': '/home/unitree/.vscode-server/cli/servers/Stable-bf9252a2fb45be6893dd8870c0bf37e2e1766d61/server/extensions/git/dist/askpass-main.js', 'VSCODE_GIT_ASKPASS_NODE': '/home/unitree/.vscode-server/cli/servers/Stable-bf9252a2fb45be6893dd8870c0bf37e2e1766d61/server/node', 'SSL_CERT_FILE': '/usr/lib/ssl/certs/ca-certificates.crt', 'VSCODE_PYTHON_AUTOACTIVATE_GUARD': '1', 'DBUS_SESSION_BUS_ADDRESS': 'unix:path=/run/user/1000/bus', 'COLORTERM': 'truecolor', 'COLCON_PREFIX_PATH': '/home/unitree/cyclonedds_ws/install', 'ROS_DISTRO': 'foxy', 'LOGNAME': 'unitree', '_': '/usr/bin/colcon', 'ROS_VERSION': '2', 'PKG_CONFIG_PATH': '/home/unitree/cyclonedds_ws/install/cyclonedds/lib/aarch64-linux-gnu/pkgconfig:/home/unitree/cyclonedds_ws/install/cyclonedds/lib/pkgconfig', 'XDG_SESSION_CLASS': 'user', 'TERM': 'xterm-256color', 'XDG_SESSION_ID': '2', 'ROS_LOCALHOST_ONLY': '0', 'PATH': '/usr/local/cuda-11.4/bin:/home/unitree/cyclonedds_ws/install/cyclonedds/bin:/opt/ros/foxy/bin:/home/unitree/.vscode-server/cli/servers/Stable-bf9252a2fb45be6893dd8870c0bf37e2e1766d61/server/bin/remote-cli:/home/unitree/.local/bin:/usr/local/cuda-11.4/bin:/home/unitree/.local/bin:/usr/local/sbin:/usr/local/bin:/usr/sbin:/usr/bin:/sbin:/bin:/usr/games:/usr/local/games:/snap/bin', 'XDG_RUNTIME_DIR': '/run/user/1000', 'SSL_CERT_DIR': '/usr/lib/ssl/certs', 'LANG': 'en_US.UTF-8', 'RMW_IMPLEMENTATION': 'rmw_cyclonedds_cpp', 'LS_COLORS': 'rs=0:di=01;34:ln=01;36:mh=00:pi=40;33:so=01;35:do=01;35:bd=40;33;01:cd=40;33;01:or=40;31;01:mi=00:su=37;41:sg=30;43:ca=30;41:tw=30;42:ow=34;42:st=37;44:ex=01;32:*.tar=01;31:*.tgz=01;31:*.arc=01;31:*.arj=01;31:*.taz=01;31:*.lha=01;31:*.lz4=01;31:*.lzh=01;31:*.lzma=01;31:*.tlz=01;31:*.txz=01;31:*.tzo=01;31:*.t7z=01;31:*.zip=01;31:*.z=01;31:*.dz=01;31:*.gz=01;31:*.lrz=01;31:*.lz=01;31:*.lzo=01;31:*.xz=01;31:*.zst=01;31:*.tzst=01;31:*.bz2=01;31:*.bz=01;31:*.tbz=01;31:*.tbz2=01;31:*.tz=01;31:*.deb=01;31:*.rpm=01;31:*.jar=01;31:*.war=01;31:*.ear=01;31:*.sar=01;31:*.rar=01;31:*.alz=01;31:*.ace=01;31:*.zoo=01;31:*.cpio=01;31:*.7z=01;31:*.rz=01;31:*.cab=01;31:*.wim=01;31:*.swm=01;31:*.dwm=01;31:*.esd=01;31:*.jpg=01;35:*.jpeg=01;35:*.mjpg=01;35:*.mjpeg=01;35:*.gif=01;35:*.bmp=01;35:*.pbm=01;35:*.pgm=01;35:*.ppm=01;35:*.tga=01;35:*.xbm=01;35:*.xpm=01;35:*.tif=01;35:*.tiff=01;35:*.png=01;35:*.svg=01;35:*.svgz=01;35:*.mng=01;35:*.pcx=01;35:*.mov=01;35:*.mpg=01;35:*.mpeg=01;35:*.m2v=01;35:*.mkv=01;35:*.webm=01;35:*.ogm=01;35:*.mp4=01;35:*.m4v=01;35:*.mp4v=01;35:*.vob=01;35:*.qt=01;35:*.nuv=01;35:*.wmv=01;35:*.asf=01;35:*.rm=01;35:*.rmvb=01;35:*.flc=01;35:*.avi=01;35:*.fli=01;35:*.flv=01;35:*.gl=01;35:*.dl=01;35:*.xcf=01;35:*.xwd=01;35:*.yuv=01;35:*.cgm=01;35:*.emf=01;35:*.ogv=01;35:*.ogx=01;35:*.aac=00;36:*.au=00;36:*.flac=00;36:*.m4a=00;36:*.mid=00;36:*.midi=00;36:*.mka=00;36:*.mp3=00;36:*.mpc=00;36:*.ogg=00;36:*.ra=00;36:*.wav=00;36:*.oga=00;36:*.opus=00;36:*.spx=00;36:*.xspf=00;36:', 'VSCODE_GIT_IPC_HANDLE': '/run/user/1000/vscode-git-258efc9b4e.sock', 'TERM_PROGRAM': 'vscode', 'AMENT_PREFIX_PATH': '/home/unitree/cyclonedds_ws/install/rmw_cyclonedds_cpp:/opt/ros/foxy', 'SHELL': '/bin/bash', 'LESSCLOSE': '/usr/bin/lesspipe %s %s', 'VSCODE_GIT_ASKPASS_EXTRA_ARGS': '', 'PWD': '/home/unitree/106a_final/build/arm_control', 'LC_ALL': 'en_US.UTF-8', 'SSH_CONNECTION': '192.168.50.153 53872 192.168.50.28 22', 'XDG_DATA_DIRS': '/usr/local/share:/usr/share:/var/lib/snapd/desktop', 'PYTHONPATH': '/home/unitree/106a_final/build/arm_control/prefix_override:/home/unitree/106a_final/install/arm_control/lib/python3.8/site-packages:/opt/ros/foxy/lib/python3.8/site-packages', 'COLCON': '1', 'CMAKE_PREFIX_PATH': '/home/unitree/cyclonedds_ws/install/rmw_cyclonedds_cpp:/home/unitree/cyclonedds_ws/install/cyclonedds'}, 'shell': False}
[12.004140] (-) TimerEvent: {}
[12.024507] (aruco_node) Command: {'cmd': ['/usr/bin/python3', 'setup.py', 'egg_info', '--egg-base', '../../build/aruco_node', 'build', '--build-base', '/home/unitree/106a_final/build/aruco_node/build', 'install', '--record', '/home/unitree/106a_final/build/aruco_node/install.log', '--single-version-externally-managed'], 'cwd': '/home/unitree/106a_final/src/aruco_node', 'env': {'LESSOPEN': '| /usr/bin/lesspipe %s', 'USER': 'unitree', 'SSH_CLIENT': '192.168.50.153 53872 22', 'XDG_SESSION_TYPE': 'tty', 'GIT_ASKPASS': '/home/unitree/.vscode-server/cli/servers/Stable-bf9252a2fb45be6893dd8870c0bf37e2e1766d61/server/extensions/git/dist/askpass.sh', 'SHLVL': '2', 'LD_LIBRARY_PATH': '/usr/local/cuda-11.4/lib64:/usr/local/lib:/home/unitree/cyclonedds_ws/install/rmw_cyclonedds_cpp/lib:/home/unitree/cyclonedds_ws/install/cyclonedds/lib:/opt/ros/foxy/opt/yaml_cpp_vendor/lib:/opt/ros/foxy/opt/rviz_ogre_vendor/lib:/opt/ros/foxy/lib/aarch64-linux-gnu:/opt/ros/foxy/lib:/usr/local/cuda-11.4/lib64:', 'BROWSER': '/home/unitree/.vscode-server/cli/servers/Stable-bf9252a2fb45be6893dd8870c0bf37e2e1766d61/server/bin/helpers/browser.sh', 'MOTD_SHOWN': 'pam', 'HOME': '/home/unitree', 'CYCLONEDDS_URI': '/home/unitree/cyclonedds_ws/cyclonedds.xml', 'OLDPWD': '/home/unitree', 'TERM_PROGRAM_VERSION': '1.106.3', 'VSCODE_IPC_HOOK_CLI': '/run/user/1000/vscode-ipc-6b571321-74ac-4992-b2d0-b78d53be3b09.sock', 'ROS_PYTHON_VERSION': '3', 'VSCODE_GIT_ASKPASS_MAIN': '/home/unitree/.vscode-server/cli/servers/Stable-bf9252a2fb45be6893dd8870c0bf37e2e1766d61/server/extensions/git/dist/askpass-main.js', 'VSCODE_GIT_ASKPASS_NODE': '/home/unitree/.vscode-server/cli/servers/Stable-bf9252a2fb45be6893dd8870c0bf37e2e1766d61/server/node', 'SSL_CERT_FILE': '/usr/lib/ssl/certs/ca-certificates.crt', 'VSCODE_PYTHON_AUTOACTIVATE_GUARD': '1', 'DBUS_SESSION_BUS_ADDRESS': 'unix:path=/run/user/1000/bus', 'COLORTERM': 'truecolor', 'COLCON_PREFIX_PATH': '/home/unitree/cyclonedds_ws/install', 'ROS_DISTRO': 'foxy', 'LOGNAME': 'unitree', '_': '/usr/bin/colcon', 'ROS_VERSION': '2', 'PKG_CONFIG_PATH': '/home/unitree/cyclonedds_ws/install/cyclonedds/lib/aarch64-linux-gnu/pkgconfig:/home/unitree/cyclonedds_ws/install/cyclonedds/lib/pkgconfig', 'XDG_SESSION_CLASS': 'user', 'TERM': 'xterm-256color', 'XDG_SESSION_ID': '2', 'ROS_LOCALHOST_ONLY': '0', 'PATH': '/usr/local/cuda-11.4/bin:/home/unitree/cyclonedds_ws/install/cyclonedds/bin:/opt/ros/foxy/bin:/home/unitree/.vscode-server/cli/servers/Stable-bf9252a2fb45be6893dd8870c0bf37e2e1766d61/server/bin/remote-cli:/home/unitree/.local/bin:/usr/local/cuda-11.4/bin:/home/unitree/.local/bin:/usr/local/sbin:/usr/local/bin:/usr/sbin:/usr/bin:/sbin:/bin:/usr/games:/usr/local/games:/snap/bin', 'XDG_RUNTIME_DIR': '/run/user/1000', 'SSL_CERT_DIR': '/usr/lib/ssl/certs', 'LANG': 'en_US.UTF-8', 'RMW_IMPLEMENTATION': 'rmw_cyclonedds_cpp', 'LS_COLORS': 'rs=0:di=01;34:ln=01;36:mh=00:pi=40;33:so=01;35:do=01;35:bd=40;33;01:cd=40;33;01:or=40;31;01:mi=00:su=37;41:sg=30;43:ca=30;41:tw=30;42:ow=34;42:st=37;44:ex=01;32:*.tar=01;31:*.tgz=01;31:*.arc=01;31:*.arj=01;31:*.taz=01;31:*.lha=01;31:*.lz4=01;31:*.lzh=01;31:*.lzma=01;31:*.tlz=01;31:*.txz=01;31:*.tzo=01;31:*.t7z=01;31:*.zip=01;31:*.z=01;31:*.dz=01;31:*.gz=01;31:*.lrz=01;31:*.lz=01;31:*.lzo=01;31:*.xz=01;31:*.zst=01;31:*.tzst=01;31:*.bz2=01;31:*.bz=01;31:*.tbz=01;31:*.tbz2=01;31:*.tz=01;31:*.deb=01;31:*.rpm=01;31:*.jar=01;31:*.war=01;31:*.ear=01;31:*.sar=01;31:*.rar=01;31:*.alz=01;31:*.ace=01;31:*.zoo=01;31:*.cpio=01;31:*.7z=01;31:*.rz=01;31:*.cab=01;31:*.wim=01;31:*.swm=01;31:*.dwm=01;31:*.esd=01;31:*.jpg=01;35:*.jpeg=01;35:*.mjpg=01;35:*.mjpeg=01;35:*.gif=01;35:*.bmp=01;35:*.pbm=01;35:*.pgm=01;35:*.ppm=01;35:*.tga=01;35:*.xbm=01;35:*.xpm=01;35:*.tif=01;35:*.tiff=01;35:*.png=01;35:*.svg=01;35:*.svgz=01;35:*.mng=01;35:*.pcx=01;35:*.mov=01;35:*.mpg=01;35:*.mpeg=01;35:*.m2v=01;35:*.mkv=01;35:*.webm=01;35:*.ogm=01;35:*.mp4=01;35:*.m4v=01;35:*.mp4v=01;35:*.vob=01;35:*.qt=01;35:*.nuv=01;35:*.wmv=01;35:*.asf=01;35:*.rm=01;35:*.rmvb=01;35:*.flc=01;35:*.avi=01;35:*.fli=01;35:*.flv=01;35:*.gl=01;35:*.dl=01;35:*.xcf=01;35:*.xwd=01;35:*.yuv=01;35:*.cgm=01;35:*.emf=01;35:*.ogv=01;35:*.ogx=01;35:*.aac=00;36:*.au=00;36:*.flac=00;36:*.m4a=00;36:*.mid=00;36:*.midi=00;36:*.mka=00;36:*.mp3=00;36:*.mpc=00;36:*.ogg=00;36:*.ra=00;36:*.wav=00;36:*.oga=00;36:*.opus=00;36:*.spx=00;36:*.xspf=00;36:', 'VSCODE_GIT_IPC_HANDLE': '/run/user/1000/vscode-git-258efc9b4e.sock', 'TERM_PROGRAM': 'vscode', 'AMENT_PREFIX_PATH': '/home/unitree/cyclonedds_ws/install/rmw_cyclonedds_cpp:/opt/ros/foxy', 'SHELL': '/bin/bash', 'LESSCLOSE': '/usr/bin/lesspipe %s %s', 'VSCODE_GIT_ASKPASS_EXTRA_ARGS': '', 'PWD': '/home/unitree/106a_final/build/aruco_node', 'LC_ALL': 'en_US.UTF-8', 'SSH_CONNECTION': '192.168.50.153 53872 192.168.50.28 22', 'XDG_DATA_DIRS': '/usr/local/share:/usr/share:/var/lib/snapd/desktop', 'PYTHONPATH': '/home/unitree/106a_final/build/aruco_node/prefix_override:/home/unitree/106a_final/install/aruco_node/lib/python3.8/site-packages:/opt/ros/foxy/lib/python3.8/site-packages', 'COLCON': '1', 'CMAKE_PREFIX_PATH': '/home/unitree/cyclonedds_ws/install/rmw_cyclonedds_cpp:/home/unitree/cyclonedds_ws/install/cyclonedds'}, 'shell': False}
[12.026791] (base_driver) StdoutLine: {'line': b'-- Install configuration: ""\n'}
[12.027072] (base_driver) StdoutLine: {'line': b'-- Up-to-date: /home/unitree/106a_final/install/base_driver/lib/base_driver/base_driver\n'}
[12.027218] (base_driver) StdoutLine: {'line': b'-- Up-to-date: /home/unitree/106a_final/install/base_driver/lib/base_driver/libbase_wrapper.a\n'}
[12.028007] (base_driver) StdoutLine: {'line': b'-- Up-to-date: /home/unitree/106a_final/install/base_driver/include\n'}
[12.028162] (base_driver) StdoutLine: {'line': b'-- Up-to-date: /home/unitree/106a_final/install/base_driver/include/base_driver\n'}
[12.028293] (base_driver) StdoutLine: {'line': b'-- Up-to-date: /home/unitree/106a_final/install/base_driver/share/ament_index/resource_index/package_run_dependencies/base_driver\n'}
[12.036267] (base_driver) StdoutLine: {'line': b'-- Up-to-date: /home/unitree/106a_final/install/base_driver/share/ament_index/resource_index/parent_prefix_path/base_driver\n'}
[12.036767] (base_driver) StdoutLine: {'line': b'-- Up-to-date: /home/unitree/106a_final/install/base_driver/share/base_driver/environment/ament_prefix_path.sh\n'}
[12.036940] (base_driver) StdoutLine: {'line': b'-- Up-to-date: /home/unitree/106a_final/install/base_driver/share/base_driver/environment/ament_prefix_path.dsv\n'}
[12.037129] (base_driver) StdoutLine: {'line': b'-- Up-to-date: /home/unitree/106a_final/install/base_driver/share/base_driver/environment/path.sh\n'}
[12.037272] (base_driver) StdoutLine: {'line': b'-- Up-to-date: /home/unitree/106a_final/install/base_driver/share/base_driver/environment/path.dsv\n'}
[12.037401] (base_driver) StdoutLine: {'line': b'-- Up-to-date: /home/unitree/106a_final/install/base_driver/share/base_driver/local_setup.bash\n'}
[12.037529] (base_driver) StdoutLine: {'line': b'-- Up-to-date: /home/unitree/106a_final/install/base_driver/share/base_driver/local_setup.sh\n'}
[12.037679] (base_driver) StdoutLine: {'line': b'-- Up-to-date: /home/unitree/106a_final/install/base_driver/share/base_driver/local_setup.zsh\n'}
[12.037796] (base_driver) StdoutLine: {'line': b'-- Up-to-date: /home/unitree/106a_final/install/base_driver/share/base_driver/local_setup.dsv\n'}
[12.037908] (base_driver) StdoutLine: {'line': b'-- Installing: /home/unitree/106a_final/install/base_driver/share/base_driver/package.dsv\n'}
[12.038025] (base_driver) StdoutLine: {'line': b'-- Up-to-date: /home/unitree/106a_final/install/base_driver/share/ament_index/resource_index/packages/base_driver\n'}
[12.038135] (base_driver) StdoutLine: {'line': b'-- Up-to-date: /home/unitree/106a_final/install/base_driver/share/base_driver/cmake/base_driverConfig.cmake\n'}
[12.038272] (base_driver) StdoutLine: {'line': b'-- Up-to-date: /home/unitree/106a_final/install/base_driver/share/base_driver/cmake/base_driverConfig-version.cmake\n'}
[12.038393] (base_driver) StdoutLine: {'line': b'-- Up-to-date: /home/unitree/106a_final/install/base_driver/share/base_driver/package.xml\n'}
[12.104302] (-) TimerEvent: {}
[12.205913] (-) TimerEvent: {}
[12.306571] (-) TimerEvent: {}
[12.407248] (-) TimerEvent: {}
[12.507888] (-) TimerEvent: {}
[12.608686] (-) TimerEvent: {}
[12.709429] (-) TimerEvent: {}
[12.810074] (-) TimerEvent: {}
[12.910763] (-) TimerEvent: {}
[13.011529] (-) TimerEvent: {}
[13.112171] (-) TimerEvent: {}
[13.212808] (-) TimerEvent: {}
[13.241462] (aruco_node) StdoutLine: {'line': b'running egg_info\n'}
[13.242867] (aruco_node) StdoutLine: {'line': b'writing ../../build/aruco_node/aruco_node.egg-info/PKG-INFO\n'}
[13.243527] (aruco_node) StdoutLine: {'line': b'writing dependency_links to ../../build/aruco_node/aruco_node.egg-info/dependency_links.txt\n'}
[13.243882] (aruco_node) StdoutLine: {'line': b'writing entry points to ../../build/aruco_node/aruco_node.egg-info/entry_points.txt\n'}
[13.244262] (aruco_node) StdoutLine: {'line': b'writing requirements to ../../build/aruco_node/aruco_node.egg-info/requires.txt\n'}
[13.244497] (aruco_node) StdoutLine: {'line': b'writing top-level names to ../../build/aruco_node/aruco_node.egg-info/top_level.txt\n'}
[13.312272] (aruco_node) StdoutLine: {'line': b"reading manifest file '../../build/aruco_node/aruco_node.egg-info/SOURCES.txt'\n"}
[13.312883] (-) TimerEvent: {}
[13.313974] (aruco_node) StdoutLine: {'line': b"writing manifest file '../../build/aruco_node/aruco_node.egg-info/SOURCES.txt'\n"}
[13.314428] (aruco_node) StdoutLine: {'line': b'running build\n'}
[13.314604] (aruco_node) StdoutLine: {'line': b'running build_py\n'}
[13.314836] (aruco_node) StdoutLine: {'line': b'running install\n'}
[13.316669] (aruco_node) StdoutLine: {'line': b'running install_lib\n'}
[13.320275] (aruco_node) StdoutLine: {'line': b'running install_data\n'}
[13.320935] (aruco_node) StdoutLine: {'line': b'running install_egg_info\n'}
[13.325255] (aruco_node) StdoutLine: {'line': b"removing '/home/unitree/106a_final/install/aruco_node/lib/python3.8/site-packages/aruco_node-0.0.0-py3.8.egg-info' (and everything under it)\n"}
[13.325792] (aruco_node) StdoutLine: {'line': b'Copying ../../build/aruco_node/aruco_node.egg-info to /home/unitree/106a_final/install/aruco_node/lib/python3.8/site-packages/aruco_node-0.0.0-py3.8.egg-info\n'}
[13.328027] (aruco_node) StdoutLine: {'line': b'running install_scripts\n'}
[13.370255] (aruco_node) StdoutLine: {'line': b'Installing aruco script to /home/unitree/106a_final/install/aruco_node/lib/aruco_node\n'}
[13.371856] (aruco_node) StdoutLine: {'line': b"writing list of installed files to '/home/unitree/106a_final/build/aruco_node/install.log'\n"}
[13.413058] (-) TimerEvent: {}
[13.514402] (-) TimerEvent: {}
[13.615898] (-) TimerEvent: {}
[13.717458] (-) TimerEvent: {}
[13.724151] (arm_control) StdoutLine: {'line': b'running egg_info\n'}
[13.749512] (arm_control) StdoutLine: {'line': b'writing ../../build/arm_control/arm_control.egg-info/PKG-INFO\n'}
[13.750111] (arm_control) StdoutLine: {'line': b'writing dependency_links to ../../build/arm_control/arm_control.egg-info/dependency_links.txt\n'}
[13.750428] (arm_control) StdoutLine: {'line': b'writing entry points to ../../build/arm_control/arm_control.egg-info/entry_points.txt\n'}
[13.771249] (arm_control) StdoutLine: {'line': b'writing requirements to ../../build/arm_control/arm_control.egg-info/requires.txt\n'}
[13.771878] (arm_control) StdoutLine: {'line': b'writing top-level names to ../../build/arm_control/arm_control.egg-info/top_level.txt\n'}
[13.817632] (-) TimerEvent: {}
[13.909265] (arm_control) StdoutLine: {'line': b"reading manifest file '../../build/arm_control/arm_control.egg-info/SOURCES.txt'\n"}
[13.911433] (arm_control) StdoutLine: {'line': b"writing manifest file '../../build/arm_control/arm_control.egg-info/SOURCES.txt'\n"}
[13.911675] (arm_control) StdoutLine: {'line': b'running build\n'}
[13.911826] (arm_control) StdoutLine: {'line': b'running build_py\n'}
[13.912087] (arm_control) StdoutLine: {'line': b'running install\n'}
[13.913903] (arm_control) StdoutLine: {'line': b'running install_lib\n'}
[13.917137] (arm_control) StdoutLine: {'line': b'running install_data\n'}
[13.917831] (-) TimerEvent: {}
[13.918761] (arm_control) StdoutLine: {'line': b'running install_egg_info\n'}
[13.922290] (arm_control) StdoutLine: {'line': b"removing '/home/unitree/106a_final/install/arm_control/lib/python3.8/site-packages/arm_control-0.0.0-py3.8.egg-info' (and everything under it)\n"}
[13.923179] (arm_control) StdoutLine: {'line': b'Copying ../../build/arm_control/arm_control.egg-info to /home/unitree/106a_final/install/arm_control/lib/python3.8/site-packages/arm_control-0.0.0-py3.8.egg-info\n'}
[13.925295] (arm_control) StdoutLine: {'line': b'running install_scripts\n'}
[13.974579] (arm_control) StdoutLine: {'line': b'Installing arm_node script to /home/unitree/106a_final/install/arm_control/lib/arm_control\n'}
[13.975128] (arm_control) StdoutLine: {'line': b'Installing servo_driver script to /home/unitree/106a_final/install/arm_control/lib/arm_control\n'}
[13.976047] (arm_control) StdoutLine: {'line': b"writing list of installed files to '/home/unitree/106a_final/build/arm_control/install.log'\n"}
[14.017990] (-) TimerEvent: {}
[14.119641] (-) TimerEvent: {}
[14.224322] (-) TimerEvent: {}
[14.325354] (-) TimerEvent: {}
[14.426224] (-) TimerEvent: {}
[14.530360] (-) TimerEvent: {}
[14.555075] (base_driver) CommandEnded: {'returncode': 0}
[14.633603] (-) TimerEvent: {}
[14.735103] (-) TimerEvent: {}
[14.836658] (-) TimerEvent: {}
[14.937277] (-) TimerEvent: {}
[15.037881] (-) TimerEvent: {}
[15.138499] (-) TimerEvent: {}
[15.239139] (-) TimerEvent: {}
[15.339782] (-) TimerEvent: {}
[15.371752] (base_driver) JobEnded: {'identifier': 'base_driver', 'rc': 0}
[15.374606] (navigation_return_node) JobStarted: {'identifier': 'navigation_return_node'}
[15.441653] (-) TimerEvent: {}
[15.544761] (-) TimerEvent: {}
[15.645442] (-) TimerEvent: {}
[15.747004] (-) TimerEvent: {}
[15.849585] (-) TimerEvent: {}
[15.958128] (-) TimerEvent: {}
[16.040696] (aruco_node) CommandEnded: {'returncode': 0}
[16.067137] (-) TimerEvent: {}
[16.168783] (-) TimerEvent: {}
[16.272743] (-) TimerEvent: {}
[16.390127] (-) TimerEvent: {}
[16.603968] (-) TimerEvent: {}
[16.705004] (-) TimerEvent: {}
[16.806645] (-) TimerEvent: {}
[16.851153] (aruco_node) JobEnded: {'identifier': 'aruco_node', 'rc': 0}
[16.853307] (arm_control) CommandEnded: {'returncode': 0}
[16.906987] (-) TimerEvent: {}
[17.020807] (-) TimerEvent: {}
[17.135543] (-) TimerEvent: {}
[17.242145] (-) TimerEvent: {}
[17.345139] (-) TimerEvent: {}
[17.446351] (-) TimerEvent: {}
[17.513140] (arm_control) JobEnded: {'identifier': 'arm_control', 'rc': 0}
[17.517992] (vision_node) JobStarted: {'identifier': 'vision_node'}
[17.546816] (-) TimerEvent: {}
[17.649167] (-) TimerEvent: {}
[17.752540] (-) TimerEvent: {}
[17.853222] (-) TimerEvent: {}
[17.955274] (-) TimerEvent: {}
[18.056798] (-) TimerEvent: {}
[18.157364] (-) TimerEvent: {}
[18.253060] (navigation_node) JobStarted: {'identifier': 'navigation_node'}
[18.257587] (-) TimerEvent: {}
[18.363536] (-) TimerEvent: {}
[18.474735] (-) TimerEvent: {}
[18.578478] (-) TimerEvent: {}
[18.684300] (-) TimerEvent: {}
[18.786033] (-) TimerEvent: {}
[18.892581] (-) TimerEvent: {}
[18.995028] (-) TimerEvent: {}
[19.096885] (-) TimerEvent: {}
[19.198511] (-) TimerEvent: {}
[19.301081] (-) TimerEvent: {}
[19.402447] (-) TimerEvent: {}
[19.503756] (-) TimerEvent: {}
[19.605117] (-) TimerEvent: {}
[19.706771] (-) TimerEvent: {}
[19.808271] (-) TimerEvent: {}
[19.909749] (-) TimerEvent: {}
[20.011177] (-) TimerEvent: {}
[20.111845] (-) TimerEvent: {}
[20.212614] (-) TimerEvent: {}
[20.313428] (-) TimerEvent: {}
[20.414122] (-) TimerEvent: {}
[20.514765] (-) TimerEvent: {}
[20.616414] (-) TimerEvent: {}
[20.717645] (-) TimerEvent: {}
[20.819740] (-) TimerEvent: {}
[20.920716] (-) TimerEvent: {}
[21.023186] (-) TimerEvent: {}
[21.123908] (-) TimerEvent: {}
[21.224594] (-) TimerEvent: {}
[21.325253] (-) TimerEvent: {}
[21.426073] (-) TimerEvent: {}
[21.529399] (-) TimerEvent: {}
[21.630609] (-) TimerEvent: {}
[21.735473] (-) TimerEvent: {}
[21.839094] (-) TimerEvent: {}
[21.942480] (-) TimerEvent: {}
[22.043883] (-) TimerEvent: {}
[22.149962] (-) TimerEvent: {}
[22.250981] (-) TimerEvent: {}
[22.351672] (-) TimerEvent: {}
[22.453039] (-) TimerEvent: {}
[22.554524] (-) TimerEvent: {}
[22.656228] (-) TimerEvent: {}
[22.757553] (-) TimerEvent: {}
[22.859113] (-) TimerEvent: {}
[22.960730] (-) TimerEvent: {}
[23.071543] (-) TimerEvent: {}
[23.157854] (navigation_node_three) Command: {'cmd': ['/usr/bin/python3', 'setup.py', 'egg_info', '--egg-base', '../../build/navigation_node_three', 'build', '--build-base', '/home/unitree/106a_final/build/navigation_node_three/build', 'install', '--record', '/home/unitree/106a_final/build/navigation_node_three/install.log', '--install-scripts', '$base/lib/navigation_node_three', '--single-version-externally-managed'], 'cwd': '/home/unitree/106a_final/src/navigation_node_three', 'env': {'LESSOPEN': '| /usr/bin/lesspipe %s', 'USER': 'unitree', 'SSH_CLIENT': '192.168.50.153 53872 22', 'XDG_SESSION_TYPE': 'tty', 'GIT_ASKPASS': '/home/unitree/.vscode-server/cli/servers/Stable-bf9252a2fb45be6893dd8870c0bf37e2e1766d61/server/extensions/git/dist/askpass.sh', 'SHLVL': '2', 'LD_LIBRARY_PATH': '/usr/local/cuda-11.4/lib64:/usr/local/lib:/home/unitree/cyclonedds_ws/install/rmw_cyclonedds_cpp/lib:/home/unitree/cyclonedds_ws/install/cyclonedds/lib:/opt/ros/foxy/opt/yaml_cpp_vendor/lib:/opt/ros/foxy/opt/rviz_ogre_vendor/lib:/opt/ros/foxy/lib/aarch64-linux-gnu:/opt/ros/foxy/lib:/usr/local/cuda-11.4/lib64:', 'BROWSER': '/home/unitree/.vscode-server/cli/servers/Stable-bf9252a2fb45be6893dd8870c0bf37e2e1766d61/server/bin/helpers/browser.sh', 'MOTD_SHOWN': 'pam', 'HOME': '/home/unitree', 'CYCLONEDDS_URI': '/home/unitree/cyclonedds_ws/cyclonedds.xml', 'OLDPWD': '/home/unitree', 'TERM_PROGRAM_VERSION': '1.106.3', 'VSCODE_IPC_HOOK_CLI': '/run/user/1000/vscode-ipc-6b571321-74ac-4992-b2d0-b78d53be3b09.sock', 'ROS_PYTHON_VERSION': '3', 'VSCODE_GIT_ASKPASS_MAIN': '/home/unitree/.vscode-server/cli/servers/Stable-bf9252a2fb45be6893dd8870c0bf37e2e1766d61/server/extensions/git/dist/askpass-main.js', 'VSCODE_GIT_ASKPASS_NODE': '/home/unitree/.vscode-server/cli/servers/Stable-bf9252a2fb45be6893dd8870c0bf37e2e1766d61/server/node', 'SSL_CERT_FILE': '/usr/lib/ssl/certs/ca-certificates.crt', 'VSCODE_PYTHON_AUTOACTIVATE_GUARD': '1', 'DBUS_SESSION_BUS_ADDRESS': 'unix:path=/run/user/1000/bus', 'COLORTERM': 'truecolor', 'COLCON_PREFIX_PATH': '/home/unitree/cyclonedds_ws/install', 'ROS_DISTRO': 'foxy', 'LOGNAME': 'unitree', '_': '/usr/bin/colcon', 'ROS_VERSION': '2', 'PKG_CONFIG_PATH': '/home/unitree/cyclonedds_ws/install/cyclonedds/lib/aarch64-linux-gnu/pkgconfig:/home/unitree/cyclonedds_ws/install/cyclonedds/lib/pkgconfig', 'XDG_SESSION_CLASS': 'user', 'TERM': 'xterm-256color', 'XDG_SESSION_ID': '2', 'ROS_LOCALHOST_ONLY': '0', 'PATH': '/usr/local/cuda-11.4/bin:/home/unitree/cyclonedds_ws/install/cyclonedds/bin:/opt/ros/foxy/bin:/home/unitree/.vscode-server/cli/servers/Stable-bf9252a2fb45be6893dd8870c0bf37e2e1766d61/server/bin/remote-cli:/home/unitree/.local/bin:/usr/local/cuda-11.4/bin:/home/unitree/.local/bin:/usr/local/sbin:/usr/local/bin:/usr/sbin:/usr/bin:/sbin:/bin:/usr/games:/usr/local/games:/snap/bin', 'XDG_RUNTIME_DIR': '/run/user/1000', 'SSL_CERT_DIR': '/usr/lib/ssl/certs', 'LANG': 'en_US.UTF-8', 'RMW_IMPLEMENTATION': 'rmw_cyclonedds_cpp', 'LS_COLORS': 'rs=0:di=01;34:ln=01;36:mh=00:pi=40;33:so=01;35:do=01;35:bd=40;33;01:cd=40;33;01:or=40;31;01:mi=00:su=37;41:sg=30;43:ca=30;41:tw=30;42:ow=34;42:st=37;44:ex=01;32:*.tar=01;31:*.tgz=01;31:*.arc=01;31:*.arj=01;31:*.taz=01;31:*.lha=01;31:*.lz4=01;31:*.lzh=01;31:*.lzma=01;31:*.tlz=01;31:*.txz=01;31:*.tzo=01;31:*.t7z=01;31:*.zip=01;31:*.z=01;31:*.dz=01;31:*.gz=01;31:*.lrz=01;31:*.lz=01;31:*.lzo=01;31:*.xz=01;31:*.zst=01;31:*.tzst=01;31:*.bz2=01;31:*.bz=01;31:*.tbz=01;31:*.tbz2=01;31:*.tz=01;31:*.deb=01;31:*.rpm=01;31:*.jar=01;31:*.war=01;31:*.ear=01;31:*.sar=01;31:*.rar=01;31:*.alz=01;31:*.ace=01;31:*.zoo=01;31:*.cpio=01;31:*.7z=01;31:*.rz=01;31:*.cab=01;31:*.wim=01;31:*.swm=01;31:*.dwm=01;31:*.esd=01;31:*.jpg=01;35:*.jpeg=01;35:*.mjpg=01;35:*.mjpeg=01;35:*.gif=01;35:*.bmp=01;35:*.pbm=01;35:*.pgm=01;35:*.ppm=01;35:*.tga=01;35:*.xbm=01;35:*.xpm=01;35:*.tif=01;35:*.tiff=01;35:*.png=01;35:*.svg=01;35:*.svgz=01;35:*.mng=01;35:*.pcx=01;35:*.mov=01;35:*.mpg=01;35:*.mpeg=01;35:*.m2v=01;35:*.mkv=01;35:*.webm=01;35:*.ogm=01;35:*.mp4=01;35:*.m4v=01;35:*.mp4v=01;35:*.vob=01;35:*.qt=01;35:*.nuv=01;35:*.wmv=01;35:*.asf=01;35:*.rm=01;35:*.rmvb=01;35:*.flc=01;35:*.avi=01;35:*.fli=01;35:*.flv=01;35:*.gl=01;35:*.dl=01;35:*.xcf=01;35:*.xwd=01;35:*.yuv=01;35:*.cgm=01;35:*.emf=01;35:*.ogv=01;35:*.ogx=01;35:*.aac=00;36:*.au=00;36:*.flac=00;36:*.m4a=00;36:*.mid=00;36:*.midi=00;36:*.mka=00;36:*.mp3=00;36:*.mpc=00;36:*.ogg=00;36:*.ra=00;36:*.wav=00;36:*.oga=00;36:*.opus=00;36:*.spx=00;36:*.xspf=00;36:', 'VSCODE_GIT_IPC_HANDLE': '/run/user/1000/vscode-git-258efc9b4e.sock', 'TERM_PROGRAM': 'vscode', 'AMENT_PREFIX_PATH': '/home/unitree/cyclonedds_ws/install/rmw_cyclonedds_cpp:/opt/ros/foxy', 'SHELL': '/bin/bash', 'LESSCLOSE': '/usr/bin/lesspipe %s %s', 'VSCODE_GIT_ASKPASS_EXTRA_ARGS': '', 'PWD': '/home/unitree/106a_final/build/navigation_node_three', 'LC_ALL': 'en_US.UTF-8', 'SSH_CONNECTION': '192.168.50.153 53872 192.168.50.28 22', 'XDG_DATA_DIRS': '/usr/local/share:/usr/share:/var/lib/snapd/desktop', 'PYTHONPATH': '/home/unitree/106a_final/build/navigation_node_three/prefix_override:/home/unitree/106a_final/install/navigation_node_three/lib/python3.8/site-packages:/opt/ros/foxy/lib/python3.8/site-packages', 'COLCON': '1', 'CMAKE_PREFIX_PATH': '/home/unitree/cyclonedds_ws/install/rmw_cyclonedds_cpp:/home/unitree/cyclonedds_ws/install/cyclonedds'}, 'shell': False}
[23.171728] (-) TimerEvent: {}
[23.277396] (-) TimerEvent: {}
[23.379381] (-) TimerEvent: {}
[23.480903] (-) TimerEvent: {}
[23.582197] (-) TimerEvent: {}
[23.683499] (-) TimerEvent: {}
[23.785816] (-) TimerEvent: {}
[23.887158] (-) TimerEvent: {}
[23.988709] (-) TimerEvent: {}
[24.089398] (-) TimerEvent: {}
[24.191475] (-) TimerEvent: {}
[24.292754] (-) TimerEvent: {}
[24.397763] (-) TimerEvent: {}
[24.437258] (navigation_node_three) StdoutLine: {'line': b'running egg_info\n'}
[24.439509] (navigation_node_three) StdoutLine: {'line': b'writing ../../build/navigation_node_three/navigation_node_three.egg-info/PKG-INFO\n'}
[24.443459] (navigation_node_three) StdoutLine: {'line': b'writing dependency_links to ../../build/navigation_node_three/navigation_node_three.egg-info/dependency_links.txt\n'}
[24.447836] (navigation_node_three) StdoutLine: {'line': b'writing entry points to ../../build/navigation_node_three/navigation_node_three.egg-info/entry_points.txt\n'}
[24.451944] (navigation_node_three) StdoutLine: {'line': b'writing requirements to ../../build/navigation_node_three/navigation_node_three.egg-info/requires.txt\n'}
[24.452941] (navigation_node_three) StdoutLine: {'line': b'writing top-level names to ../../build/navigation_node_three/navigation_node_three.egg-info/top_level.txt\n'}
[24.497914] (-) TimerEvent: {}
[24.599681] (-) TimerEvent: {}
[24.610861] (navigation_node_three) StdoutLine: {'line': b"reading manifest file '../../build/navigation_node_three/navigation_node_three.egg-info/SOURCES.txt'\n"}
[24.651695] (navigation_node_three) StdoutLine: {'line': b"writing manifest file '../../build/navigation_node_three/navigation_node_three.egg-info/SOURCES.txt'\n"}
[24.652817] (navigation_node_three) StdoutLine: {'line': b'running build\n'}
[24.653279] (navigation_node_three) StdoutLine: {'line': b'running build_py\n'}
[24.654361] (navigation_node_three) StdoutLine: {'line': b'running install\n'}
[24.656675] (navigation_node_three) StdoutLine: {'line': b'running install_lib\n'}
[24.662851] (navigation_node_three) StdoutLine: {'line': b'running install_data\n'}
[24.665712] (navigation_node_three) StdoutLine: {'line': b'running install_egg_info\n'}
[24.683103] (navigation_node_three) StdoutLine: {'line': b"removing '/home/unitree/106a_final/install/navigation_node_three/lib/python3.8/site-packages/navigation_node_three-0.0.0-py3.8.egg-info' (and everything under it)\n"}
[24.685076] (navigation_node_three) StdoutLine: {'line': b'Copying ../../build/navigation_node_three/navigation_node_three.egg-info to /home/unitree/106a_final/install/navigation_node_three/lib/python3.8/site-packages/navigation_node_three-0.0.0-py3.8.egg-info\n'}
[24.699614] (navigation_node_three) StdoutLine: {'line': b'running install_scripts\n'}
[24.700080] (-) TimerEvent: {}
[24.797029] (navigation_node_three) StdoutLine: {'line': b'Installing navigator script to /home/unitree/106a_final/install/navigation_node_three/lib/navigation_node_three\n'}
[24.798057] (navigation_node_three) StdoutLine: {'line': b"writing list of installed files to '/home/unitree/106a_final/build/navigation_node_three/install.log'\n"}
[24.800248] (-) TimerEvent: {}
[24.900911] (-) TimerEvent: {}
[24.986063] (navigation_node_three) CommandEnded: {'returncode': 0}
[25.001360] (-) TimerEvent: {}
[25.103305] (-) TimerEvent: {}
[25.215605] (-) TimerEvent: {}
[25.323482] (-) TimerEvent: {}
[25.434749] (-) TimerEvent: {}
[25.537287] (-) TimerEvent: {}
[25.643656] (-) TimerEvent: {}
[25.708868] (navigation_node_three) JobEnded: {'identifier': 'navigation_node_three', 'rc': 0}
[25.716030] (navigation_node_two) JobStarted: {'identifier': 'navigation_node_two'}
[25.744273] (-) TimerEvent: {}
[25.845503] (-) TimerEvent: {}
[25.947284] (-) TimerEvent: {}
[26.048984] (-) TimerEvent: {}
[26.150309] (-) TimerEvent: {}
[26.253524] (-) TimerEvent: {}
[26.332490] (navigation_return_node) Command: {'cmd': ['/usr/bin/python3', 'setup.py', 'egg_info', '--egg-base', '../../build/navigation_return_node', 'build', '--build-base', '/home/unitree/106a_final/build/navigation_return_node/build', 'install', '--record', '/home/unitree/106a_final/build/navigation_return_node/install.log', '--install-scripts', '$base/lib/navigation_return_node', '--single-version-externally-managed'], 'cwd': '/home/unitree/106a_final/src/navigation_return_node', 'env': {'LESSOPEN': '| /usr/bin/lesspipe %s', 'USER': 'unitree', 'SSH_CLIENT': '192.168.50.153 53872 22', 'XDG_SESSION_TYPE': 'tty', 'GIT_ASKPASS': '/home/unitree/.vscode-server/cli/servers/Stable-bf9252a2fb45be6893dd8870c0bf37e2e1766d61/server/extensions/git/dist/askpass.sh', 'SHLVL': '2', 'LD_LIBRARY_PATH': '/usr/local/cuda-11.4/lib64:/usr/local/lib:/home/unitree/cyclonedds_ws/install/rmw_cyclonedds_cpp/lib:/home/unitree/cyclonedds_ws/install/cyclonedds/lib:/opt/ros/foxy/opt/yaml_cpp_vendor/lib:/opt/ros/foxy/opt/rviz_ogre_vendor/lib:/opt/ros/foxy/lib/aarch64-linux-gnu:/opt/ros/foxy/lib:/usr/local/cuda-11.4/lib64:', 'BROWSER': '/home/unitree/.vscode-server/cli/servers/Stable-bf9252a2fb45be6893dd8870c0bf37e2e1766d61/server/bin/helpers/browser.sh', 'MOTD_SHOWN': 'pam', 'HOME': '/home/unitree', 'CYCLONEDDS_URI': '/home/unitree/cyclonedds_ws/cyclonedds.xml', 'OLDPWD': '/home/unitree', 'TERM_PROGRAM_VERSION': '1.106.3', 'VSCODE_IPC_HOOK_CLI': '/run/user/1000/vscode-ipc-6b571321-74ac-4992-b2d0-b78d53be3b09.sock', 'ROS_PYTHON_VERSION': '3', 'VSCODE_GIT_ASKPASS_MAIN': '/home/unitree/.vscode-server/cli/servers/Stable-bf9252a2fb45be6893dd8870c0bf37e2e1766d61/server/extensions/git/dist/askpass-main.js', 'VSCODE_GIT_ASKPASS_NODE': '/home/unitree/.vscode-server/cli/servers/Stable-bf9252a2fb45be6893dd8870c0bf37e2e1766d61/server/node', 'SSL_CERT_FILE': '/usr/lib/ssl/certs/ca-certificates.crt', 'VSCODE_PYTHON_AUTOACTIVATE_GUARD': '1', 'DBUS_SESSION_BUS_ADDRESS': 'unix:path=/run/user/1000/bus', 'COLORTERM': 'truecolor', 'COLCON_PREFIX_PATH': '/home/unitree/cyclonedds_ws/install', 'ROS_DISTRO': 'foxy', 'LOGNAME': 'unitree', '_': '/usr/bin/colcon', 'ROS_VERSION': '2', 'PKG_CONFIG_PATH': '/home/unitree/cyclonedds_ws/install/cyclonedds/lib/aarch64-linux-gnu/pkgconfig:/home/unitree/cyclonedds_ws/install/cyclonedds/lib/pkgconfig', 'XDG_SESSION_CLASS': 'user', 'TERM': 'xterm-256color', 'XDG_SESSION_ID': '2', 'ROS_LOCALHOST_ONLY': '0', 'PATH': '/usr/local/cuda-11.4/bin:/home/unitree/cyclonedds_ws/install/cyclonedds/bin:/opt/ros/foxy/bin:/home/unitree/.vscode-server/cli/servers/Stable-bf9252a2fb45be6893dd8870c0bf37e2e1766d61/server/bin/remote-cli:/home/unitree/.local/bin:/usr/local/cuda-11.4/bin:/home/unitree/.local/bin:/usr/local/sbin:/usr/local/bin:/usr/sbin:/usr/bin:/sbin:/bin:/usr/games:/usr/local/games:/snap/bin', 'XDG_RUNTIME_DIR': '/run/user/1000', 'SSL_CERT_DIR': '/usr/lib/ssl/certs', 'LANG': 'en_US.UTF-8', 'RMW_IMPLEMENTATION': 'rmw_cyclonedds_cpp', 'LS_COLORS': 'rs=0:di=01;34:ln=01;36:mh=00:pi=40;33:so=01;35:do=01;35:bd=40;33;01:cd=40;33;01:or=40;31;01:mi=00:su=37;41:sg=30;43:ca=30;41:tw=30;42:ow=34;42:st=37;44:ex=01;32:*.tar=01;31:*.tgz=01;31:*.arc=01;31:*.arj=01;31:*.taz=01;31:*.lha=01;31:*.lz4=01;31:*.lzh=01;31:*.lzma=01;31:*.tlz=01;31:*.txz=01;31:*.tzo=01;31:*.t7z=01;31:*.zip=01;31:*.z=01;31:*.dz=01;31:*.gz=01;31:*.lrz=01;31:*.lz=01;31:*.lzo=01;31:*.xz=01;31:*.zst=01;31:*.tzst=01;31:*.bz2=01;31:*.bz=01;31:*.tbz=01;31:*.tbz2=01;31:*.tz=01;31:*.deb=01;31:*.rpm=01;31:*.jar=01;31:*.war=01;31:*.ear=01;31:*.sar=01;31:*.rar=01;31:*.alz=01;31:*.ace=01;31:*.zoo=01;31:*.cpio=01;31:*.7z=01;31:*.rz=01;31:*.cab=01;31:*.wim=01;31:*.swm=01;31:*.dwm=01;31:*.esd=01;31:*.jpg=01;35:*.jpeg=01;35:*.mjpg=01;35:*.mjpeg=01;35:*.gif=01;35:*.bmp=01;35:*.pbm=01;35:*.pgm=01;35:*.ppm=01;35:*.tga=01;35:*.xbm=01;35:*.xpm=01;35:*.tif=01;35:*.tiff=01;35:*.png=01;35:*.svg=01;35:*.svgz=01;35:*.mng=01;35:*.pcx=01;35:*.mov=01;35:*.mpg=01;35:*.mpeg=01;35:*.m2v=01;35:*.mkv=01;35:*.webm=01;35:*.ogm=01;35:*.mp4=01;35:*.m4v=01;35:*.mp4v=01;35:*.vob=01;35:*.qt=01;35:*.nuv=01;35:*.wmv=01;35:*.asf=01;35:*.rm=01;35:*.rmvb=01;35:*.flc=01;35:*.avi=01;35:*.fli=01;35:*.flv=01;35:*.gl=01;35:*.dl=01;35:*.xcf=01;35:*.xwd=01;35:*.yuv=01;35:*.cgm=01;35:*.emf=01;35:*.ogv=01;35:*.ogx=01;35:*.aac=00;36:*.au=00;36:*.flac=00;36:*.m4a=00;36:*.mid=00;36:*.midi=00;36:*.mka=00;36:*.mp3=00;36:*.mpc=00;36:*.ogg=00;36:*.ra=00;36:*.wav=00;36:*.oga=00;36:*.opus=00;36:*.spx=00;36:*.xspf=00;36:', 'VSCODE_GIT_IPC_HANDLE': '/run/user/1000/vscode-git-258efc9b4e.sock', 'TERM_PROGRAM': 'vscode', 'AMENT_PREFIX_PATH': '/home/unitree/cyclonedds_ws/install/rmw_cyclonedds_cpp:/opt/ros/foxy', 'SHELL': '/bin/bash', 'LESSCLOSE': '/usr/bin/lesspipe %s %s', 'VSCODE_GIT_ASKPASS_EXTRA_ARGS': '', 'PWD': '/home/unitree/106a_final/build/navigation_return_node', 'LC_ALL': 'en_US.UTF-8', 'SSH_CONNECTION': '192.168.50.153 53872 192.168.50.28 22', 'XDG_DATA_DIRS': '/usr/local/share:/usr/share:/var/lib/snapd/desktop', 'PYTHONPATH': '/home/unitree/106a_final/build/navigation_return_node/prefix_override:/home/unitree/106a_final/install/navigation_return_node/lib/python3.8/site-packages:/opt/ros/foxy/lib/python3.8/site-packages', 'COLCON': '1', 'CMAKE_PREFIX_PATH': '/home/unitree/cyclonedds_ws/install/rmw_cyclonedds_cpp:/home/unitree/cyclonedds_ws/install/cyclonedds'}, 'shell': False}
[26.346285] (vision_node) Command: {'cmd': ['/usr/bin/python3', 'setup.py', 'egg_info', '--egg-base', '../../build/vision_node', 'build', '--build-base', '/home/unitree/106a_final/build/vision_node/build', 'install', '--record', '/home/unitree/106a_final/build/vision_node/install.log', '--install-scripts', '$base/lib/vision_node', '--single-version-externally-managed'], 'cwd': '/home/unitree/106a_final/src/vision_node', 'env': {'LESSOPEN': '| /usr/bin/lesspipe %s', 'USER': 'unitree', 'SSH_CLIENT': '192.168.50.153 53872 22', 'XDG_SESSION_TYPE': 'tty', 'GIT_ASKPASS': '/home/unitree/.vscode-server/cli/servers/Stable-bf9252a2fb45be6893dd8870c0bf37e2e1766d61/server/extensions/git/dist/askpass.sh', 'SHLVL': '2', 'LD_LIBRARY_PATH': '/usr/local/cuda-11.4/lib64:/usr/local/lib:/home/unitree/cyclonedds_ws/install/rmw_cyclonedds_cpp/lib:/home/unitree/cyclonedds_ws/install/cyclonedds/lib:/opt/ros/foxy/opt/yaml_cpp_vendor/lib:/opt/ros/foxy/opt/rviz_ogre_vendor/lib:/opt/ros/foxy/lib/aarch64-linux-gnu:/opt/ros/foxy/lib:/usr/local/cuda-11.4/lib64:', 'BROWSER': '/home/unitree/.vscode-server/cli/servers/Stable-bf9252a2fb45be6893dd8870c0bf37e2e1766d61/server/bin/helpers/browser.sh', 'MOTD_SHOWN': 'pam', 'HOME': '/home/unitree', 'CYCLONEDDS_URI': '/home/unitree/cyclonedds_ws/cyclonedds.xml', 'OLDPWD': '/home/unitree', 'TERM_PROGRAM_VERSION': '1.106.3', 'VSCODE_IPC_HOOK_CLI': '/run/user/1000/vscode-ipc-6b571321-74ac-4992-b2d0-b78d53be3b09.sock', 'ROS_PYTHON_VERSION': '3', 'VSCODE_GIT_ASKPASS_MAIN': '/home/unitree/.vscode-server/cli/servers/Stable-bf9252a2fb45be6893dd8870c0bf37e2e1766d61/server/extensions/git/dist/askpass-main.js', 'VSCODE_GIT_ASKPASS_NODE': '/home/unitree/.vscode-server/cli/servers/Stable-bf9252a2fb45be6893dd8870c0bf37e2e1766d61/server/node', 'SSL_CERT_FILE': '/usr/lib/ssl/certs/ca-certificates.crt', 'VSCODE_PYTHON_AUTOACTIVATE_GUARD': '1', 'DBUS_SESSION_BUS_ADDRESS': 'unix:path=/run/user/1000/bus', 'COLORTERM': 'truecolor', 'COLCON_PREFIX_PATH': '/home/unitree/cyclonedds_ws/install', 'ROS_DISTRO': 'foxy', 'LOGNAME': 'unitree', '_': '/usr/bin/colcon', 'ROS_VERSION': '2', 'PKG_CONFIG_PATH': '/home/unitree/cyclonedds_ws/install/cyclonedds/lib/aarch64-linux-gnu/pkgconfig:/home/unitree/cyclonedds_ws/install/cyclonedds/lib/pkgconfig', 'XDG_SESSION_CLASS': 'user', 'TERM': 'xterm-256color', 'XDG_SESSION_ID': '2', 'ROS_LOCALHOST_ONLY': '0', 'PATH': '/usr/local/cuda-11.4/bin:/home/unitree/cyclonedds_ws/install/cyclonedds/bin:/opt/ros/foxy/bin:/home/unitree/.vscode-server/cli/servers/Stable-bf9252a2fb45be6893dd8870c0bf37e2e1766d61/server/bin/remote-cli:/home/unitree/.local/bin:/usr/local/cuda-11.4/bin:/home/unitree/.local/bin:/usr/local/sbin:/usr/local/bin:/usr/sbin:/usr/bin:/sbin:/bin:/usr/games:/usr/local/games:/snap/bin', 'XDG_RUNTIME_DIR': '/run/user/1000', 'SSL_CERT_DIR': '/usr/lib/ssl/certs', 'LANG': 'en_US.UTF-8', 'RMW_IMPLEMENTATION': 'rmw_cyclonedds_cpp', 'LS_COLORS': 'rs=0:di=01;34:ln=01;36:mh=00:pi=40;33:so=01;35:do=01;35:bd=40;33;01:cd=40;33;01:or=40;31;01:mi=00:su=37;41:sg=30;43:ca=30;41:tw=30;42:ow=34;42:st=37;44:ex=01;32:*.tar=01;31:*.tgz=01;31:*.arc=01;31:*.arj=01;31:*.taz=01;31:*.lha=01;31:*.lz4=01;31:*.lzh=01;31:*.lzma=01;31:*.tlz=01;31:*.txz=01;31:*.tzo=01;31:*.t7z=01;31:*.zip=01;31:*.z=01;31:*.dz=01;31:*.gz=01;31:*.lrz=01;31:*.lz=01;31:*.lzo=01;31:*.xz=01;31:*.zst=01;31:*.tzst=01;31:*.bz2=01;31:*.bz=01;31:*.tbz=01;31:*.tbz2=01;31:*.tz=01;31:*.deb=01;31:*.rpm=01;31:*.jar=01;31:*.war=01;31:*.ear=01;31:*.sar=01;31:*.rar=01;31:*.alz=01;31:*.ace=01;31:*.zoo=01;31:*.cpio=01;31:*.7z=01;31:*.rz=01;31:*.cab=01;31:*.wim=01;31:*.swm=01;31:*.dwm=01;31:*.esd=01;31:*.jpg=01;35:*.jpeg=01;35:*.mjpg=01;35:*.mjpeg=01;35:*.gif=01;35:*.bmp=01;35:*.pbm=01;35:*.pgm=01;35:*.ppm=01;35:*.tga=01;35:*.xbm=01;35:*.xpm=01;35:*.tif=01;35:*.tiff=01;35:*.png=01;35:*.svg=01;35:*.svgz=01;35:*.mng=01;35:*.pcx=01;35:*.mov=01;35:*.mpg=01;35:*.mpeg=01;35:*.m2v=01;35:*.mkv=01;35:*.webm=01;35:*.ogm=01;35:*.mp4=01;35:*.m4v=01;35:*.mp4v=01;35:*.vob=01;35:*.qt=01;35:*.nuv=01;35:*.wmv=01;35:*.asf=01;35:*.rm=01;35:*.rmvb=01;35:*.flc=01;35:*.avi=01;35:*.fli=01;35:*.flv=01;35:*.gl=01;35:*.dl=01;35:*.xcf=01;35:*.xwd=01;35:*.yuv=01;35:*.cgm=01;35:*.emf=01;35:*.ogv=01;35:*.ogx=01;35:*.aac=00;36:*.au=00;36:*.flac=00;36:*.m4a=00;36:*.mid=00;36:*.midi=00;36:*.mka=00;36:*.mp3=00;36:*.mpc=00;36:*.ogg=00;36:*.ra=00;36:*.wav=00;36:*.oga=00;36:*.opus=00;36:*.spx=00;36:*.xspf=00;36:', 'VSCODE_GIT_IPC_HANDLE': '/run/user/1000/vscode-git-258efc9b4e.sock', 'TERM_PROGRAM': 'vscode', 'AMENT_PREFIX_PATH': '/home/unitree/cyclonedds_ws/install/rmw_cyclonedds_cpp:/opt/ros/foxy', 'SHELL': '/bin/bash', 'LESSCLOSE': '/usr/bin/lesspipe %s %s', 'VSCODE_GIT_ASKPASS_EXTRA_ARGS': '', 'PWD': '/home/unitree/106a_final/build/vision_node', 'LC_ALL': 'en_US.UTF-8', 'SSH_CONNECTION': '192.168.50.153 53872 192.168.50.28 22', 'XDG_DATA_DIRS': '/usr/local/share:/usr/share:/var/lib/snapd/desktop', 'PYTHONPATH': '/home/unitree/106a_final/build/vision_node/prefix_override:/home/unitree/106a_final/install/vision_node/lib/python3.8/site-packages:/opt/ros/foxy/lib/python3.8/site-packages', 'COLCON': '1', 'CMAKE_PREFIX_PATH': '/home/unitree/cyclonedds_ws/install/rmw_cyclonedds_cpp:/home/unitree/cyclonedds_ws/install/cyclonedds'}, 'shell': False}
[26.354292] (-) TimerEvent: {}
[26.358771] (navigation_node) Command: {'cmd': ['/usr/bin/python3', 'setup.py', 'egg_info', '--egg-base', '../../build/navigation_node', 'build', '--build-base', '/home/unitree/106a_final/build/navigation_node/build', 'install', '--record', '/home/unitree/106a_final/build/navigation_node/install.log', '--install-scripts', '$base/lib/navigation_node', '--single-version-externally-managed'], 'cwd': '/home/unitree/106a_final/src/navigation_node', 'env': {'LESSOPEN': '| /usr/bin/lesspipe %s', 'USER': 'unitree', 'SSH_CLIENT': '192.168.50.153 53872 22', 'XDG_SESSION_TYPE': 'tty', 'GIT_ASKPASS': '/home/unitree/.vscode-server/cli/servers/Stable-bf9252a2fb45be6893dd8870c0bf37e2e1766d61/server/extensions/git/dist/askpass.sh', 'SHLVL': '2', 'LD_LIBRARY_PATH': '/usr/local/cuda-11.4/lib64:/usr/local/lib:/home/unitree/cyclonedds_ws/install/rmw_cyclonedds_cpp/lib:/home/unitree/cyclonedds_ws/install/cyclonedds/lib:/opt/ros/foxy/opt/yaml_cpp_vendor/lib:/opt/ros/foxy/opt/rviz_ogre_vendor/lib:/opt/ros/foxy/lib/aarch64-linux-gnu:/opt/ros/foxy/lib:/usr/local/cuda-11.4/lib64:', 'BROWSER': '/home/unitree/.vscode-server/cli/servers/Stable-bf9252a2fb45be6893dd8870c0bf37e2e1766d61/server/bin/helpers/browser.sh', 'MOTD_SHOWN': 'pam', 'HOME': '/home/unitree', 'CYCLONEDDS_URI': '/home/unitree/cyclonedds_ws/cyclonedds.xml', 'OLDPWD': '/home/unitree', 'TERM_PROGRAM_VERSION': '1.106.3', 'VSCODE_IPC_HOOK_CLI': '/run/user/1000/vscode-ipc-6b571321-74ac-4992-b2d0-b78d53be3b09.sock', 'ROS_PYTHON_VERSION': '3', 'VSCODE_GIT_ASKPASS_MAIN': '/home/unitree/.vscode-server/cli/servers/Stable-bf9252a2fb45be6893dd8870c0bf37e2e1766d61/server/extensions/git/dist/askpass-main.js', 'VSCODE_GIT_ASKPASS_NODE': '/home/unitree/.vscode-server/cli/servers/Stable-bf9252a2fb45be6893dd8870c0bf37e2e1766d61/server/node', 'SSL_CERT_FILE': '/usr/lib/ssl/certs/ca-certificates.crt', 'VSCODE_PYTHON_AUTOACTIVATE_GUARD': '1', 'DBUS_SESSION_BUS_ADDRESS': 'unix:path=/run/user/1000/bus', 'COLORTERM': 'truecolor', 'COLCON_PREFIX_PATH': '/home/unitree/cyclonedds_ws/install', 'ROS_DISTRO': 'foxy', 'LOGNAME': 'unitree', '_': '/usr/bin/colcon', 'ROS_VERSION': '2', 'PKG_CONFIG_PATH': '/home/unitree/cyclonedds_ws/install/cyclonedds/lib/aarch64-linux-gnu/pkgconfig:/home/unitree/cyclonedds_ws/install/cyclonedds/lib/pkgconfig', 'XDG_SESSION_CLASS': 'user', 'TERM': 'xterm-256color', 'XDG_SESSION_ID': '2', 'ROS_LOCALHOST_ONLY': '0', 'PATH': '/usr/local/cuda-11.4/bin:/home/unitree/cyclonedds_ws/install/cyclonedds/bin:/opt/ros/foxy/bin:/home/unitree/.vscode-server/cli/servers/Stable-bf9252a2fb45be6893dd8870c0bf37e2e1766d61/server/bin/remote-cli:/home/unitree/.local/bin:/usr/local/cuda-11.4/bin:/home/unitree/.local/bin:/usr/local/sbin:/usr/local/bin:/usr/sbin:/usr/bin:/sbin:/bin:/usr/games:/usr/local/games:/snap/bin', 'XDG_RUNTIME_DIR': '/run/user/1000', 'SSL_CERT_DIR': '/usr/lib/ssl/certs', 'LANG': 'en_US.UTF-8', 'RMW_IMPLEMENTATION': 'rmw_cyclonedds_cpp', 'LS_COLORS': 'rs=0:di=01;34:ln=01;36:mh=00:pi=40;33:so=01;35:do=01;35:bd=40;33;01:cd=40;33;01:or=40;31;01:mi=00:su=37;41:sg=30;43:ca=30;41:tw=30;42:ow=34;42:st=37;44:ex=01;32:*.tar=01;31:*.tgz=01;31:*.arc=01;31:*.arj=01;31:*.taz=01;31:*.lha=01;31:*.lz4=01;31:*.lzh=01;31:*.lzma=01;31:*.tlz=01;31:*.txz=01;31:*.tzo=01;31:*.t7z=01;31:*.zip=01;31:*.z=01;31:*.dz=01;31:*.gz=01;31:*.lrz=01;31:*.lz=01;31:*.lzo=01;31:*.xz=01;31:*.zst=01;31:*.tzst=01;31:*.bz2=01;31:*.bz=01;31:*.tbz=01;31:*.tbz2=01;31:*.tz=01;31:*.deb=01;31:*.rpm=01;31:*.jar=01;31:*.war=01;31:*.ear=01;31:*.sar=01;31:*.rar=01;31:*.alz=01;31:*.ace=01;31:*.zoo=01;31:*.cpio=01;31:*.7z=01;31:*.rz=01;31:*.cab=01;31:*.wim=01;31:*.swm=01;31:*.dwm=01;31:*.esd=01;31:*.jpg=01;35:*.jpeg=01;35:*.mjpg=01;35:*.mjpeg=01;35:*.gif=01;35:*.bmp=01;35:*.pbm=01;35:*.pgm=01;35:*.ppm=01;35:*.tga=01;35:*.xbm=01;35:*.xpm=01;35:*.tif=01;35:*.tiff=01;35:*.png=01;35:*.svg=01;35:*.svgz=01;35:*.mng=01;35:*.pcx=01;35:*.mov=01;35:*.mpg=01;35:*.mpeg=01;35:*.m2v=01;35:*.mkv=01;35:*.webm=01;35:*.ogm=01;35:*.mp4=01;35:*.m4v=01;35:*.mp4v=01;35:*.vob=01;35:*.qt=01;35:*.nuv=01;35:*.wmv=01;35:*.asf=01;35:*.rm=01;35:*.rmvb=01;35:*.flc=01;35:*.avi=01;35:*.fli=01;35:*.flv=01;35:*.gl=01;35:*.dl=01;35:*.xcf=01;35:*.xwd=01;35:*.yuv=01;35:*.cgm=01;35:*.emf=01;35:*.ogv=01;35:*.ogx=01;35:*.aac=00;36:*.au=00;36:*.flac=00;36:*.m4a=00;36:*.mid=00;36:*.midi=00;36:*.mka=00;36:*.mp3=00;36:*.mpc=00;36:*.ogg=00;36:*.ra=00;36:*.wav=00;36:*.oga=00;36:*.opus=00;36:*.spx=00;36:*.xspf=00;36:', 'VSCODE_GIT_IPC_HANDLE': '/run/user/1000/vscode-git-258efc9b4e.sock', 'TERM_PROGRAM': 'vscode', 'AMENT_PREFIX_PATH': '/home/unitree/cyclonedds_ws/install/rmw_cyclonedds_cpp:/opt/ros/foxy', 'SHELL': '/bin/bash', 'LESSCLOSE': '/usr/bin/lesspipe %s %s', 'VSCODE_GIT_ASKPASS_EXTRA_ARGS': '', 'PWD': '/home/unitree/106a_final/build/navigation_node', 'LC_ALL': 'en_US.UTF-8', 'SSH_CONNECTION': '192.168.50.153 53872 192.168.50.28 22', 'XDG_DATA_DIRS': '/usr/local/share:/usr/share:/var/lib/snapd/desktop', 'PYTHONPATH': '/home/unitree/106a_final/build/navigation_node/prefix_override:/home/unitree/106a_final/install/navigation_node/lib/python3.8/site-packages:/opt/ros/foxy/lib/python3.8/site-packages', 'COLCON': '1', 'CMAKE_PREFIX_PATH': '/home/unitree/cyclonedds_ws/install/rmw_cyclonedds_cpp:/home/unitree/cyclonedds_ws/install/cyclonedds'}, 'shell': False}
[26.454767] (-) TimerEvent: {}
[26.556292] (-) TimerEvent: {}
[26.657653] (-) TimerEvent: {}
[26.759154] (-) TimerEvent: {}
[26.860573] (-) TimerEvent: {}
[26.962076] (-) TimerEvent: {}
[27.016196] (navigation_return_node) StdoutLine: {'line': b'running egg_info\n'}
[27.029619] (navigation_return_node) StdoutLine: {'line': b'writing ../../build/navigation_return_node/navigation_return_node.egg-info/PKG-INFO\n'}
[27.031097] (navigation_return_node) StdoutLine: {'line': b'writing dependency_links to ../../build/navigation_return_node/navigation_return_node.egg-info/dependency_links.txt\n'}
[27.032871] (navigation_return_node) StdoutLine: {'line': b'writing entry points to ../../build/navigation_return_node/navigation_return_node.egg-info/entry_points.txt\n'}
[27.033861] (navigation_return_node) StdoutLine: {'line': b'writing requirements to ../../build/navigation_return_node/navigation_return_node.egg-info/requires.txt\n'}
[27.034637] (navigation_return_node) StdoutLine: {'line': b'writing top-level names to ../../build/navigation_return_node/navigation_return_node.egg-info/top_level.txt\n'}
[27.062284] (-) TimerEvent: {}
[27.163878] (-) TimerEvent: {}
[27.187173] (navigation_node) StdoutLine: {'line': b'running egg_info\n'}
[27.188051] (navigation_return_node) StdoutLine: {'line': b"reading manifest file '../../build/navigation_return_node/navigation_return_node.egg-info/SOURCES.txt'\n"}
[27.190730] (navigation_return_node) StdoutLine: {'line': b"writing manifest file '../../build/navigation_return_node/navigation_return_node.egg-info/SOURCES.txt'\n"}
[27.191732] (navigation_return_node) StdoutLine: {'line': b'running build\n'}
[27.192195] (navigation_return_node) StdoutLine: {'line': b'running build_py\n'}
[27.193051] (navigation_node) StdoutLine: {'line': b'writing ../../build/navigation_node/navigation_node.egg-info/PKG-INFO\n'}
[27.193747] (navigation_return_node) StdoutLine: {'line': b'running install\n'}
[27.194112] (navigation_node) StdoutLine: {'line': b'writing dependency_links to ../../build/navigation_node/navigation_node.egg-info/dependency_links.txt\n'}
[27.194346] (navigation_node) StdoutLine: {'line': b'writing entry points to ../../build/navigation_node/navigation_node.egg-info/entry_points.txt\n'}
[27.194595] (navigation_node) StdoutLine: {'line': b'writing requirements to ../../build/navigation_node/navigation_node.egg-info/requires.txt\n'}
[27.195094] (navigation_node) StdoutLine: {'line': b'writing top-level names to ../../build/navigation_node/navigation_node.egg-info/top_level.txt\n'}
[27.197324] (navigation_return_node) StdoutLine: {'line': b'running install_lib\n'}
[27.215725] (navigation_return_node) StdoutLine: {'line': b'running install_data\n'}
[27.217858] (navigation_return_node) StdoutLine: {'line': b'running install_egg_info\n'}
[27.222198] (navigation_return_node) StdoutLine: {'line': b"removing '/home/unitree/106a_final/install/navigation_return_node/lib/python3.8/site-packages/navigation_return_node-0.0.0-py3.8.egg-info' (and everything under it)\n"}
[27.223457] (navigation_return_node) StdoutLine: {'line': b'Copying ../../build/navigation_return_node/navigation_return_node.egg-info to /home/unitree/106a_final/install/navigation_return_node/lib/python3.8/site-packages/navigation_return_node-0.0.0-py3.8.egg-info\n'}
[27.225895] (navigation_return_node) StdoutLine: {'line': b'running install_scripts\n'}
[27.264023] (-) TimerEvent: {}
[27.284017] (navigation_node) StdoutLine: {'line': b"reading manifest file '../../build/navigation_node/navigation_node.egg-info/SOURCES.txt'\n"}
[27.286143] (navigation_node) StdoutLine: {'line': b"writing manifest file '../../build/navigation_node/navigation_node.egg-info/SOURCES.txt'\n"}
[27.286757] (navigation_node) StdoutLine: {'line': b'running build\n'}
[27.286945] (navigation_node) StdoutLine: {'line': b'running build_py\n'}
[27.287323] (navigation_node) StdoutLine: {'line': b'running install\n'}
[27.290113] (navigation_node) StdoutLine: {'line': b'running install_lib\n'}
[27.294045] (navigation_node) StdoutLine: {'line': b'running install_data\n'}
[27.295754] (navigation_node) StdoutLine: {'line': b'running install_egg_info\n'}
[27.300422] (navigation_node) StdoutLine: {'line': b"removing '/home/unitree/106a_final/install/navigation_node/lib/python3.8/site-packages/navigation_node-0.0.0-py3.8.egg-info' (and everything under it)\n"}
[27.301139] (navigation_node) StdoutLine: {'line': b'Copying ../../build/navigation_node/navigation_node.egg-info to /home/unitree/106a_final/install/navigation_node/lib/python3.8/site-packages/navigation_node-0.0.0-py3.8.egg-info\n'}
[27.303457] (navigation_node) StdoutLine: {'line': b'running install_scripts\n'}
[27.322118] (navigation_return_node) StdoutLine: {'line': b'Installing return_navigator script to /home/unitree/106a_final/install/navigation_return_node/lib/navigation_return_node\n'}
[27.327701] (navigation_return_node) StdoutLine: {'line': b"writing list of installed files to '/home/unitree/106a_final/build/navigation_return_node/install.log'\n"}
[27.360317] (vision_node) StdoutLine: {'line': b'running egg_info\n'}
[27.361882] (vision_node) StdoutLine: {'line': b'writing ../../build/vision_node/vision_node.egg-info/PKG-INFO\n'}
[27.362478] (vision_node) StdoutLine: {'line': b'writing dependency_links to ../../build/vision_node/vision_node.egg-info/dependency_links.txt\n'}
[27.362844] (vision_node) StdoutLine: {'line': b'writing entry points to ../../build/vision_node/vision_node.egg-info/entry_points.txt\n'}
[27.363127] (vision_node) StdoutLine: {'line': b'writing requirements to ../../build/vision_node/vision_node.egg-info/requires.txt\n'}
[27.363505] (vision_node) StdoutLine: {'line': b'writing top-level names to ../../build/vision_node/vision_node.egg-info/top_level.txt\n'}
[27.364082] (-) TimerEvent: {}
[27.387912] (navigation_node) StdoutLine: {'line': b'Installing nav_node_go script to /home/unitree/106a_final/install/navigation_node/lib/navigation_node\n'}
[27.388955] (navigation_node) StdoutLine: {'line': b"writing list of installed files to '/home/unitree/106a_final/build/navigation_node/install.log'\n"}
[27.444068] (vision_node) StdoutLine: {'line': b"reading manifest file '../../build/vision_node/vision_node.egg-info/SOURCES.txt'\n"}
[27.445826] (vision_node) StdoutLine: {'line': b"writing manifest file '../../build/vision_node/vision_node.egg-info/SOURCES.txt'\n"}
[27.446342] (vision_node) StdoutLine: {'line': b'running build\n'}
[27.446503] (vision_node) StdoutLine: {'line': b'running build_py\n'}
[27.446961] (vision_node) StdoutLine: {'line': b'running install\n'}
[27.448944] (vision_node) StdoutLine: {'line': b'running install_lib\n'}
[27.452498] (vision_node) StdoutLine: {'line': b'running install_data\n'}
[27.453866] (vision_node) StdoutLine: {'line': b'running install_egg_info\n'}
[27.458137] (vision_node) StdoutLine: {'line': b"removing '/home/unitree/106a_final/install/vision_node/lib/python3.8/site-packages/vision_node-0.0.0-py3.8.egg-info' (and everything under it)\n"}
[27.458740] (vision_node) StdoutLine: {'line': b'Copying ../../build/vision_node/vision_node.egg-info to /home/unitree/106a_final/install/vision_node/lib/python3.8/site-packages/vision_node-0.0.0-py3.8.egg-info\n'}
[27.460757] (vision_node) StdoutLine: {'line': b'running install_scripts\n'}
[27.464236] (-) TimerEvent: {}
[27.535711] (vision_node) StdoutLine: {'line': b'Installing arm_aruco script to /home/unitree/106a_final/install/vision_node/lib/vision_node\n'}
[27.536282] (vision_node) StdoutLine: {'line': b'Installing pingpong_node script to /home/unitree/106a_final/install/vision_node/lib/vision_node\n'}
[27.536440] (vision_node) StdoutLine: {'line': b"writing list of installed files to '/home/unitree/106a_final/build/vision_node/install.log'\n"}
[27.564443] (-) TimerEvent: {}
[27.666038] (-) TimerEvent: {}
[27.769246] (-) TimerEvent: {}
[27.870914] (-) TimerEvent: {}
[27.973412] (-) TimerEvent: {}
[28.075124] (-) TimerEvent: {}
[28.170676] (navigation_return_node) CommandEnded: {'returncode': 0}
[28.176386] (-) TimerEvent: {}
[28.278414] (-) TimerEvent: {}
[28.380828] (-) TimerEvent: {}
[28.472108] (navigation_return_node) JobEnded: {'identifier': 'navigation_return_node', 'rc': 0}
[28.476448] (navigation_node) CommandEnded: {'returncode': 0}
[28.482465] (-) TimerEvent: {}
[28.585538] (-) TimerEvent: {}
[28.689462] (-) TimerEvent: {}
[28.790685] (-) TimerEvent: {}
[28.868839] (navigation_node) JobEnded: {'identifier': 'navigation_node', 'rc': 0}
[28.869698] (vision_node) CommandEnded: {'returncode': 0}
[28.891051] (-) TimerEvent: {}
[28.992436] (-) TimerEvent: {}
[29.093873] (-) TimerEvent: {}
[29.166148] (vision_node) JobEnded: {'identifier': 'vision_node', 'rc': 0}
[29.168808] (go2_bringup) JobStarted: {'identifier': 'go2_bringup'}
[29.194079] (-) TimerEvent: {}
[29.296376] (-) TimerEvent: {}
[29.397185] (-) TimerEvent: {}
[29.500089] (-) TimerEvent: {}
[29.605114] (-) TimerEvent: {}
[29.707741] (-) TimerEvent: {}
[29.809420] (-) TimerEvent: {}
[29.911471] (-) TimerEvent: {}
[30.012184] (-) TimerEvent: {}
[30.113561] (-) TimerEvent: {}
[30.214887] (-) TimerEvent: {}
[30.316457] (-) TimerEvent: {}
[30.417199] (-) TimerEvent: {}
[30.517900] (-) TimerEvent: {}
[30.620808] (-) TimerEvent: {}
[30.723485] (-) TimerEvent: {}
[30.826707] (-) TimerEvent: {}
[30.928085] (-) TimerEvent: {}
[30.990743] (navigation_node_two) Command: {'cmd': ['/usr/bin/python3', 'setup.py', 'egg_info', '--egg-base', '../../build/navigation_node_two', 'build', '--build-base', '/home/unitree/106a_final/build/navigation_node_two/build', 'install', '--record', '/home/unitree/106a_final/build/navigation_node_two/install.log', '--install-scripts', '$base/lib/navigation_node_two', '--single-version-externally-managed'], 'cwd': '/home/unitree/106a_final/src/navigation_node_two', 'env': {'LESSOPEN': '| /usr/bin/lesspipe %s', 'USER': 'unitree', 'SSH_CLIENT': '192.168.50.153 53872 22', 'XDG_SESSION_TYPE': 'tty', 'GIT_ASKPASS': '/home/unitree/.vscode-server/cli/servers/Stable-bf9252a2fb45be6893dd8870c0bf37e2e1766d61/server/extensions/git/dist/askpass.sh', 'SHLVL': '2', 'LD_LIBRARY_PATH': '/usr/local/cuda-11.4/lib64:/usr/local/lib:/home/unitree/cyclonedds_ws/install/rmw_cyclonedds_cpp/lib:/home/unitree/cyclonedds_ws/install/cyclonedds/lib:/opt/ros/foxy/opt/yaml_cpp_vendor/lib:/opt/ros/foxy/opt/rviz_ogre_vendor/lib:/opt/ros/foxy/lib/aarch64-linux-gnu:/opt/ros/foxy/lib:/usr/local/cuda-11.4/lib64:', 'BROWSER': '/home/unitree/.vscode-server/cli/servers/Stable-bf9252a2fb45be6893dd8870c0bf37e2e1766d61/server/bin/helpers/browser.sh', 'MOTD_SHOWN': 'pam', 'HOME': '/home/unitree', 'CYCLONEDDS_URI': '/home/unitree/cyclonedds_ws/cyclonedds.xml', 'OLDPWD': '/home/unitree', 'TERM_PROGRAM_VERSION': '1.106.3', 'VSCODE_IPC_HOOK_CLI': '/run/user/1000/vscode-ipc-6b571321-74ac-4992-b2d0-b78d53be3b09.sock', 'ROS_PYTHON_VERSION': '3', 'VSCODE_GIT_ASKPASS_MAIN': '/home/unitree/.vscode-server/cli/servers/Stable-bf9252a2fb45be6893dd8870c0bf37e2e1766d61/server/extensions/git/dist/askpass-main.js', 'VSCODE_GIT_ASKPASS_NODE': '/home/unitree/.vscode-server/cli/servers/Stable-bf9252a2fb45be6893dd8870c0bf37e2e1766d61/server/node', 'SSL_CERT_FILE': '/usr/lib/ssl/certs/ca-certificates.crt', 'VSCODE_PYTHON_AUTOACTIVATE_GUARD': '1', 'DBUS_SESSION_BUS_ADDRESS': 'unix:path=/run/user/1000/bus', 'COLORTERM': 'truecolor', 'COLCON_PREFIX_PATH': '/home/unitree/cyclonedds_ws/install', 'ROS_DISTRO': 'foxy', 'LOGNAME': 'unitree', '_': '/usr/bin/colcon', 'ROS_VERSION': '2', 'PKG_CONFIG_PATH': '/home/unitree/cyclonedds_ws/install/cyclonedds/lib/aarch64-linux-gnu/pkgconfig:/home/unitree/cyclonedds_ws/install/cyclonedds/lib/pkgconfig', 'XDG_SESSION_CLASS': 'user', 'TERM': 'xterm-256color', 'XDG_SESSION_ID': '2', 'ROS_LOCALHOST_ONLY': '0', 'PATH': '/usr/local/cuda-11.4/bin:/home/unitree/cyclonedds_ws/install/cyclonedds/bin:/opt/ros/foxy/bin:/home/unitree/.vscode-server/cli/servers/Stable-bf9252a2fb45be6893dd8870c0bf37e2e1766d61/server/bin/remote-cli:/home/unitree/.local/bin:/usr/local/cuda-11.4/bin:/home/unitree/.local/bin:/usr/local/sbin:/usr/local/bin:/usr/sbin:/usr/bin:/sbin:/bin:/usr/games:/usr/local/games:/snap/bin', 'XDG_RUNTIME_DIR': '/run/user/1000', 'SSL_CERT_DIR': '/usr/lib/ssl/certs', 'LANG': 'en_US.UTF-8', 'RMW_IMPLEMENTATION': 'rmw_cyclonedds_cpp', 'LS_COLORS': 'rs=0:di=01;34:ln=01;36:mh=00:pi=40;33:so=01;35:do=01;35:bd=40;33;01:cd=40;33;01:or=40;31;01:mi=00:su=37;41:sg=30;43:ca=30;41:tw=30;42:ow=34;42:st=37;44:ex=01;32:*.tar=01;31:*.tgz=01;31:*.arc=01;31:*.arj=01;31:*.taz=01;31:*.lha=01;31:*.lz4=01;31:*.lzh=01;31:*.lzma=01;31:*.tlz=01;31:*.txz=01;31:*.tzo=01;31:*.t7z=01;31:*.zip=01;31:*.z=01;31:*.dz=01;31:*.gz=01;31:*.lrz=01;31:*.lz=01;31:*.lzo=01;31:*.xz=01;31:*.zst=01;31:*.tzst=01;31:*.bz2=01;31:*.bz=01;31:*.tbz=01;31:*.tbz2=01;31:*.tz=01;31:*.deb=01;31:*.rpm=01;31:*.jar=01;31:*.war=01;31:*.ear=01;31:*.sar=01;31:*.rar=01;31:*.alz=01;31:*.ace=01;31:*.zoo=01;31:*.cpio=01;31:*.7z=01;31:*.rz=01;31:*.cab=01;31:*.wim=01;31:*.swm=01;31:*.dwm=01;31:*.esd=01;31:*.jpg=01;35:*.jpeg=01;35:*.mjpg=01;35:*.mjpeg=01;35:*.gif=01;35:*.bmp=01;35:*.pbm=01;35:*.pgm=01;35:*.ppm=01;35:*.tga=01;35:*.xbm=01;35:*.xpm=01;35:*.tif=01;35:*.tiff=01;35:*.png=01;35:*.svg=01;35:*.svgz=01;35:*.mng=01;35:*.pcx=01;35:*.mov=01;35:*.mpg=01;35:*.mpeg=01;35:*.m2v=01;35:*.mkv=01;35:*.webm=01;35:*.ogm=01;35:*.mp4=01;35:*.m4v=01;35:*.mp4v=01;35:*.vob=01;35:*.qt=01;35:*.nuv=01;35:*.wmv=01;35:*.asf=01;35:*.rm=01;35:*.rmvb=01;35:*.flc=01;35:*.avi=01;35:*.fli=01;35:*.flv=01;35:*.gl=01;35:*.dl=01;35:*.xcf=01;35:*.xwd=01;35:*.yuv=01;35:*.cgm=01;35:*.emf=01;35:*.ogv=01;35:*.ogx=01;35:*.aac=00;36:*.au=00;36:*.flac=00;36:*.m4a=00;36:*.mid=00;36:*.midi=00;36:*.mka=00;36:*.mp3=00;36:*.mpc=00;36:*.ogg=00;36:*.ra=00;36:*.wav=00;36:*.oga=00;36:*.opus=00;36:*.spx=00;36:*.xspf=00;36:', 'VSCODE_GIT_IPC_HANDLE': '/run/user/1000/vscode-git-258efc9b4e.sock', 'TERM_PROGRAM': 'vscode', 'AMENT_PREFIX_PATH': '/home/unitree/cyclonedds_ws/install/rmw_cyclonedds_cpp:/opt/ros/foxy', 'SHELL': '/bin/bash', 'LESSCLOSE': '/usr/bin/lesspipe %s %s', 'VSCODE_GIT_ASKPASS_EXTRA_ARGS': '', 'PWD': '/home/unitree/106a_final/build/navigation_node_two', 'LC_ALL': 'en_US.UTF-8', 'SSH_CONNECTION': '192.168.50.153 53872 192.168.50.28 22', 'XDG_DATA_DIRS': '/usr/local/share:/usr/share:/var/lib/snapd/desktop', 'PYTHONPATH': '/home/unitree/106a_final/build/navigation_node_two/prefix_override:/home/unitree/106a_final/install/navigation_node_two/lib/python3.8/site-packages:/opt/ros/foxy/lib/python3.8/site-packages', 'COLCON': '1', 'CMAKE_PREFIX_PATH': '/home/unitree/cyclonedds_ws/install/rmw_cyclonedds_cpp:/home/unitree/cyclonedds_ws/install/cyclonedds'}, 'shell': False}
[31.028599] (-) TimerEvent: {}
[31.129828] (-) TimerEvent: {}
[31.230487] (-) TimerEvent: {}
[31.331163] (-) TimerEvent: {}
[31.431842] (-) TimerEvent: {}
[31.532594] (-) TimerEvent: {}
[31.575867] (navigation_node_two) StdoutLine: {'line': b'running egg_info\n'}
[31.577411] (navigation_node_two) StdoutLine: {'line': b'writing ../../build/navigation_node_two/navigation_node_two.egg-info/PKG-INFO\n'}
[31.578238] (navigation_node_two) StdoutLine: {'line': b'writing dependency_links to ../../build/navigation_node_two/navigation_node_two.egg-info/dependency_links.txt\n'}
[31.578766] (navigation_node_two) StdoutLine: {'line': b'writing entry points to ../../build/navigation_node_two/navigation_node_two.egg-info/entry_points.txt\n'}
[31.579104] (navigation_node_two) StdoutLine: {'line': b'writing requirements to ../../build/navigation_node_two/navigation_node_two.egg-info/requires.txt\n'}
[31.579417] (navigation_node_two) StdoutLine: {'line': b'writing top-level names to ../../build/navigation_node_two/navigation_node_two.egg-info/top_level.txt\n'}
[31.632734] (-) TimerEvent: {}
[31.665701] (navigation_node_two) StdoutLine: {'line': b"reading manifest file '../../build/navigation_node_two/navigation_node_two.egg-info/SOURCES.txt'\n"}
[31.667702] (navigation_node_two) StdoutLine: {'line': b"writing manifest file '../../build/navigation_node_two/navigation_node_two.egg-info/SOURCES.txt'\n"}
[31.668371] (navigation_node_two) StdoutLine: {'line': b'running build\n'}
[31.668585] (navigation_node_two) StdoutLine: {'line': b'running build_py\n'}
[31.669013] (navigation_node_two) StdoutLine: {'line': b'running install\n'}
[31.671465] (navigation_node_two) StdoutLine: {'line': b'running install_lib\n'}
[31.675883] (navigation_node_two) StdoutLine: {'line': b'running install_data\n'}
[31.677049] (navigation_node_two) StdoutLine: {'line': b'running install_egg_info\n'}
[31.680549] (navigation_node_two) StdoutLine: {'line': b"removing '/home/unitree/106a_final/install/navigation_node_two/lib/python3.8/site-packages/navigation_node_two-0.0.0-py3.8.egg-info' (and everything under it)\n"}
[31.681164] (navigation_node_two) StdoutLine: {'line': b'Copying ../../build/navigation_node_two/navigation_node_two.egg-info to /home/unitree/106a_final/install/navigation_node_two/lib/python3.8/site-packages/navigation_node_two-0.0.0-py3.8.egg-info\n'}
[31.689822] (navigation_node_two) StdoutLine: {'line': b'running install_scripts\n'}
[31.732978] (-) TimerEvent: {}
[31.737806] (navigation_node_two) StdoutLine: {'line': b'Installing nav_to_bottle script to /home/unitree/106a_final/install/navigation_node_two/lib/navigation_node_two\n'}
[31.738561] (navigation_node_two) StdoutLine: {'line': b'Installing pose_bridge_node script to /home/unitree/106a_final/install/navigation_node_two/lib/navigation_node_two\n'}
[31.739263] (navigation_node_two) StdoutLine: {'line': b"writing list of installed files to '/home/unitree/106a_final/build/navigation_node_two/install.log'\n"}
[31.835687] (navigation_node_two) CommandEnded: {'returncode': 0}
[31.837257] (-) TimerEvent: {}
[31.938017] (-) TimerEvent: {}
[32.039189] (-) TimerEvent: {}
[32.140876] (-) TimerEvent: {}
[32.164806] (navigation_node_two) JobEnded: {'identifier': 'navigation_node_two', 'rc': 0}
[32.241088] (-) TimerEvent: {}
[32.264237] (go2_bringup) Command: {'cmd': ['/usr/bin/python3', 'setup.py', 'egg_info', '--egg-base', '../../build/go2_bringup', 'build', '--build-base', '/home/unitree/106a_final/build/go2_bringup/build', 'install', '--record', '/home/unitree/106a_final/build/go2_bringup/install.log', '--install-scripts', '$base/lib/go2_bringup', '--single-version-externally-managed'], 'cwd': '/home/unitree/106a_final/src/go2_bringup', 'env': {'LESSOPEN': '| /usr/bin/lesspipe %s', 'USER': 'unitree', 'SSH_CLIENT': '192.168.50.153 53872 22', 'XDG_SESSION_TYPE': 'tty', 'GIT_ASKPASS': '/home/unitree/.vscode-server/cli/servers/Stable-bf9252a2fb45be6893dd8870c0bf37e2e1766d61/server/extensions/git/dist/askpass.sh', 'SHLVL': '2', 'LD_LIBRARY_PATH': '/usr/local/cuda-11.4/lib64:/usr/local/lib:/home/unitree/cyclonedds_ws/install/rmw_cyclonedds_cpp/lib:/home/unitree/cyclonedds_ws/install/cyclonedds/lib:/opt/ros/foxy/opt/yaml_cpp_vendor/lib:/opt/ros/foxy/opt/rviz_ogre_vendor/lib:/opt/ros/foxy/lib/aarch64-linux-gnu:/opt/ros/foxy/lib:/usr/local/cuda-11.4/lib64:', 'BROWSER': '/home/unitree/.vscode-server/cli/servers/Stable-bf9252a2fb45be6893dd8870c0bf37e2e1766d61/server/bin/helpers/browser.sh', 'MOTD_SHOWN': 'pam', 'HOME': '/home/unitree', 'CYCLONEDDS_URI': '/home/unitree/cyclonedds_ws/cyclonedds.xml', 'OLDPWD': '/home/unitree', 'TERM_PROGRAM_VERSION': '1.106.3', 'VSCODE_IPC_HOOK_CLI': '/run/user/1000/vscode-ipc-6b571321-74ac-4992-b2d0-b78d53be3b09.sock', 'ROS_PYTHON_VERSION': '3', 'VSCODE_GIT_ASKPASS_MAIN': '/home/unitree/.vscode-server/cli/servers/Stable-bf9252a2fb45be6893dd8870c0bf37e2e1766d61/server/extensions/git/dist/askpass-main.js', 'VSCODE_GIT_ASKPASS_NODE': '/home/unitree/.vscode-server/cli/servers/Stable-bf9252a2fb45be6893dd8870c0bf37e2e1766d61/server/node', 'SSL_CERT_FILE': '/usr/lib/ssl/certs/ca-certificates.crt', 'VSCODE_PYTHON_AUTOACTIVATE_GUARD': '1', 'DBUS_SESSION_BUS_ADDRESS': 'unix:path=/run/user/1000/bus', 'COLORTERM': 'truecolor', 'COLCON_PREFIX_PATH': '/home/unitree/cyclonedds_ws/install', 'ROS_DISTRO': 'foxy', 'LOGNAME': 'unitree', '_': '/usr/bin/colcon', 'ROS_VERSION': '2', 'PKG_CONFIG_PATH': '/home/unitree/cyclonedds_ws/install/cyclonedds/lib/aarch64-linux-gnu/pkgconfig:/home/unitree/cyclonedds_ws/install/cyclonedds/lib/pkgconfig', 'XDG_SESSION_CLASS': 'user', 'TERM': 'xterm-256color', 'XDG_SESSION_ID': '2', 'ROS_LOCALHOST_ONLY': '0', 'PATH': '/usr/local/cuda-11.4/bin:/home/unitree/cyclonedds_ws/install/cyclonedds/bin:/opt/ros/foxy/bin:/home/unitree/.vscode-server/cli/servers/Stable-bf9252a2fb45be6893dd8870c0bf37e2e1766d61/server/bin/remote-cli:/home/unitree/.local/bin:/usr/local/cuda-11.4/bin:/home/unitree/.local/bin:/usr/local/sbin:/usr/local/bin:/usr/sbin:/usr/bin:/sbin:/bin:/usr/games:/usr/local/games:/snap/bin', 'XDG_RUNTIME_DIR': '/run/user/1000', 'SSL_CERT_DIR': '/usr/lib/ssl/certs', 'LANG': 'en_US.UTF-8', 'RMW_IMPLEMENTATION': 'rmw_cyclonedds_cpp', 'LS_COLORS': 'rs=0:di=01;34:ln=01;36:mh=00:pi=40;33:so=01;35:do=01;35:bd=40;33;01:cd=40;33;01:or=40;31;01:mi=00:su=37;41:sg=30;43:ca=30;41:tw=30;42:ow=34;42:st=37;44:ex=01;32:*.tar=01;31:*.tgz=01;31:*.arc=01;31:*.arj=01;31:*.taz=01;31:*.lha=01;31:*.lz4=01;31:*.lzh=01;31:*.lzma=01;31:*.tlz=01;31:*.txz=01;31:*.tzo=01;31:*.t7z=01;31:*.zip=01;31:*.z=01;31:*.dz=01;31:*.gz=01;31:*.lrz=01;31:*.lz=01;31:*.lzo=01;31:*.xz=01;31:*.zst=01;31:*.tzst=01;31:*.bz2=01;31:*.bz=01;31:*.tbz=01;31:*.tbz2=01;31:*.tz=01;31:*.deb=01;31:*.rpm=01;31:*.jar=01;31:*.war=01;31:*.ear=01;31:*.sar=01;31:*.rar=01;31:*.alz=01;31:*.ace=01;31:*.zoo=01;31:*.cpio=01;31:*.7z=01;31:*.rz=01;31:*.cab=01;31:*.wim=01;31:*.swm=01;31:*.dwm=01;31:*.esd=01;31:*.jpg=01;35:*.jpeg=01;35:*.mjpg=01;35:*.mjpeg=01;35:*.gif=01;35:*.bmp=01;35:*.pbm=01;35:*.pgm=01;35:*.ppm=01;35:*.tga=01;35:*.xbm=01;35:*.xpm=01;35:*.tif=01;35:*.tiff=01;35:*.png=01;35:*.svg=01;35:*.svgz=01;35:*.mng=01;35:*.pcx=01;35:*.mov=01;35:*.mpg=01;35:*.mpeg=01;35:*.m2v=01;35:*.mkv=01;35:*.webm=01;35:*.ogm=01;35:*.mp4=01;35:*.m4v=01;35:*.mp4v=01;35:*.vob=01;35:*.qt=01;35:*.nuv=01;35:*.wmv=01;35:*.asf=01;35:*.rm=01;35:*.rmvb=01;35:*.flc=01;35:*.avi=01;35:*.fli=01;35:*.flv=01;35:*.gl=01;35:*.dl=01;35:*.xcf=01;35:*.xwd=01;35:*.yuv=01;35:*.cgm=01;35:*.emf=01;35:*.ogv=01;35:*.ogx=01;35:*.aac=00;36:*.au=00;36:*.flac=00;36:*.m4a=00;36:*.mid=00;36:*.midi=00;36:*.mka=00;36:*.mp3=00;36:*.mpc=00;36:*.ogg=00;36:*.ra=00;36:*.wav=00;36:*.oga=00;36:*.opus=00;36:*.spx=00;36:*.xspf=00;36:', 'VSCODE_GIT_IPC_HANDLE': '/run/user/1000/vscode-git-258efc9b4e.sock', 'TERM_PROGRAM': 'vscode', 'AMENT_PREFIX_PATH': '/home/unitree/106a_final/install/vision_node:/home/unitree/106a_final/install/navigation_return_node:/home/unitree/106a_final/install/navigation_node_three:/home/unitree/106a_final/install/base_driver:/home/unitree/106a_final/install/aruco_node:/home/unitree/106a_final/install/arm_driver:/home/unitree/106a_final/install/arm_control:/home/unitree/cyclonedds_ws/install/rmw_cyclonedds_cpp:/opt/ros/foxy', 'SHELL': '/bin/bash', 'LESSCLOSE': '/usr/bin/lesspipe %s %s', 'VSCODE_GIT_ASKPASS_EXTRA_ARGS': '', 'PWD': '/home/unitree/106a_final/build/go2_bringup', 'LC_ALL': 'en_US.UTF-8', 'SSH_CONNECTION': '192.168.50.153 53872 192.168.50.28 22', 'XDG_DATA_DIRS': '/usr/local/share:/usr/share:/var/lib/snapd/desktop', 'PYTHONPATH': '/home/unitree/106a_final/build/go2_bringup/prefix_override:/home/unitree/106a_final/install/go2_bringup/lib/python3.8/site-packages:/home/unitree/106a_final/install/vision_node/lib/python3.8/site-packages:/home/unitree/106a_final/install/navigation_return_node/lib/python3.8/site-packages:/home/unitree/106a_final/install/navigation_node_three/lib/python3.8/site-packages:/home/unitree/106a_final/install/aruco_node/lib/python3.8/site-packages:/home/unitree/106a_final/install/arm_control/lib/python3.8/site-packages:/opt/ros/foxy/lib/python3.8/site-packages', 'COLCON': '1', 'CMAKE_PREFIX_PATH': '/home/unitree/106a_final/install/base_driver:/home/unitree/106a_final/install/arm_driver:/home/unitree/cyclonedds_ws/install/rmw_cyclonedds_cpp:/home/unitree/cyclonedds_ws/install/cyclonedds'}, 'shell': False}
[32.341354] (-) TimerEvent: {}
[32.442108] (-) TimerEvent: {}
[32.542763] (-) TimerEvent: {}
[32.643446] (-) TimerEvent: {}
[32.744784] (-) TimerEvent: {}
[32.802526] (go2_bringup) StdoutLine: {'line': b'running egg_info\n'}
[32.804397] (go2_bringup) StdoutLine: {'line': b'writing ../../build/go2_bringup/go2_bringup.egg-info/PKG-INFO\n'}
[32.805136] (go2_bringup) StdoutLine: {'line': b'writing dependency_links to ../../build/go2_bringup/go2_bringup.egg-info/dependency_links.txt\n'}
[32.805496] (go2_bringup) StdoutLine: {'line': b'writing entry points to ../../build/go2_bringup/go2_bringup.egg-info/entry_points.txt\n'}
[32.805826] (go2_bringup) StdoutLine: {'line': b'writing requirements to ../../build/go2_bringup/go2_bringup.egg-info/requires.txt\n'}
[32.806130] (go2_bringup) StdoutLine: {'line': b'writing top-level names to ../../build/go2_bringup/go2_bringup.egg-info/top_level.txt\n'}
[32.844983] (-) TimerEvent: {}
[32.879900] (go2_bringup) StdoutLine: {'line': b"reading manifest file '../../build/go2_bringup/go2_bringup.egg-info/SOURCES.txt'\n"}
[32.881667] (go2_bringup) StdoutLine: {'line': b"writing manifest file '../../build/go2_bringup/go2_bringup.egg-info/SOURCES.txt'\n"}
[32.881993] (go2_bringup) StdoutLine: {'line': b'running build\n'}
[32.882186] (go2_bringup) StdoutLine: {'line': b'running build_py\n'}
[32.882556] (go2_bringup) StdoutLine: {'line': b'running install\n'}
[32.884565] (go2_bringup) StdoutLine: {'line': b'running install_lib\n'}
[32.887588] (go2_bringup) StdoutLine: {'line': b'running install_data\n'}
[32.889390] (go2_bringup) StdoutLine: {'line': b'running install_egg_info\n'}
[32.894036] (go2_bringup) StdoutLine: {'line': b"removing '/home/unitree/106a_final/install/go2_bringup/lib/python3.8/site-packages/go2_bringup-0.0.0-py3.8.egg-info' (and everything under it)\n"}
[32.894651] (go2_bringup) StdoutLine: {'line': b'Copying ../../build/go2_bringup/go2_bringup.egg-info to /home/unitree/106a_final/install/go2_bringup/lib/python3.8/site-packages/go2_bringup-0.0.0-py3.8.egg-info\n'}
[32.896977] (go2_bringup) StdoutLine: {'line': b'running install_scripts\n'}
[32.943680] (go2_bringup) StdoutLine: {'line': b"writing list of installed files to '/home/unitree/106a_final/build/go2_bringup/install.log'\n"}
[32.945038] (-) TimerEvent: {}
[33.029386] (go2_bringup) CommandEnded: {'returncode': 0}
[33.045496] (-) TimerEvent: {}
[33.146808] (-) TimerEvent: {}
[33.247905] (-) TimerEvent: {}
[33.345694] (go2_bringup) JobEnded: {'identifier': 'go2_bringup', 'rc': 0}
[33.347963] (-) EventReactorShutdown: {}
