[5.726s] [34mcolcon[0m [1;30mDEBUG[0m [32mCommand line arguments: ['/usr/bin/colcon', 'build'][0m
[5.727s] [34mcolcon[0m [1;30mDEBUG[0m [32mParsed command line arguments: Namespace(allow_overriding=[], ament_cmake_args=None, base_paths=['.'], build_base='build', catkin_cmake_args=None, catkin_skip_building_tests=False, cmake_args=None, cmake_clean_cache=False, cmake_clean_first=False, cmake_force_configure=False, cmake_target=None, cmake_target_skip_unavailable=False, continue_on_error=False, event_handlers=None, executor='parallel', ignore_user_meta=False, install_base='install', log_base=None, log_level=None, main=<bound method BuildVerb.main of <colcon_core.verb.build.BuildVerb object at 0xffffb8ad39a0>>, merge_install=False, metas=['./colcon.meta'], packages_above=None, packages_above_and_dependencies=None, packages_above_depth=None, packages_end=None, packages_ignore=None, packages_ignore_regex=None, packages_select=None, packages_select_build_failed=False, packages_select_by_dep=None, packages_select_regex=None, packages_select_test_failures=False, packages_skip=None, packages_skip_build_finished=False, packages_skip_by_dep=None, packages_skip_regex=None, packages_skip_test_passed=False, packages_skip_up_to=None, packages_start=None, packages_up_to=None, packages_up_to_regex=None, parallel_workers=4, paths=None, symlink_install=False, test_result_base=None, verb_extension=<colcon_core.verb.build.BuildVerb object at 0xffffb8ad39a0>, verb_name='build', verb_parser=<colcon_defaults.argument_parser.defaults.DefaultArgumentsDecorator object at 0xffffb899a0d0>)[0m
[6.287s] [34mcolcon.colcon_core.package_discovery[0m [1;30mLevel 1[0m discover_packages(colcon_meta) check parameters
[6.287s] [34mcolcon.colcon_core.package_discovery[0m [1;30mLevel 1[0m discover_packages(recursive) check parameters
[6.287s] [34mcolcon.colcon_core.package_discovery[0m [1;30mLevel 1[0m discover_packages(ignore) check parameters
[6.287s] [34mcolcon.colcon_core.package_discovery[0m [1;30mLevel 1[0m discover_packages(path) check parameters
[6.287s] [34mcolcon.colcon_core.package_discovery[0m [1;30mLevel 1[0m discover_packages(colcon_meta) discover
[6.288s] [34mcolcon.colcon_core.package_discovery[0m [1;30mLevel 1[0m discover_packages(recursive) discover
[6.288s] [34mcolcon.colcon_core.package_discovery[0m [1;30mINFO[0m Crawling recursively for packages in '/home/unitree/106a_final'
[6.288s] [34mcolcon.colcon_core.package_identification[0m [1;30mLevel 1[0m _identify(.) by extensions ['ignore', 'ignore_ament_install']
[6.288s] [34mcolcon.colcon_core.package_identification[0m [1;30mLevel 1[0m _identify(.) by extension 'ignore'
[6.288s] [34mcolcon.colcon_core.package_identification[0m [1;30mLevel 1[0m _identify(.) by extension 'ignore_ament_install'
[6.289s] [34mcolcon.colcon_core.package_identification[0m [1;30mLevel 1[0m _identify(.) by extensions ['colcon_pkg']
[6.289s] [34mcolcon.colcon_core.package_identification[0m [1;30mLevel 1[0m _identify(.) by extension 'colcon_pkg'
[6.289s] [34mcolcon.colcon_core.package_identification[0m [1;30mLevel 1[0m _identify(.) by extensions ['colcon_meta']
[6.289s] [34mcolcon.colcon_core.package_identification[0m [1;30mLevel 1[0m _identify(.) by extension 'colcon_meta'
[6.289s] [34mcolcon.colcon_core.package_identification[0m [1;30mLevel 1[0m _identify(.) by extensions ['ros']
[6.289s] [34mcolcon.colcon_core.package_identification[0m [1;30mLevel 1[0m _identify(.) by extension 'ros'
[6.317s] [34mcolcon.colcon_core.package_identification[0m [1;30mLevel 1[0m _identify(.) by extensions ['cmake', 'python']
[6.317s] [34mcolcon.colcon_core.package_identification[0m [1;30mLevel 1[0m _identify(.) by extension 'cmake'
[6.317s] [34mcolcon.colcon_core.package_identification[0m [1;30mLevel 1[0m _identify(.) by extension 'python'
[6.318s] [34mcolcon.colcon_core.package_identification[0m [1;30mLevel 1[0m _identify(.) by extensions ['python_setup_py']
[6.318s] [34mcolcon.colcon_core.package_identification[0m [1;30mLevel 1[0m _identify(.) by extension 'python_setup_py'
[6.318s] [34mcolcon.colcon_core.package_identification[0m [1;30mLevel 1[0m _identify(build) by extensions ['ignore', 'ignore_ament_install']
[6.318s] [34mcolcon.colcon_core.package_identification[0m [1;30mLevel 1[0m _identify(build) by extension 'ignore'
[6.319s] [34mcolcon.colcon_core.package_identification[0m [1;30mLevel 1[0m _identify(build) ignored
[6.319s] [34mcolcon.colcon_core.package_identification[0m [1;30mLevel 1[0m _identify(install) by extensions ['ignore', 'ignore_ament_install']
[6.319s] [34mcolcon.colcon_core.package_identification[0m [1;30mLevel 1[0m _identify(install) by extension 'ignore'
[6.319s] [34mcolcon.colcon_core.package_identification[0m [1;30mLevel 1[0m _identify(install) ignored
[6.320s] [34mcolcon.colcon_core.package_identification[0m [1;30mLevel 1[0m _identify(log) by extensions ['ignore', 'ignore_ament_install']
[6.320s] [34mcolcon.colcon_core.package_identification[0m [1;30mLevel 1[0m _identify(log) by extension 'ignore'
[6.320s] [34mcolcon.colcon_core.package_identification[0m [1;30mLevel 1[0m _identify(log) ignored
[6.320s] [34mcolcon.colcon_core.package_identification[0m [1;30mLevel 1[0m _identify(src) by extensions ['ignore', 'ignore_ament_install']
[6.321s] [34mcolcon.colcon_core.package_identification[0m [1;30mLevel 1[0m _identify(src) by extension 'ignore'
[6.321s] [34mcolcon.colcon_core.package_identification[0m [1;30mLevel 1[0m _identify(src) by extension 'ignore_ament_install'
[6.321s] [34mcolcon.colcon_core.package_identification[0m [1;30mLevel 1[0m _identify(src) by extensions ['colcon_pkg']
[6.321s] [34mcolcon.colcon_core.package_identification[0m [1;30mLevel 1[0m _identify(src) by extension 'colcon_pkg'
[6.321s] [34mcolcon.colcon_core.package_identification[0m [1;30mLevel 1[0m _identify(src) by extensions ['colcon_meta']
[6.321s] [34mcolcon.colcon_core.package_identification[0m [1;30mLevel 1[0m _identify(src) by extension 'colcon_meta'
[6.321s] [34mcolcon.colcon_core.package_identification[0m [1;30mLevel 1[0m _identify(src) by extensions ['ros']
[6.321s] [34mcolcon.colcon_core.package_identification[0m [1;30mLevel 1[0m _identify(src) by extension 'ros'
[6.322s] [34mcolcon.colcon_core.package_identification[0m [1;30mLevel 1[0m _identify(src) by extensions ['cmake', 'python']
[6.322s] [34mcolcon.colcon_core.package_identification[0m [1;30mLevel 1[0m _identify(src) by extension 'cmake'
[6.322s] [34mcolcon.colcon_core.package_identification[0m [1;30mLevel 1[0m _identify(src) by extension 'python'
[6.322s] [34mcolcon.colcon_core.package_identification[0m [1;30mLevel 1[0m _identify(src) by extensions ['python_setup_py']
[6.322s] [34mcolcon.colcon_core.package_identification[0m [1;30mLevel 1[0m _identify(src) by extension 'python_setup_py'
[6.322s] [34mcolcon.colcon_core.package_identification[0m [1;30mLevel 1[0m _identify(src/arm_control) by extensions ['ignore', 'ignore_ament_install']
[6.322s] [34mcolcon.colcon_core.package_identification[0m [1;30mLevel 1[0m _identify(src/arm_control) by extension 'ignore'
[6.322s] [34mcolcon.colcon_core.package_identification[0m [1;30mLevel 1[0m _identify(src/arm_control) by extension 'ignore_ament_install'
[6.323s] [34mcolcon.colcon_core.package_identification[0m [1;30mLevel 1[0m _identify(src/arm_control) by extensions ['colcon_pkg']
[6.323s] [34mcolcon.colcon_core.package_identification[0m [1;30mLevel 1[0m _identify(src/arm_control) by extension 'colcon_pkg'
[6.323s] [34mcolcon.colcon_core.package_identification[0m [1;30mLevel 1[0m _identify(src/arm_control) by extensions ['colcon_meta']
[6.323s] [34mcolcon.colcon_core.package_identification[0m [1;30mLevel 1[0m _identify(src/arm_control) by extension 'colcon_meta'
[6.323s] [34mcolcon.colcon_core.package_identification[0m [1;30mLevel 1[0m _identify(src/arm_control) by extensions ['ros']
[6.323s] [34mcolcon.colcon_core.package_identification[0m [1;30mLevel 1[0m _identify(src/arm_control) by extension 'ros'
[6.332s] [34mcolcon.colcon_core.package_identification[0m [1;30mDEBUG[0m [32mPackage 'src/arm_control' with type 'ros.ament_python' and name 'arm_control'[0m
[6.332s] [34mcolcon.colcon_core.package_identification[0m [1;30mLevel 1[0m _identify(src/arm_driver) by extensions ['ignore', 'ignore_ament_install']
[6.333s] [34mcolcon.colcon_core.package_identification[0m [1;30mLevel 1[0m _identify(src/arm_driver) by extension 'ignore'
[6.333s] [34mcolcon.colcon_core.package_identification[0m [1;30mLevel 1[0m _identify(src/arm_driver) by extension 'ignore_ament_install'
[6.333s] [34mcolcon.colcon_core.package_identification[0m [1;30mLevel 1[0m _identify(src/arm_driver) by extensions ['colcon_pkg']
[6.333s] [34mcolcon.colcon_core.package_identification[0m [1;30mLevel 1[0m _identify(src/arm_driver) by extension 'colcon_pkg'
[6.333s] [34mcolcon.colcon_core.package_identification[0m [1;30mLevel 1[0m _identify(src/arm_driver) by extensions ['colcon_meta']
[6.333s] [34mcolcon.colcon_core.package_identification[0m [1;30mLevel 1[0m _identify(src/arm_driver) by extension 'colcon_meta'
[6.333s] [34mcolcon.colcon_core.package_identification[0m [1;30mLevel 1[0m _identify(src/arm_driver) by extensions ['ros']
[6.333s] [34mcolcon.colcon_core.package_identification[0m [1;30mLevel 1[0m _identify(src/arm_driver) by extension 'ros'
[6.335s] [34mcolcon.colcon_core.package_identification[0m [1;30mDEBUG[0m [32mPackage 'src/arm_driver' with type 'ros.ament_cmake' and name 'arm_driver'[0m
[6.335s] [34mcolcon.colcon_core.package_identification[0m [1;30mLevel 1[0m _identify(src/aruco_node) by extensions ['ignore', 'ignore_ament_install']
[6.336s] [34mcolcon.colcon_core.package_identification[0m [1;30mLevel 1[0m _identify(src/aruco_node) by extension 'ignore'
[6.336s] [34mcolcon.colcon_core.package_identification[0m [1;30mLevel 1[0m _identify(src/aruco_node) by extension 'ignore_ament_install'
[6.336s] [34mcolcon.colcon_core.package_identification[0m [1;30mLevel 1[0m _identify(src/aruco_node) by extensions ['colcon_pkg']
[6.336s] [34mcolcon.colcon_core.package_identification[0m [1;30mLevel 1[0m _identify(src/aruco_node) by extension 'colcon_pkg'
[6.336s] [34mcolcon.colcon_core.package_identification[0m [1;30mLevel 1[0m _identify(src/aruco_node) by extensions ['colcon_meta']
[6.336s] [34mcolcon.colcon_core.package_identification[0m [1;30mLevel 1[0m _identify(src/aruco_node) by extension 'colcon_meta'
[6.336s] [34mcolcon.colcon_core.package_identification[0m [1;30mLevel 1[0m _identify(src/aruco_node) by extensions ['ros']
[6.336s] [34mcolcon.colcon_core.package_identification[0m [1;30mLevel 1[0m _identify(src/aruco_node) by extension 'ros'
[6.338s] [34mcolcon.colcon_core.package_identification[0m [1;30mDEBUG[0m [32mPackage 'src/aruco_node' with type 'ros.ament_python' and name 'aruco_node'[0m
[6.338s] [34mcolcon.colcon_core.package_identification[0m [1;30mLevel 1[0m _identify(src/base_driver) by extensions ['ignore', 'ignore_ament_install']
[6.338s] [34mcolcon.colcon_core.package_identification[0m [1;30mLevel 1[0m _identify(src/base_driver) by extension 'ignore'
[6.339s] [34mcolcon.colcon_core.package_identification[0m [1;30mLevel 1[0m _identify(src/base_driver) by extension 'ignore_ament_install'
[6.339s] [34mcolcon.colcon_core.package_identification[0m [1;30mLevel 1[0m _identify(src/base_driver) by extensions ['colcon_pkg']
[6.339s] [34mcolcon.colcon_core.package_identification[0m [1;30mLevel 1[0m _identify(src/base_driver) by extension 'colcon_pkg'
[6.339s] [34mcolcon.colcon_core.package_identification[0m [1;30mLevel 1[0m _identify(src/base_driver) by extensions ['colcon_meta']
[6.339s] [34mcolcon.colcon_core.package_identification[0m [1;30mLevel 1[0m _identify(src/base_driver) by extension 'colcon_meta'
[6.339s] [34mcolcon.colcon_core.package_identification[0m [1;30mLevel 1[0m _identify(src/base_driver) by extensions ['ros']
[6.339s] [34mcolcon.colcon_core.package_identification[0m [1;30mLevel 1[0m _identify(src/base_driver) by extension 'ros'
[6.340s] [34mcolcon.colcon_core.package_identification[0m [1;30mDEBUG[0m [32mPackage 'src/base_driver' with type 'ros.ament_cmake' and name 'base_driver'[0m
[6.341s] [34mcolcon.colcon_core.package_identification[0m [1;30mLevel 1[0m _identify(src/d1_sdk) by extensions ['ignore', 'ignore_ament_install']
[6.341s] [34mcolcon.colcon_core.package_identification[0m [1;30mLevel 1[0m _identify(src/d1_sdk) by extension 'ignore'
[6.341s] [34mcolcon.colcon_core.package_identification[0m [1;30mLevel 1[0m _identify(src/d1_sdk) ignored
[6.341s] [34mcolcon.colcon_core.package_identification[0m [1;30mLevel 1[0m _identify(src/go2_bringup) by extensions ['ignore', 'ignore_ament_install']
[6.342s] [34mcolcon.colcon_core.package_identification[0m [1;30mLevel 1[0m _identify(src/go2_bringup) by extension 'ignore'
[6.342s] [34mcolcon.colcon_core.package_identification[0m [1;30mLevel 1[0m _identify(src/go2_bringup) by extension 'ignore_ament_install'
[6.342s] [34mcolcon.colcon_core.package_identification[0m [1;30mLevel 1[0m _identify(src/go2_bringup) by extensions ['colcon_pkg']
[6.342s] [34mcolcon.colcon_core.package_identification[0m [1;30mLevel 1[0m _identify(src/go2_bringup) by extension 'colcon_pkg'
[6.342s] [34mcolcon.colcon_core.package_identification[0m [1;30mLevel 1[0m _identify(src/go2_bringup) by extensions ['colcon_meta']
[6.342s] [34mcolcon.colcon_core.package_identification[0m [1;30mLevel 1[0m _identify(src/go2_bringup) by extension 'colcon_meta'
[6.342s] [34mcolcon.colcon_core.package_identification[0m [1;30mLevel 1[0m _identify(src/go2_bringup) by extensions ['ros']
[6.342s] [34mcolcon.colcon_core.package_identification[0m [1;30mLevel 1[0m _identify(src/go2_bringup) by extension 'ros'
[6.344s] [34mcolcon.colcon_core.package_identification[0m [1;30mDEBUG[0m [32mPackage 'src/go2_bringup' with type 'ros.ament_python' and name 'go2_bringup'[0m
[6.345s] [34mcolcon.colcon_core.package_identification[0m [1;30mLevel 1[0m _identify(src/navigation_node) by extensions ['ignore', 'ignore_ament_install']
[6.345s] [34mcolcon.colcon_core.package_identification[0m [1;30mLevel 1[0m _identify(src/navigation_node) by extension 'ignore'
[6.345s] [34mcolcon.colcon_core.package_identification[0m [1;30mLevel 1[0m _identify(src/navigation_node) by extension 'ignore_ament_install'
[6.345s] [34mcolcon.colcon_core.package_identification[0m [1;30mLevel 1[0m _identify(src/navigation_node) by extensions ['colcon_pkg']
[6.345s] [34mcolcon.colcon_core.package_identification[0m [1;30mLevel 1[0m _identify(src/navigation_node) by extension 'colcon_pkg'
[6.345s] [34mcolcon.colcon_core.package_identification[0m [1;30mLevel 1[0m _identify(src/navigation_node) by extensions ['colcon_meta']
[6.345s] [34mcolcon.colcon_core.package_identification[0m [1;30mLevel 1[0m _identify(src/navigation_node) by extension 'colcon_meta'
[6.346s] [34mcolcon.colcon_core.package_identification[0m [1;30mLevel 1[0m _identify(src/navigation_node) by extensions ['ros']
[6.346s] [34mcolcon.colcon_core.package_identification[0m [1;30mLevel 1[0m _identify(src/navigation_node) by extension 'ros'
[6.347s] [34mcolcon.colcon_core.package_identification[0m [1;30mDEBUG[0m [32mPackage 'src/navigation_node' with type 'ros.ament_python' and name 'navigation_node'[0m
[6.348s] [34mcolcon.colcon_core.package_identification[0m [1;30mLevel 1[0m _identify(src/navigation_node_three) by extensions ['ignore', 'ignore_ament_install']
[6.348s] [34mcolcon.colcon_core.package_identification[0m [1;30mLevel 1[0m _identify(src/navigation_node_three) by extension 'ignore'
[6.348s] [34mcolcon.colcon_core.package_identification[0m [1;30mLevel 1[0m _identify(src/navigation_node_three) by extension 'ignore_ament_install'
[6.348s] [34mcolcon.colcon_core.package_identification[0m [1;30mLevel 1[0m _identify(src/navigation_node_three) by extensions ['colcon_pkg']
[6.348s] [34mcolcon.colcon_core.package_identification[0m [1;30mLevel 1[0m _identify(src/navigation_node_three) by extension 'colcon_pkg'
[6.348s] [34mcolcon.colcon_core.package_identification[0m [1;30mLevel 1[0m _identify(src/navigation_node_three) by extensions ['colcon_meta']
[6.348s] [34mcolcon.colcon_core.package_identification[0m [1;30mLevel 1[0m _identify(src/navigation_node_three) by extension 'colcon_meta'
[6.349s] [34mcolcon.colcon_core.package_identification[0m [1;30mLevel 1[0m _identify(src/navigation_node_three) by extensions ['ros']
[6.349s] [34mcolcon.colcon_core.package_identification[0m [1;30mLevel 1[0m _identify(src/navigation_node_three) by extension 'ros'
[6.351s] [34mcolcon.colcon_core.package_identification[0m [1;30mDEBUG[0m [32mPackage 'src/navigation_node_three' with type 'ros.ament_python' and name 'navigation_node_three'[0m
[6.351s] [34mcolcon.colcon_core.package_identification[0m [1;30mLevel 1[0m _identify(src/navigation_node_two) by extensions ['ignore', 'ignore_ament_install']
[6.351s] [34mcolcon.colcon_core.package_identification[0m [1;30mLevel 1[0m _identify(src/navigation_node_two) by extension 'ignore'
[6.351s] [34mcolcon.colcon_core.package_identification[0m [1;30mLevel 1[0m _identify(src/navigation_node_two) by extension 'ignore_ament_install'
[6.352s] [34mcolcon.colcon_core.package_identification[0m [1;30mLevel 1[0m _identify(src/navigation_node_two) by extensions ['colcon_pkg']
[6.352s] [34mcolcon.colcon_core.package_identification[0m [1;30mLevel 1[0m _identify(src/navigation_node_two) by extension 'colcon_pkg'
[6.352s] [34mcolcon.colcon_core.package_identification[0m [1;30mLevel 1[0m _identify(src/navigation_node_two) by extensions ['colcon_meta']
[6.352s] [34mcolcon.colcon_core.package_identification[0m [1;30mLevel 1[0m _identify(src/navigation_node_two) by extension 'colcon_meta'
[6.352s] [34mcolcon.colcon_core.package_identification[0m [1;30mLevel 1[0m _identify(src/navigation_node_two) by extensions ['ros']
[6.352s] [34mcolcon.colcon_core.package_identification[0m [1;30mLevel 1[0m _identify(src/navigation_node_two) by extension 'ros'
[6.354s] [34mcolcon.colcon_core.package_identification[0m [1;30mDEBUG[0m [32mPackage 'src/navigation_node_two' with type 'ros.ament_python' and name 'navigation_node_two'[0m
[6.354s] [34mcolcon.colcon_core.package_identification[0m [1;30mLevel 1[0m _identify(src/navigation_return_node) by extensions ['ignore', 'ignore_ament_install']
[6.354s] [34mcolcon.colcon_core.package_identification[0m [1;30mLevel 1[0m _identify(src/navigation_return_node) by extension 'ignore'
[6.354s] [34mcolcon.colcon_core.package_identification[0m [1;30mLevel 1[0m _identify(src/navigation_return_node) by extension 'ignore_ament_install'
[6.354s] [34mcolcon.colcon_core.package_identification[0m [1;30mLevel 1[0m _identify(src/navigation_return_node) by extensions ['colcon_pkg']
[6.354s] [34mcolcon.colcon_core.package_identification[0m [1;30mLevel 1[0m _identify(src/navigation_return_node) by extension 'colcon_pkg'
[6.354s] [34mcolcon.colcon_core.package_identification[0m [1;30mLevel 1[0m _identify(src/navigation_return_node) by extensions ['colcon_meta']
[6.355s] [34mcolcon.colcon_core.package_identification[0m [1;30mLevel 1[0m _identify(src/navigation_return_node) by extension 'colcon_meta'
[6.355s] [34mcolcon.colcon_core.package_identification[0m [1;30mLevel 1[0m _identify(src/navigation_return_node) by extensions ['ros']
[6.355s] [34mcolcon.colcon_core.package_identification[0m [1;30mLevel 1[0m _identify(src/navigation_return_node) by extension 'ros'
[6.356s] [34mcolcon.colcon_core.package_identification[0m [1;30mDEBUG[0m [32mPackage 'src/navigation_return_node' with type 'ros.ament_python' and name 'navigation_return_node'[0m
[6.357s] [34mcolcon.colcon_core.package_identification[0m [1;30mLevel 1[0m _identify(src/realsense-ros) by extensions ['ignore', 'ignore_ament_install']
[6.357s] [34mcolcon.colcon_core.package_identification[0m [1;30mLevel 1[0m _identify(src/realsense-ros) by extension 'ignore'
[6.357s] [34mcolcon.colcon_core.package_identification[0m [1;30mLevel 1[0m _identify(src/realsense-ros) ignored
[6.357s] [34mcolcon.colcon_core.package_identification[0m [1;30mLevel 1[0m _identify(src/unitree_sdk2) by extensions ['ignore', 'ignore_ament_install']
[6.358s] [34mcolcon.colcon_core.package_identification[0m [1;30mLevel 1[0m _identify(src/unitree_sdk2) by extension 'ignore'
[6.358s] [34mcolcon.colcon_core.package_identification[0m [1;30mLevel 1[0m _identify(src/unitree_sdk2) ignored
[6.358s] [34mcolcon.colcon_core.package_identification[0m [1;30mLevel 1[0m _identify(src/unitree_sdk2_python) by extensions ['ignore', 'ignore_ament_install']
[6.358s] [34mcolcon.colcon_core.package_identification[0m [1;30mLevel 1[0m _identify(src/unitree_sdk2_python) by extension 'ignore'
[6.358s] [34mcolcon.colcon_core.package_identification[0m [1;30mLevel 1[0m _identify(src/unitree_sdk2_python) ignored
[6.359s] [34mcolcon.colcon_core.package_identification[0m [1;30mLevel 1[0m _identify(src/vision_node) by extensions ['ignore', 'ignore_ament_install']
[6.359s] [34mcolcon.colcon_core.package_identification[0m [1;30mLevel 1[0m _identify(src/vision_node) by extension 'ignore'
[6.359s] [34mcolcon.colcon_core.package_identification[0m [1;30mLevel 1[0m _identify(src/vision_node) by extension 'ignore_ament_install'
[6.359s] [34mcolcon.colcon_core.package_identification[0m [1;30mLevel 1[0m _identify(src/vision_node) by extensions ['colcon_pkg']
[6.359s] [34mcolcon.colcon_core.package_identification[0m [1;30mLevel 1[0m _identify(src/vision_node) by extension 'colcon_pkg'
[6.359s] [34mcolcon.colcon_core.package_identification[0m [1;30mLevel 1[0m _identify(src/vision_node) by extensions ['colcon_meta']
[6.359s] [34mcolcon.colcon_core.package_identification[0m [1;30mLevel 1[0m _identify(src/vision_node) by extension 'colcon_meta'
[6.359s] [34mcolcon.colcon_core.package_identification[0m [1;30mLevel 1[0m _identify(src/vision_node) by extensions ['ros']
[6.359s] [34mcolcon.colcon_core.package_identification[0m [1;30mLevel 1[0m _identify(src/vision_node) by extension 'ros'
[6.362s] [34mcolcon.colcon_core.package_identification[0m [1;30mDEBUG[0m [32mPackage 'src/vision_node' with type 'ros.ament_python' and name 'vision_node'[0m
[6.363s] [34mcolcon.colcon_core.package_discovery[0m [1;30mLevel 1[0m discover_packages(recursive) using defaults
[6.363s] [34mcolcon.colcon_core.package_discovery[0m [1;30mLevel 1[0m discover_packages(ignore) discover
[6.363s] [34mcolcon.colcon_core.package_discovery[0m [1;30mLevel 1[0m discover_packages(ignore) using defaults
[6.363s] [34mcolcon.colcon_core.package_discovery[0m [1;30mLevel 1[0m discover_packages(path) discover
[6.363s] [34mcolcon.colcon_core.package_discovery[0m [1;30mLevel 1[0m discover_packages(path) using defaults
[6.923s] [34mcolcon.colcon_core.package_discovery[0m [1;30mLevel 1[0m discover_packages(prefix_path) check parameters
[6.923s] [34mcolcon.colcon_core.package_discovery[0m [1;30mLevel 1[0m discover_packages(prefix_path) discover
[7.126s] [34mcolcon.colcon_installed_package_information.package_discovery[0m [1;30mDEBUG[0m [32mFound 14 installed packages in /home/unitree/106a_final/install[0m
[7.225s] [34mcolcon.colcon_installed_package_information.package_discovery[0m [1;30mDEBUG[0m [32mFound 2 installed packages in /home/unitree/cyclonedds_ws/install[0m
[7.331s] [34mcolcon.colcon_installed_package_information.package_discovery[0m [1;30mDEBUG[0m [32mFound 292 installed packages in /opt/ros/foxy[0m
[7.335s] [34mcolcon.colcon_core.package_discovery[0m [1;30mLevel 1[0m discover_packages(prefix_path) using defaults
[7.665s] [34mcolcon.colcon_core.verb[0m [1;30mLevel 5[0m set package 'arm_control' build argument 'cmake_args' from command line to 'None'
[7.665s] [34mcolcon.colcon_core.verb[0m [1;30mLevel 5[0m set package 'arm_control' build argument 'cmake_target' from command line to 'None'
[7.665s] [34mcolcon.colcon_core.verb[0m [1;30mLevel 5[0m set package 'arm_control' build argument 'cmake_target_skip_unavailable' from command line to 'False'
[7.665s] [34mcolcon.colcon_core.verb[0m [1;30mLevel 5[0m set package 'arm_control' build argument 'cmake_clean_cache' from command line to 'False'
[7.665s] [34mcolcon.colcon_core.verb[0m [1;30mLevel 5[0m set package 'arm_control' build argument 'cmake_clean_first' from command line to 'False'
[7.665s] [34mcolcon.colcon_core.verb[0m [1;30mLevel 5[0m set package 'arm_control' build argument 'cmake_force_configure' from command line to 'False'
[7.665s] [34mcolcon.colcon_core.verb[0m [1;30mLevel 5[0m set package 'arm_control' build argument 'ament_cmake_args' from command line to 'None'
[7.665s] [34mcolcon.colcon_core.verb[0m [1;30mLevel 5[0m set package 'arm_control' build argument 'catkin_cmake_args' from command line to 'None'
[7.665s] [34mcolcon.colcon_core.verb[0m [1;30mLevel 5[0m set package 'arm_control' build argument 'catkin_skip_building_tests' from command line to 'False'
[7.666s] [34mcolcon.colcon_core.verb[0m [1;30mDEBUG[0m [32mBuilding package 'arm_control' with the following arguments: {'ament_cmake_args': None, 'build_base': '/home/unitree/106a_final/build/arm_control', 'catkin_cmake_args': None, 'catkin_skip_building_tests': False, 'cmake_args': None, 'cmake_clean_cache': False, 'cmake_clean_first': False, 'cmake_force_configure': False, 'cmake_target': None, 'cmake_target_skip_unavailable': False, 'install_base': '/home/unitree/106a_final/install/arm_control', 'merge_install': False, 'path': '/home/unitree/106a_final/src/arm_control', 'symlink_install': False, 'test_result_base': None}[0m
[7.758s] [34mcolcon.colcon_core.verb[0m [1;30mLevel 5[0m set package 'arm_driver' build argument 'cmake_args' from command line to 'None'
[7.759s] [34mcolcon.colcon_core.verb[0m [1;30mLevel 5[0m set package 'arm_driver' build argument 'cmake_target' from command line to 'None'
[7.759s] [34mcolcon.colcon_core.verb[0m [1;30mLevel 5[0m set package 'arm_driver' build argument 'cmake_target_skip_unavailable' from command line to 'False'
[7.759s] [34mcolcon.colcon_core.verb[0m [1;30mLevel 5[0m set package 'arm_driver' build argument 'cmake_clean_cache' from command line to 'False'
[7.759s] [34mcolcon.colcon_core.verb[0m [1;30mLevel 5[0m set package 'arm_driver' build argument 'cmake_clean_first' from command line to 'False'
[7.759s] [34mcolcon.colcon_core.verb[0m [1;30mLevel 5[0m set package 'arm_driver' build argument 'cmake_force_configure' from command line to 'False'
[7.759s] [34mcolcon.colcon_core.verb[0m [1;30mLevel 5[0m set package 'arm_driver' build argument 'ament_cmake_args' from command line to 'None'
[7.759s] [34mcolcon.colcon_core.verb[0m [1;30mLevel 5[0m set package 'arm_driver' build argument 'catkin_cmake_args' from command line to 'None'
[7.759s] [34mcolcon.colcon_core.verb[0m [1;30mLevel 5[0m set package 'arm_driver' build argument 'catkin_skip_building_tests' from command line to 'False'
[7.759s] [34mcolcon.colcon_core.verb[0m [1;30mDEBUG[0m [32mBuilding package 'arm_driver' with the following arguments: {'ament_cmake_args': None, 'build_base': '/home/unitree/106a_final/build/arm_driver', 'catkin_cmake_args': None, 'catkin_skip_building_tests': False, 'cmake_args': None, 'cmake_clean_cache': False, 'cmake_clean_first': False, 'cmake_force_configure': False, 'cmake_target': None, 'cmake_target_skip_unavailable': False, 'install_base': '/home/unitree/106a_final/install/arm_driver', 'merge_install': False, 'path': '/home/unitree/106a_final/src/arm_driver', 'symlink_install': False, 'test_result_base': None}[0m
[7.857s] [34mcolcon.colcon_core.verb[0m [1;30mLevel 5[0m set package 'aruco_node' build argument 'cmake_args' from command line to 'None'
[7.857s] [34mcolcon.colcon_core.verb[0m [1;30mLevel 5[0m set package 'aruco_node' build argument 'cmake_target' from command line to 'None'
[7.857s] [34mcolcon.colcon_core.verb[0m [1;30mLevel 5[0m set package 'aruco_node' build argument 'cmake_target_skip_unavailable' from command line to 'False'
[7.857s] [34mcolcon.colcon_core.verb[0m [1;30mLevel 5[0m set package 'aruco_node' build argument 'cmake_clean_cache' from command line to 'False'
[7.857s] [34mcolcon.colcon_core.verb[0m [1;30mLevel 5[0m set package 'aruco_node' build argument 'cmake_clean_first' from command line to 'False'
[7.857s] [34mcolcon.colcon_core.verb[0m [1;30mLevel 5[0m set package 'aruco_node' build argument 'cmake_force_configure' from command line to 'False'
[7.857s] [34mcolcon.colcon_core.verb[0m [1;30mLevel 5[0m set package 'aruco_node' build argument 'ament_cmake_args' from command line to 'None'
[7.857s] [34mcolcon.colcon_core.verb[0m [1;30mLevel 5[0m set package 'aruco_node' build argument 'catkin_cmake_args' from command line to 'None'
[7.857s] [34mcolcon.colcon_core.verb[0m [1;30mLevel 5[0m set package 'aruco_node' build argument 'catkin_skip_building_tests' from command line to 'False'
[7.857s] [34mcolcon.colcon_core.verb[0m [1;30mDEBUG[0m [32mBuilding package 'aruco_node' with the following arguments: {'ament_cmake_args': None, 'build_base': '/home/unitree/106a_final/build/aruco_node', 'catkin_cmake_args': None, 'catkin_skip_building_tests': False, 'cmake_args': None, 'cmake_clean_cache': False, 'cmake_clean_first': False, 'cmake_force_configure': False, 'cmake_target': None, 'cmake_target_skip_unavailable': False, 'install_base': '/home/unitree/106a_final/install/aruco_node', 'merge_install': False, 'path': '/home/unitree/106a_final/src/aruco_node', 'symlink_install': False, 'test_result_base': None}[0m
[7.955s] [34mcolcon.colcon_core.verb[0m [1;30mLevel 5[0m set package 'base_driver' build argument 'cmake_args' from command line to 'None'
[7.955s] [34mcolcon.colcon_core.verb[0m [1;30mLevel 5[0m set package 'base_driver' build argument 'cmake_target' from command line to 'None'
[7.955s] [34mcolcon.colcon_core.verb[0m [1;30mLevel 5[0m set package 'base_driver' build argument 'cmake_target_skip_unavailable' from command line to 'False'
[7.955s] [34mcolcon.colcon_core.verb[0m [1;30mLevel 5[0m set package 'base_driver' build argument 'cmake_clean_cache' from command line to 'False'
[7.955s] [34mcolcon.colcon_core.verb[0m [1;30mLevel 5[0m set package 'base_driver' build argument 'cmake_clean_first' from command line to 'False'
[7.955s] [34mcolcon.colcon_core.verb[0m [1;30mLevel 5[0m set package 'base_driver' build argument 'cmake_force_configure' from command line to 'False'
[7.955s] [34mcolcon.colcon_core.verb[0m [1;30mLevel 5[0m set package 'base_driver' build argument 'ament_cmake_args' from command line to 'None'
[7.955s] [34mcolcon.colcon_core.verb[0m [1;30mLevel 5[0m set package 'base_driver' build argument 'catkin_cmake_args' from command line to 'None'
[7.955s] [34mcolcon.colcon_core.verb[0m [1;30mLevel 5[0m set package 'base_driver' build argument 'catkin_skip_building_tests' from command line to 'False'
[7.955s] [34mcolcon.colcon_core.verb[0m [1;30mDEBUG[0m [32mBuilding package 'base_driver' with the following arguments: {'ament_cmake_args': None, 'build_base': '/home/unitree/106a_final/build/base_driver', 'catkin_cmake_args': None, 'catkin_skip_building_tests': False, 'cmake_args': None, 'cmake_clean_cache': False, 'cmake_clean_first': False, 'cmake_force_configure': False, 'cmake_target': None, 'cmake_target_skip_unavailable': False, 'install_base': '/home/unitree/106a_final/install/base_driver', 'merge_install': False, 'path': '/home/unitree/106a_final/src/base_driver', 'symlink_install': False, 'test_result_base': None}[0m
[8.052s] [34mcolcon.colcon_core.verb[0m [1;30mLevel 5[0m set package 'navigation_node' build argument 'cmake_args' from command line to 'None'
[8.052s] [34mcolcon.colcon_core.verb[0m [1;30mLevel 5[0m set package 'navigation_node' build argument 'cmake_target' from command line to 'None'
[8.052s] [34mcolcon.colcon_core.verb[0m [1;30mLevel 5[0m set package 'navigation_node' build argument 'cmake_target_skip_unavailable' from command line to 'False'
[8.053s] [34mcolcon.colcon_core.verb[0m [1;30mLevel 5[0m set package 'navigation_node' build argument 'cmake_clean_cache' from command line to 'False'
[8.053s] [34mcolcon.colcon_core.verb[0m [1;30mLevel 5[0m set package 'navigation_node' build argument 'cmake_clean_first' from command line to 'False'
[8.053s] [34mcolcon.colcon_core.verb[0m [1;30mLevel 5[0m set package 'navigation_node' build argument 'cmake_force_configure' from command line to 'False'
[8.053s] [34mcolcon.colcon_core.verb[0m [1;30mLevel 5[0m set package 'navigation_node' build argument 'ament_cmake_args' from command line to 'None'
[8.053s] [34mcolcon.colcon_core.verb[0m [1;30mLevel 5[0m set package 'navigation_node' build argument 'catkin_cmake_args' from command line to 'None'
[8.053s] [34mcolcon.colcon_core.verb[0m [1;30mLevel 5[0m set package 'navigation_node' build argument 'catkin_skip_building_tests' from command line to 'False'
[8.053s] [34mcolcon.colcon_core.verb[0m [1;30mDEBUG[0m [32mBuilding package 'navigation_node' with the following arguments: {'ament_cmake_args': None, 'build_base': '/home/unitree/106a_final/build/navigation_node', 'catkin_cmake_args': None, 'catkin_skip_building_tests': False, 'cmake_args': None, 'cmake_clean_cache': False, 'cmake_clean_first': False, 'cmake_force_configure': False, 'cmake_target': None, 'cmake_target_skip_unavailable': False, 'install_base': '/home/unitree/106a_final/install/navigation_node', 'merge_install': False, 'path': '/home/unitree/106a_final/src/navigation_node', 'symlink_install': False, 'test_result_base': None}[0m
[8.193s] [34mcolcon.colcon_core.verb[0m [1;30mLevel 5[0m set package 'navigation_node_three' build argument 'cmake_args' from command line to 'None'
[8.193s] [34mcolcon.colcon_core.verb[0m [1;30mLevel 5[0m set package 'navigation_node_three' build argument 'cmake_target' from command line to 'None'
[8.193s] [34mcolcon.colcon_core.verb[0m [1;30mLevel 5[0m set package 'navigation_node_three' build argument 'cmake_target_skip_unavailable' from command line to 'False'
[8.193s] [34mcolcon.colcon_core.verb[0m [1;30mLevel 5[0m set package 'navigation_node_three' build argument 'cmake_clean_cache' from command line to 'False'
[8.193s] [34mcolcon.colcon_core.verb[0m [1;30mLevel 5[0m set package 'navigation_node_three' build argument 'cmake_clean_first' from command line to 'False'
[8.193s] [34mcolcon.colcon_core.verb[0m [1;30mLevel 5[0m set package 'navigation_node_three' build argument 'cmake_force_configure' from command line to 'False'
[8.193s] [34mcolcon.colcon_core.verb[0m [1;30mLevel 5[0m set package 'navigation_node_three' build argument 'ament_cmake_args' from command line to 'None'
[8.193s] [34mcolcon.colcon_core.verb[0m [1;30mLevel 5[0m set package 'navigation_node_three' build argument 'catkin_cmake_args' from command line to 'None'
[8.194s] [34mcolcon.colcon_core.verb[0m [1;30mLevel 5[0m set package 'navigation_node_three' build argument 'catkin_skip_building_tests' from command line to 'False'
[8.194s] [34mcolcon.colcon_core.verb[0m [1;30mDEBUG[0m [32mBuilding package 'navigation_node_three' with the following arguments: {'ament_cmake_args': None, 'build_base': '/home/unitree/106a_final/build/navigation_node_three', 'catkin_cmake_args': None, 'catkin_skip_building_tests': False, 'cmake_args': None, 'cmake_clean_cache': False, 'cmake_clean_first': False, 'cmake_force_configure': False, 'cmake_target': None, 'cmake_target_skip_unavailable': False, 'install_base': '/home/unitree/106a_final/install/navigation_node_three', 'merge_install': False, 'path': '/home/unitree/106a_final/src/navigation_node_three', 'symlink_install': False, 'test_result_base': None}[0m
[8.290s] [34mcolcon.colcon_core.verb[0m [1;30mLevel 5[0m set package 'navigation_node_two' build argument 'cmake_args' from command line to 'None'
[8.290s] [34mcolcon.colcon_core.verb[0m [1;30mLevel 5[0m set package 'navigation_node_two' build argument 'cmake_target' from command line to 'None'
[8.290s] [34mcolcon.colcon_core.verb[0m [1;30mLevel 5[0m set package 'navigation_node_two' build argument 'cmake_target_skip_unavailable' from command line to 'False'
[8.290s] [34mcolcon.colcon_core.verb[0m [1;30mLevel 5[0m set package 'navigation_node_two' build argument 'cmake_clean_cache' from command line to 'False'
[8.290s] [34mcolcon.colcon_core.verb[0m [1;30mLevel 5[0m set package 'navigation_node_two' build argument 'cmake_clean_first' from command line to 'False'
[8.290s] [34mcolcon.colcon_core.verb[0m [1;30mLevel 5[0m set package 'navigation_node_two' build argument 'cmake_force_configure' from command line to 'False'
[8.291s] [34mcolcon.colcon_core.verb[0m [1;30mLevel 5[0m set package 'navigation_node_two' build argument 'ament_cmake_args' from command line to 'None'
[8.291s] [34mcolcon.colcon_core.verb[0m [1;30mLevel 5[0m set package 'navigation_node_two' build argument 'catkin_cmake_args' from command line to 'None'
[8.291s] [34mcolcon.colcon_core.verb[0m [1;30mLevel 5[0m set package 'navigation_node_two' build argument 'catkin_skip_building_tests' from command line to 'False'
[8.291s] [34mcolcon.colcon_core.verb[0m [1;30mDEBUG[0m [32mBuilding package 'navigation_node_two' with the following arguments: {'ament_cmake_args': None, 'build_base': '/home/unitree/106a_final/build/navigation_node_two', 'catkin_cmake_args': None, 'catkin_skip_building_tests': False, 'cmake_args': None, 'cmake_clean_cache': False, 'cmake_clean_first': False, 'cmake_force_configure': False, 'cmake_target': None, 'cmake_target_skip_unavailable': False, 'install_base': '/home/unitree/106a_final/install/navigation_node_two', 'merge_install': False, 'path': '/home/unitree/106a_final/src/navigation_node_two', 'symlink_install': False, 'test_result_base': None}[0m
[8.389s] [34mcolcon.colcon_core.verb[0m [1;30mLevel 5[0m set package 'navigation_return_node' build argument 'cmake_args' from command line to 'None'
[8.389s] [34mcolcon.colcon_core.verb[0m [1;30mLevel 5[0m set package 'navigation_return_node' build argument 'cmake_target' from command line to 'None'
[8.389s] [34mcolcon.colcon_core.verb[0m [1;30mLevel 5[0m set package 'navigation_return_node' build argument 'cmake_target_skip_unavailable' from command line to 'False'
[8.389s] [34mcolcon.colcon_core.verb[0m [1;30mLevel 5[0m set package 'navigation_return_node' build argument 'cmake_clean_cache' from command line to 'False'
[8.389s] [34mcolcon.colcon_core.verb[0m [1;30mLevel 5[0m set package 'navigation_return_node' build argument 'cmake_clean_first' from command line to 'False'
[8.389s] [34mcolcon.colcon_core.verb[0m [1;30mLevel 5[0m set package 'navigation_return_node' build argument 'cmake_force_configure' from command line to 'False'
[8.389s] [34mcolcon.colcon_core.verb[0m [1;30mLevel 5[0m set package 'navigation_return_node' build argument 'ament_cmake_args' from command line to 'None'
[8.389s] [34mcolcon.colcon_core.verb[0m [1;30mLevel 5[0m set package 'navigation_return_node' build argument 'catkin_cmake_args' from command line to 'None'
[8.389s] [34mcolcon.colcon_core.verb[0m [1;30mLevel 5[0m set package 'navigation_return_node' build argument 'catkin_skip_building_tests' from command line to 'False'
[8.390s] [34mcolcon.colcon_core.verb[0m [1;30mDEBUG[0m [32mBuilding package 'navigation_return_node' with the following arguments: {'ament_cmake_args': None, 'build_base': '/home/unitree/106a_final/build/navigation_return_node', 'catkin_cmake_args': None, 'catkin_skip_building_tests': False, 'cmake_args': None, 'cmake_clean_cache': False, 'cmake_clean_first': False, 'cmake_force_configure': False, 'cmake_target': None, 'cmake_target_skip_unavailable': False, 'install_base': '/home/unitree/106a_final/install/navigation_return_node', 'merge_install': False, 'path': '/home/unitree/106a_final/src/navigation_return_node', 'symlink_install': False, 'test_result_base': None}[0m
[8.490s] [34mcolcon.colcon_core.verb[0m [1;30mLevel 5[0m set package 'vision_node' build argument 'cmake_args' from command line to 'None'
[8.490s] [34mcolcon.colcon_core.verb[0m [1;30mLevel 5[0m set package 'vision_node' build argument 'cmake_target' from command line to 'None'
[8.490s] [34mcolcon.colcon_core.verb[0m [1;30mLevel 5[0m set package 'vision_node' build argument 'cmake_target_skip_unavailable' from command line to 'False'
[8.490s] [34mcolcon.colcon_core.verb[0m [1;30mLevel 5[0m set package 'vision_node' build argument 'cmake_clean_cache' from command line to 'False'
[8.491s] [34mcolcon.colcon_core.verb[0m [1;30mLevel 5[0m set package 'vision_node' build argument 'cmake_clean_first' from command line to 'False'
[8.491s] [34mcolcon.colcon_core.verb[0m [1;30mLevel 5[0m set package 'vision_node' build argument 'cmake_force_configure' from command line to 'False'
[8.491s] [34mcolcon.colcon_core.verb[0m [1;30mLevel 5[0m set package 'vision_node' build argument 'ament_cmake_args' from command line to 'None'
[8.491s] [34mcolcon.colcon_core.verb[0m [1;30mLevel 5[0m set package 'vision_node' build argument 'catkin_cmake_args' from command line to 'None'
[8.491s] [34mcolcon.colcon_core.verb[0m [1;30mLevel 5[0m set package 'vision_node' build argument 'catkin_skip_building_tests' from command line to 'False'
[8.491s] [34mcolcon.colcon_core.verb[0m [1;30mDEBUG[0m [32mBuilding package 'vision_node' with the following arguments: {'ament_cmake_args': None, 'build_base': '/home/unitree/106a_final/build/vision_node', 'catkin_cmake_args': None, 'catkin_skip_building_tests': False, 'cmake_args': None, 'cmake_clean_cache': False, 'cmake_clean_first': False, 'cmake_force_configure': False, 'cmake_target': None, 'cmake_target_skip_unavailable': False, 'install_base': '/home/unitree/106a_final/install/vision_node', 'merge_install': False, 'path': '/home/unitree/106a_final/src/vision_node', 'symlink_install': False, 'test_result_base': None}[0m
[8.586s] [34mcolcon.colcon_core.verb[0m [1;30mLevel 5[0m set package 'go2_bringup' build argument 'cmake_args' from command line to 'None'
[8.587s] [34mcolcon.colcon_core.verb[0m [1;30mLevel 5[0m set package 'go2_bringup' build argument 'cmake_target' from command line to 'None'
[8.587s] [34mcolcon.colcon_core.verb[0m [1;30mLevel 5[0m set package 'go2_bringup' build argument 'cmake_target_skip_unavailable' from command line to 'False'
[8.587s] [34mcolcon.colcon_core.verb[0m [1;30mLevel 5[0m set package 'go2_bringup' build argument 'cmake_clean_cache' from command line to 'False'
[8.587s] [34mcolcon.colcon_core.verb[0m [1;30mLevel 5[0m set package 'go2_bringup' build argument 'cmake_clean_first' from command line to 'False'
[8.587s] [34mcolcon.colcon_core.verb[0m [1;30mLevel 5[0m set package 'go2_bringup' build argument 'cmake_force_configure' from command line to 'False'
[8.587s] [34mcolcon.colcon_core.verb[0m [1;30mLevel 5[0m set package 'go2_bringup' build argument 'ament_cmake_args' from command line to 'None'
[8.587s] [34mcolcon.colcon_core.verb[0m [1;30mLevel 5[0m set package 'go2_bringup' build argument 'catkin_cmake_args' from command line to 'None'
[8.587s] [34mcolcon.colcon_core.verb[0m [1;30mLevel 5[0m set package 'go2_bringup' build argument 'catkin_skip_building_tests' from command line to 'False'
[8.587s] [34mcolcon.colcon_core.verb[0m [1;30mDEBUG[0m [32mBuilding package 'go2_bringup' with the following arguments: {'ament_cmake_args': None, 'build_base': '/home/unitree/106a_final/build/go2_bringup', 'catkin_cmake_args': None, 'catkin_skip_building_tests': False, 'cmake_args': None, 'cmake_clean_cache': False, 'cmake_clean_first': False, 'cmake_force_configure': False, 'cmake_target': None, 'cmake_target_skip_unavailable': False, 'install_base': '/home/unitree/106a_final/install/go2_bringup', 'merge_install': False, 'path': '/home/unitree/106a_final/src/go2_bringup', 'symlink_install': False, 'test_result_base': None}[0m
[8.685s] [34mcolcon.colcon_core.executor[0m [1;30mINFO[0m Executing jobs using 'parallel' executor
[8.783s] [34mcolcon.colcon_parallel_executor.executor.parallel[0m [1;30mDEBUG[0m [32mrun_until_complete[0m
[8.784s] [34mcolcon.colcon_ros.task.ament_python.build[0m [1;30mINFO[0m Building ROS package in '/home/unitree/106a_final/src/arm_control' with build type 'ament_python'
[8.785s] [34mcolcon.colcon_core.shell[0m [1;30mLevel 1[0m create_environment_hook('arm_control', 'ament_prefix_path')
[8.903s] [34mcolcon.colcon_core.plugin_system[0m [1;30mINFO[0m Skipping extension 'colcon_core.shell.bat': Not used on non-Windows systems
[8.903s] [34mcolcon.colcon_core.shell[0m [1;30mINFO[0m Creating environment hook '/home/unitree/106a_final/install/arm_control/share/arm_control/hook/ament_prefix_path.ps1'
[8.908s] [34mcolcon.colcon_core.shell[0m [1;30mINFO[0m Creating environment descriptor '/home/unitree/106a_final/install/arm_control/share/arm_control/hook/ament_prefix_path.dsv'
[8.910s] [34mcolcon.colcon_core.shell[0m [1;30mINFO[0m Creating environment hook '/home/unitree/106a_final/install/arm_control/share/arm_control/hook/ament_prefix_path.sh'
[9.013s] [34mcolcon.colcon_core.shell[0m [1;30mINFO[0m Skip shell extension 'powershell' for command environment: Not usable outside of PowerShell
[9.013s] [34mcolcon.colcon_core.shell[0m [1;30mDEBUG[0m [32mSkip shell extension 'dsv' for command environment[0m
[9.419s] [34mcolcon.colcon_ros.task.ament_cmake.build[0m [1;30mINFO[0m Building ROS package in '/home/unitree/106a_final/src/arm_driver' with build type 'ament_cmake'
[9.421s] [34mcolcon.colcon_cmake.task.cmake.build[0m [1;30mINFO[0m Building CMake package in '/home/unitree/106a_final/src/arm_driver'
[9.526s] [34mcolcon.colcon_core.shell[0m [1;30mINFO[0m Skip shell extension 'powershell' for command environment: Not usable outside of PowerShell
[9.527s] [34mcolcon.colcon_core.shell[0m [1;30mDEBUG[0m [32mSkip shell extension 'dsv' for command environment[0m
[9.937s] [34mcolcon.colcon_ros.task.ament_python.build[0m [1;30mINFO[0m Building ROS package in '/home/unitree/106a_final/src/aruco_node' with build type 'ament_python'
[9.938s] [34mcolcon.colcon_core.shell[0m [1;30mLevel 1[0m create_environment_hook('aruco_node', 'ament_prefix_path')
[10.042s] [34mcolcon.colcon_core.shell[0m [1;30mINFO[0m Creating environment hook '/home/unitree/106a_final/install/aruco_node/share/aruco_node/hook/ament_prefix_path.ps1'
[10.043s] [34mcolcon.colcon_core.shell[0m [1;30mINFO[0m Creating environment descriptor '/home/unitree/106a_final/install/aruco_node/share/aruco_node/hook/ament_prefix_path.dsv'
[10.044s] [34mcolcon.colcon_core.shell[0m [1;30mINFO[0m Creating environment hook '/home/unitree/106a_final/install/aruco_node/share/aruco_node/hook/ament_prefix_path.sh'
[10.145s] [34mcolcon.colcon_core.shell[0m [1;30mINFO[0m Skip shell extension 'powershell' for command environment: Not usable outside of PowerShell
[10.146s] [34mcolcon.colcon_core.shell[0m [1;30mDEBUG[0m [32mSkip shell extension 'dsv' for command environment[0m
[10.561s] [34mcolcon.colcon_ros.task.ament_cmake.build[0m [1;30mINFO[0m Building ROS package in '/home/unitree/106a_final/src/base_driver' with build type 'ament_cmake'
[10.562s] [34mcolcon.colcon_cmake.task.cmake.build[0m [1;30mINFO[0m Building CMake package in '/home/unitree/106a_final/src/base_driver'
[10.661s] [34mcolcon.colcon_core.shell[0m [1;30mINFO[0m Skip shell extension 'powershell' for command environment: Not usable outside of PowerShell
[10.662s] [34mcolcon.colcon_core.shell[0m [1;30mDEBUG[0m [32mSkip shell extension 'dsv' for command environment[0m
[11.727s] [34mcolcon.colcon_core.task.python.build[0m [1;30mINFO[0m Building Python package in '/home/unitree/106a_final/src/arm_control'
[11.831s] [34mcolcon.colcon_core.shell[0m [1;30mINFO[0m Skip shell extension 'powershell' for command environment: Not usable outside of PowerShell
[11.832s] [34mcolcon.colcon_core.shell[0m [1;30mDEBUG[0m [32mSkip shell extension 'dsv' for command environment[0m
[12.254s] [34mcolcon.colcon_core.event_handler.log_command[0m [1;30mDEBUG[0m [32mInvoking command in '/home/unitree/106a_final/build/arm_driver': CMAKE_PREFIX_PATH=${CMAKE_PREFIX_PATH}:/home/unitree/106a_final/install/go2_bringup:/home/unitree/106a_final/install/vision_node:/home/unitree/106a_final/install/navigation_return_node:/home/unitree/106a_final/install/navigation_node_two:/home/unitree/106a_final/install/navigation_node_three:/home/unitree/106a_final/install/navigation_node:/home/unitree/106a_final/install/navigatigation_node_three:/home/unitree/106a_final/install/aruco_node:/home/unitree/106a_final/install/arm_control:/opt/ros/foxy /usr/bin/cmake --build /home/unitree/106a_final/build/arm_driver -- -j4 -l4[0m
[12.867s] [34mcolcon.colcon_core.task.python.build[0m [1;30mINFO[0m Building Python package in '/home/unitree/106a_final/src/aruco_node'
[12.965s] [34mcolcon.colcon_core.shell[0m [1;30mINFO[0m Skip shell extension 'powershell' for command environment: Not usable outside of PowerShell
[12.965s] [34mcolcon.colcon_core.shell[0m [1;30mDEBUG[0m [32mSkip shell extension 'dsv' for command environment[0m
[13.380s] [34mcolcon.colcon_core.event_handler.log_command[0m [1;30mDEBUG[0m [32mInvoking command in '/home/unitree/106a_final/build/base_driver': CMAKE_PREFIX_PATH=${CMAKE_PREFIX_PATH}:/home/unitree/106a_final/install/go2_bringup:/home/unitree/106a_final/install/vision_node:/home/unitree/106a_final/install/navigation_return_node:/home/unitree/106a_final/install/navigation_node_two:/home/unitree/106a_final/install/navigation_node_three:/home/unitree/106a_final/install/navigation_node:/home/unitree/106a_final/install/navigatigation_node_three:/home/unitree/106a_final/install/aruco_node:/home/unitree/106a_final/install/arm_control:/opt/ros/foxy /usr/bin/cmake --build /home/unitree/106a_final/build/base_driver -- -j4 -l4[0m
[13.410s] [34mcolcon.colcon_core.event_handler.log_command[0m [1;30mDEBUG[0m [32mInvoked command in '/home/unitree/106a_final/build/arm_driver' returned '0': CMAKE_PREFIX_PATH=${CMAKE_PREFIX_PATH}:/home/unitree/106a_final/install/go2_bringup:/home/unitree/106a_final/install/vision_node:/home/unitree/106a_final/install/navigation_return_node:/home/unitree/106a_final/install/navigation_node_two:/home/unitree/106a_final/install/navigation_node_three:/home/unitree/106a_final/install/navigation_node:/home/unitree/106a_final/install/navigatigation_node_three:/home/unitree/106a_final/install/aruco_node:/home/unitree/106a_final/install/arm_control:/opt/ros/foxy /usr/bin/cmake --build /home/unitree/106a_final/build/arm_driver -- -j4 -l4[0m
[13.453s] [34mcolcon.colcon_core.event_handler.log_command[0m [1;30mDEBUG[0m [32mInvoking command in '/home/unitree/106a_final/build/arm_driver': CMAKE_PREFIX_PATH=${CMAKE_PREFIX_PATH}:/home/unitree/106a_final/install/go2_bringup:/home/unitree/106a_final/install/vision_node:/home/unitree/106a_final/install/navigation_return_node:/home/unitree/106a_final/install/navigation_node_two:/home/unitree/106a_final/install/navigation_node_three:/home/unitree/106a_final/install/navigation_node:/home/unitree/106a_final/install/navigatigation_node_three:/home/unitree/106a_final/install/aruco_node:/home/unitree/106a_final/install/arm_control:/opt/ros/foxy /usr/bin/cmake --install /home/unitree/106a_final/build/arm_driver[0m
[13.526s] [34mcolcon.colcon_core.environment[0m [1;30mLevel 1[0m create_environment_scripts_only(arm_driver)
[13.533s] [34mcolcon.colcon_core.event_handler.log_command[0m [1;30mDEBUG[0m [32mInvoked command in '/home/unitree/106a_final/build/arm_driver' returned '0': CMAKE_PREFIX_PATH=${CMAKE_PREFIX_PATH}:/home/unitree/106a_final/install/go2_bringup:/home/unitree/106a_final/install/vision_node:/home/unitree/106a_final/install/navigation_return_node:/home/unitree/106a_final/install/navigation_node_two:/home/unitree/106a_final/install/navigation_node_three:/home/unitree/106a_final/install/navigation_node:/home/unitree/106a_final/install/navigatigation_node_three:/home/unitree/106a_final/install/aruco_node:/home/unitree/106a_final/install/arm_control:/opt/ros/foxy /usr/bin/cmake --install /home/unitree/106a_final/build/arm_driver[0m
[13.734s] [34mcolcon.colcon_core.environment[0m [1;30mLevel 1[0m checking '/home/unitree/106a_final/install/arm_driver' for CMake module files
[13.736s] [34mcolcon.colcon_core.environment[0m [1;30mLevel 1[0m checking '/home/unitree/106a_final/install/arm_driver' for CMake config files
[13.737s] [34mcolcon.colcon_core.shell[0m [1;30mLevel 1[0m create_environment_hook('arm_driver', 'cmake_prefix_path')
[13.844s] [34mcolcon.colcon_core.shell[0m [1;30mINFO[0m Creating environment hook '/home/unitree/106a_final/install/arm_driver/share/arm_driver/hook/cmake_prefix_path.ps1'
[13.845s] [34mcolcon.colcon_core.shell[0m [1;30mINFO[0m Creating environment descriptor '/home/unitree/106a_final/install/arm_driver/share/arm_driver/hook/cmake_prefix_path.dsv'
[13.846s] [34mcolcon.colcon_core.shell[0m [1;30mINFO[0m Creating environment hook '/home/unitree/106a_final/install/arm_driver/share/arm_driver/hook/cmake_prefix_path.sh'
[13.848s] [34mcolcon.colcon_core.environment[0m [1;30mLevel 1[0m checking '/home/unitree/106a_final/install/arm_driver/lib'
[13.848s] [34mcolcon.colcon_core.environment[0m [1;30mLevel 1[0m checking '/home/unitree/106a_final/install/arm_driver/bin'
[13.849s] [34mcolcon.colcon_core.environment[0m [1;30mLevel 1[0m checking '/home/unitree/106a_final/install/arm_driver/lib/pkgconfig/arm_driver.pc'
[13.849s] [34mcolcon.colcon_core.environment[0m [1;30mLevel 1[0m checking '/home/unitree/106a_final/install/arm_driver/lib/python3.8/site-packages'
[13.850s] [34mcolcon.colcon_core.environment[0m [1;30mLevel 1[0m checking '/home/unitree/106a_final/install/arm_driver/bin'
[13.954s] [34mcolcon.colcon_core.shell[0m [1;30mINFO[0m Creating package script '/home/unitree/106a_final/install/arm_driver/share/arm_driver/package.ps1'
[13.956s] [34mcolcon.colcon_core.shell[0m [1;30mINFO[0m Creating package descriptor '/home/unitree/106a_final/install/arm_driver/share/arm_driver/package.dsv'
[13.958s] [34mcolcon.colcon_core.shell[0m [1;30mINFO[0m Creating package script '/home/unitree/106a_final/install/arm_driver/share/arm_driver/package.sh'
[13.960s] [34mcolcon.colcon_core.shell[0m [1;30mINFO[0m Creating package script '/home/unitree/106a_final/install/arm_driver/share/arm_driver/package.bash'
[13.962s] [34mcolcon.colcon_core.shell[0m [1;30mINFO[0m Creating package script '/home/unitree/106a_final/install/arm_driver/share/arm_driver/package.zsh'
[13.963s] [34mcolcon.colcon_core.environment[0m [1;30mLevel 1[0m create_file_with_runtime_dependencies(/home/unitree/106a_final/install/arm_driver/share/colcon-core/packages/arm_driver)
[14.067s] [34mcolcon.colcon_core.environment[0m [1;30mLevel 1[0m create_environment_scripts_only(arm_driver)
[14.168s] [34mcolcon.colcon_core.environment[0m [1;30mLevel 1[0m checking '/home/unitree/106a_final/install/arm_driver' for CMake module files
[14.170s] [34mcolcon.colcon_core.environment[0m [1;30mLevel 1[0m checking '/home/unitree/106a_final/install/arm_driver' for CMake config files
[14.170s] [34mcolcon.colcon_core.shell[0m [1;30mLevel 1[0m create_environment_hook('arm_driver', 'cmake_prefix_path')
[14.273s] [34mcolcon.colcon_core.shell[0m [1;30mINFO[0m Creating environment hook '/home/unitree/106a_final/install/arm_driver/share/arm_driver/hook/cmake_prefix_path.ps1'
[14.274s] [34mcolcon.colcon_core.shell[0m [1;30mINFO[0m Creating environment descriptor '/home/unitree/106a_final/install/arm_driver/share/arm_driver/hook/cmake_prefix_path.dsv'
[14.276s] [34mcolcon.colcon_core.shell[0m [1;30mINFO[0m Creating environment hook '/home/unitree/106a_final/install/arm_driver/share/arm_driver/hook/cmake_prefix_path.sh'
[14.277s] [34mcolcon.colcon_core.environment[0m [1;30mLevel 1[0m checking '/home/unitree/106a_final/install/arm_driver/lib'
[14.277s] [34mcolcon.colcon_core.environment[0m [1;30mLevel 1[0m checking '/home/unitree/106a_final/install/arm_driver/bin'
[14.277s] [34mcolcon.colcon_core.environment[0m [1;30mLevel 1[0m checking '/home/unitree/106a_final/install/arm_driver/lib/pkgconfig/arm_driver.pc'
[14.278s] [34mcolcon.colcon_core.environment[0m [1;30mLevel 1[0m checking '/home/unitree/106a_final/install/arm_driver/lib/python3.8/site-packages'
[14.278s] [34mcolcon.colcon_core.environment[0m [1;30mLevel 1[0m checking '/home/unitree/106a_final/install/arm_driver/bin'
[14.384s] [34mcolcon.colcon_core.shell[0m [1;30mINFO[0m Creating package script '/home/unitree/106a_final/install/arm_driver/share/arm_driver/package.ps1'
[14.386s] [34mcolcon.colcon_core.shell[0m [1;30mINFO[0m Creating package descriptor '/home/unitree/106a_final/install/arm_driver/share/arm_driver/package.dsv'
[14.387s] [34mcolcon.colcon_core.shell[0m [1;30mINFO[0m Creating package script '/home/unitree/106a_final/install/arm_driver/share/arm_driver/package.sh'
[14.388s] [34mcolcon.colcon_core.shell[0m [1;30mINFO[0m Creating package script '/home/unitree/106a_final/install/arm_driver/share/arm_driver/package.bash'
[14.389s] [34mcolcon.colcon_core.shell[0m [1;30mINFO[0m Creating package script '/home/unitree/106a_final/install/arm_driver/share/arm_driver/package.zsh'
[14.390s] [34mcolcon.colcon_core.environment[0m [1;30mLevel 1[0m create_file_with_runtime_dependencies(/home/unitree/106a_final/install/arm_driver/share/colcon-core/packages/arm_driver)
[14.396s] [34mcolcon.colcon_ros.task.ament_python.build[0m [1;30mINFO[0m Building ROS package in '/home/unitree/106a_final/src/navigation_node_three' with build type 'ament_python'
[14.397s] [34mcolcon.colcon_core.shell[0m [1;30mLevel 1[0m create_environment_hook('navigation_node_three', 'ament_prefix_path')
[14.513s] [34mcolcon.colcon_core.shell[0m [1;30mINFO[0m Creating environment hook '/home/unitree/106a_final/install/navigation_node_three/share/navigation_node_three/hook/ament_prefix_path.ps1'
[14.515s] [34mcolcon.colcon_core.shell[0m [1;30mINFO[0m Creating environment descriptor '/home/unitree/106a_final/install/navigation_node_three/share/navigation_node_three/hook/ament_prefix_path.dsv'
[14.516s] [34mcolcon.colcon_core.shell[0m [1;30mINFO[0m Creating environment hook '/home/unitree/106a_final/install/navigation_node_three/share/navigation_node_three/hook/ament_prefix_path.sh'
[14.800s] [34mcolcon.colcon_core.shell[0m [1;30mINFO[0m Skip shell extension 'powershell' for command environment: Not usable outside of PowerShell
[14.800s] [34mcolcon.colcon_core.shell[0m [1;30mDEBUG[0m [32mSkip shell extension 'dsv' for command environment[0m
[15.346s] [34mcolcon.colcon_core.event_handler.log_command[0m [1;30mDEBUG[0m [32mInvoked command in '/home/unitree/106a_final/build/base_driver' returned '0': CMAKE_PREFIX_PATH=${CMAKE_PREFIX_PATH}:/home/unitree/106a_final/install/go2_bringup:/home/unitree/106a_final/install/vision_node:/home/unitree/106a_final/install/navigation_return_node:/home/unitree/106a_final/install/navigation_node_two:/home/unitree/106a_final/install/navigation_node_three:/home/unitree/106a_final/install/navigation_node:/home/unitree/106a_final/install/navigatigation_node_three:/home/unitree/106a_final/install/aruco_node:/home/unitree/106a_final/install/arm_control:/opt/ros/foxy /usr/bin/cmake --build /home/unitree/106a_final/build/base_driver -- -j4 -l4[0m
[15.353s] [34mcolcon.colcon_core.event_handler.log_command[0m [1;30mDEBUG[0m [32mInvoking command in '/home/unitree/106a_final/build/base_driver': CMAKE_PREFIX_PATH=${CMAKE_PREFIX_PATH}:/home/unitree/106a_final/install/go2_bringup:/home/unitree/106a_final/install/vision_node:/home/unitree/106a_final/install/navigation_return_node:/home/unitree/106a_final/install/navigation_node_two:/home/unitree/106a_final/install/navigation_node_three:/home/unitree/106a_final/install/navigation_node:/home/unitree/106a_final/install/navigatigation_node_three:/home/unitree/106a_final/install/aruco_node:/home/unitree/106a_final/install/arm_control:/opt/ros/foxy /usr/bin/cmake --install /home/unitree/106a_final/build/base_driver[0m
[15.382s] [34mcolcon.colcon_core.event_handler.log_command[0m [1;30mDEBUG[0m [32mInvoking command in '/home/unitree/106a_final/src/aruco_node': PYTHONPATH=/home/unitree/106a_final/build/aruco_node/prefix_override:/home/unitree/106a_final/install/aruco_node/lib/python3.8/site-packages:${PYTHONPATH} /usr/bin/python3 setup.py egg_info --egg-base ../../build/aruco_node build --build-base /home/unitree/106a_final/build/aruco_node/build install --record /home/unitree/106a_final/build/aruco_node/install.log --single-version-externally-managed[0m
[15.406s] [34mcolcon.colcon_core.event_handler.log_command[0m [1;30mDEBUG[0m [32mInvoking command in '/home/unitree/106a_final/src/arm_control': PYTHONPATH=/home/unitree/106a_final/build/arm_control/prefix_override:/home/unitree/106a_final/install/arm_control/lib/python3.8/site-packages:${PYTHONPATH} /usr/bin/python3 setup.py egg_info --egg-base ../../build/arm_control build --build-base /home/unitree/106a_final/build/arm_control/build install --record /home/unitree/106a_final/build/arm_control/install.log --install-scripts $base/lib/arm_control --single-version-externally-managed[0m
[16.247s] [34mcolcon.colcon_core.task.python.build[0m [1;30mINFO[0m Building Python package in '/home/unitree/106a_final/src/navigation_node_three'
[16.403s] [34mcolcon.colcon_core.shell[0m [1;30mINFO[0m Skip shell extension 'powershell' for command environment: Not usable outside of PowerShell
[16.403s] [34mcolcon.colcon_core.shell[0m [1;30mDEBUG[0m [32mSkip shell extension 'dsv' for command environment[0m
[16.837s] [34mcolcon.colcon_core.environment[0m [1;30mLevel 1[0m create_environment_scripts_only(base_driver)
[16.839s] [34mcolcon.colcon_core.event_handler.log_command[0m [1;30mDEBUG[0m [32mInvoked command in '/home/unitree/106a_final/build/base_driver' returned '0': CMAKE_PREFIX_PATH=${CMAKE_PREFIX_PATH}:/home/unitree/106a_final/install/go2_bringup:/home/unitree/106a_final/install/vision_node:/home/unitree/106a_final/install/navigation_return_node:/home/unitree/106a_final/install/navigation_node_two:/home/unitree/106a_final/install/navigation_node_three:/home/unitree/106a_final/install/navigation_node:/home/unitree/106a_final/install/navigatigation_node_three:/home/unitree/106a_final/install/aruco_node:/home/unitree/106a_final/install/arm_control:/opt/ros/foxy /usr/bin/cmake --install /home/unitree/106a_final/build/base_driver[0m
[16.939s] [34mcolcon.colcon_core.environment[0m [1;30mLevel 1[0m checking '/home/unitree/106a_final/install/base_driver' for CMake module files
[16.940s] [34mcolcon.colcon_core.environment[0m [1;30mLevel 1[0m checking '/home/unitree/106a_final/install/base_driver' for CMake config files
[16.941s] [34mcolcon.colcon_core.shell[0m [1;30mLevel 1[0m create_environment_hook('base_driver', 'cmake_prefix_path')
[17.036s] [34mcolcon.colcon_core.shell[0m [1;30mINFO[0m Creating environment hook '/home/unitree/106a_final/install/base_driver/share/base_driver/hook/cmake_prefix_path.ps1'
[17.038s] [34mcolcon.colcon_core.shell[0m [1;30mINFO[0m Creating environment descriptor '/home/unitree/106a_final/install/base_driver/share/base_driver/hook/cmake_prefix_path.dsv'
[17.039s] [34mcolcon.colcon_core.shell[0m [1;30mINFO[0m Creating environment hook '/home/unitree/106a_final/install/base_driver/share/base_driver/hook/cmake_prefix_path.sh'
[17.041s] [34mcolcon.colcon_core.environment[0m [1;30mLevel 1[0m checking '/home/unitree/106a_final/install/base_driver/lib'
[17.041s] [34mcolcon.colcon_core.environment[0m [1;30mLevel 1[0m checking '/home/unitree/106a_final/install/base_driver/bin'
[17.041s] [34mcolcon.colcon_core.environment[0m [1;30mLevel 1[0m checking '/home/unitree/106a_final/install/base_driver/lib/pkgconfig/base_driver.pc'
[17.042s] [34mcolcon.colcon_core.environment[0m [1;30mLevel 1[0m checking '/home/unitree/106a_final/install/base_driver/lib/python3.8/site-packages'
[17.042s] [34mcolcon.colcon_core.environment[0m [1;30mLevel 1[0m checking '/home/unitree/106a_final/install/base_driver/bin'
[17.137s] [34mcolcon.colcon_core.shell[0m [1;30mINFO[0m Creating package script '/home/unitree/106a_final/install/base_driver/share/base_driver/package.ps1'
[17.139s] [34mcolcon.colcon_core.shell[0m [1;30mINFO[0m Creating package descriptor '/home/unitree/106a_final/install/base_driver/share/base_driver/package.dsv'
[17.140s] [34mcolcon.colcon_core.shell[0m [1;30mINFO[0m Creating package script '/home/unitree/106a_final/install/base_driver/share/base_driver/package.sh'
[17.141s] [34mcolcon.colcon_core.shell[0m [1;30mINFO[0m Creating package script '/home/unitree/106a_final/install/base_driver/share/base_driver/package.bash'
[17.142s] [34mcolcon.colcon_core.shell[0m [1;30mINFO[0m Creating package script '/home/unitree/106a_final/install/base_driver/share/base_driver/package.zsh'
[17.143s] [34mcolcon.colcon_core.environment[0m [1;30mLevel 1[0m create_file_with_runtime_dependencies(/home/unitree/106a_final/install/base_driver/share/colcon-core/packages/base_driver)
[17.244s] [34mcolcon.colcon_core.environment[0m [1;30mLevel 1[0m create_environment_scripts_only(base_driver)
[17.343s] [34mcolcon.colcon_core.environment[0m [1;30mLevel 1[0m checking '/home/unitree/106a_final/install/base_driver' for CMake module files
[17.344s] [34mcolcon.colcon_core.environment[0m [1;30mLevel 1[0m checking '/home/unitree/106a_final/install/base_driver' for CMake config files
[17.345s] [34mcolcon.colcon_core.shell[0m [1;30mLevel 1[0m create_environment_hook('base_driver', 'cmake_prefix_path')
[17.441s] [34mcolcon.colcon_core.shell[0m [1;30mINFO[0m Creating environment hook '/home/unitree/106a_final/install/base_driver/share/base_driver/hook/cmake_prefix_path.ps1'
[17.443s] [34mcolcon.colcon_core.shell[0m [1;30mINFO[0m Creating environment descriptor '/home/unitree/106a_final/install/base_driver/share/base_driver/hook/cmake_prefix_path.dsv'
[17.443s] [34mcolcon.colcon_core.shell[0m [1;30mINFO[0m Creating environment hook '/home/unitree/106a_final/install/base_driver/share/base_driver/hook/cmake_prefix_path.sh'
[17.445s] [34mcolcon.colcon_core.environment[0m [1;30mLevel 1[0m checking '/home/unitree/106a_final/install/base_driver/lib'
[17.445s] [34mcolcon.colcon_core.environment[0m [1;30mLevel 1[0m checking '/home/unitree/106a_final/install/base_driver/bin'
[17.445s] [34mcolcon.colcon_core.environment[0m [1;30mLevel 1[0m checking '/home/unitree/106a_final/install/base_driver/lib/pkgconfig/base_driver.pc'
[17.445s] [34mcolcon.colcon_core.environment[0m [1;30mLevel 1[0m checking '/home/unitree/106a_final/install/base_driver/lib/python3.8/site-packages'
[17.446s] [34mcolcon.colcon_core.environment[0m [1;30mLevel 1[0m checking '/home/unitree/106a_final/install/base_driver/bin'
[17.544s] [34mcolcon.colcon_core.shell[0m [1;30mINFO[0m Creating package script '/home/unitree/106a_final/install/base_driver/share/base_driver/package.ps1'
[17.545s] [34mcolcon.colcon_core.shell[0m [1;30mINFO[0m Creating package descriptor '/home/unitree/106a_final/install/base_driver/share/base_driver/package.dsv'
[17.546s] [34mcolcon.colcon_core.shell[0m [1;30mINFO[0m Creating package script '/home/unitree/106a_final/install/base_driver/share/base_driver/package.sh'
[17.547s] [34mcolcon.colcon_core.shell[0m [1;30mINFO[0m Creating package script '/home/unitree/106a_final/install/base_driver/share/base_driver/package.bash'
[17.548s] [34mcolcon.colcon_core.shell[0m [1;30mINFO[0m Creating package script '/home/unitree/106a_final/install/base_driver/share/base_driver/package.zsh'
[17.549s] [34mcolcon.colcon_core.environment[0m [1;30mLevel 1[0m create_file_with_runtime_dependencies(/home/unitree/106a_final/install/base_driver/share/colcon-core/packages/base_driver)
[17.552s] [34mcolcon.colcon_ros.task.ament_python.build[0m [1;30mINFO[0m Building ROS package in '/home/unitree/106a_final/src/navigation_return_node' with build type 'ament_python'
[17.552s] [34mcolcon.colcon_core.shell[0m [1;30mLevel 1[0m create_environment_hook('navigation_return_node', 'ament_prefix_path')
[17.650s] [34mcolcon.colcon_core.shell[0m [1;30mINFO[0m Creating environment hook '/home/unitree/106a_final/install/navigation_return_node/share/navigation_return_node/hook/ament_prefix_path.ps1'
[17.651s] [34mcolcon.colcon_core.shell[0m [1;30mINFO[0m Creating environment descriptor '/home/unitree/106a_final/install/navigation_return_node/share/navigation_return_node/hook/ament_prefix_path.dsv'
[17.652s] [34mcolcon.colcon_core.shell[0m [1;30mINFO[0m Creating environment hook '/home/unitree/106a_final/install/navigation_return_node/share/navigation_return_node/hook/ament_prefix_path.sh'
[17.751s] [34mcolcon.colcon_core.shell[0m [1;30mINFO[0m Skip shell extension 'powershell' for command environment: Not usable outside of PowerShell
[17.751s] [34mcolcon.colcon_core.shell[0m [1;30mDEBUG[0m [32mSkip shell extension 'dsv' for command environment[0m
[18.165s] [34mcolcon.colcon_core.event_handler.log_command[0m [1;30mDEBUG[0m [32mInvoked command in '/home/unitree/106a_final/src/aruco_node' returned '0': PYTHONPATH=/home/unitree/106a_final/build/aruco_node/prefix_override:/home/unitree/106a_final/install/aruco_node/lib/python3.8/site-packages:${PYTHONPATH} /usr/bin/python3 setup.py egg_info --egg-base ../../build/aruco_node build --build-base /home/unitree/106a_final/build/aruco_node/build install --record /home/unitree/106a_final/build/aruco_node/install.log --single-version-externally-managed[0m
[18.258s] [34mcolcon.colcon_core.environment[0m [1;30mLevel 1[0m checking '/home/unitree/106a_final/install/aruco_node' for CMake module files
[18.259s] [34mcolcon.colcon_core.environment[0m [1;30mLevel 1[0m checking '/home/unitree/106a_final/install/aruco_node' for CMake config files
[18.261s] [34mcolcon.colcon_core.environment[0m [1;30mLevel 1[0m checking '/home/unitree/106a_final/install/aruco_node/lib'
[18.261s] [34mcolcon.colcon_core.environment[0m [1;30mLevel 1[0m checking '/home/unitree/106a_final/install/aruco_node/bin'
[18.261s] [34mcolcon.colcon_core.environment[0m [1;30mLevel 1[0m checking '/home/unitree/106a_final/install/aruco_node/lib/pkgconfig/aruco_node.pc'
[18.262s] [34mcolcon.colcon_core.environment[0m [1;30mLevel 1[0m checking '/home/unitree/106a_final/install/aruco_node/lib/python3.8/site-packages'
[18.262s] [34mcolcon.colcon_core.shell[0m [1;30mLevel 1[0m create_environment_hook('aruco_node', 'pythonpath')
[18.362s] [34mcolcon.colcon_core.shell[0m [1;30mINFO[0m Creating environment hook '/home/unitree/106a_final/install/aruco_node/share/aruco_node/hook/pythonpath.ps1'
[18.364s] [34mcolcon.colcon_core.shell[0m [1;30mINFO[0m Creating environment descriptor '/home/unitree/106a_final/install/aruco_node/share/aruco_node/hook/pythonpath.dsv'
[18.364s] [34mcolcon.colcon_core.shell[0m [1;30mINFO[0m Creating environment hook '/home/unitree/106a_final/install/aruco_node/share/aruco_node/hook/pythonpath.sh'
[18.365s] [34mcolcon.colcon_core.environment[0m [1;30mLevel 1[0m checking '/home/unitree/106a_final/install/aruco_node/bin'
[18.366s] [34mcolcon.colcon_core.environment[0m [1;30mLevel 1[0m create_environment_scripts_only(aruco_node)
[18.464s] [34mcolcon.colcon_core.shell[0m [1;30mINFO[0m Creating package script '/home/unitree/106a_final/install/aruco_node/share/aruco_node/package.ps1'
[18.466s] [34mcolcon.colcon_core.shell[0m [1;30mINFO[0m Creating package descriptor '/home/unitree/106a_final/install/aruco_node/share/aruco_node/package.dsv'
[18.467s] [34mcolcon.colcon_core.shell[0m [1;30mINFO[0m Creating package script '/home/unitree/106a_final/install/aruco_node/share/aruco_node/package.sh'
[18.468s] [34mcolcon.colcon_core.shell[0m [1;30mINFO[0m Creating package script '/home/unitree/106a_final/install/aruco_node/share/aruco_node/package.bash'
[18.469s] [34mcolcon.colcon_core.shell[0m [1;30mINFO[0m Creating package script '/home/unitree/106a_final/install/aruco_node/share/aruco_node/package.zsh'
[18.470s] [34mcolcon.colcon_core.environment[0m [1;30mLevel 1[0m create_file_with_runtime_dependencies(/home/unitree/106a_final/install/aruco_node/share/colcon-core/packages/aruco_node)
[18.474s] [34mcolcon.colcon_core.event_handler.log_command[0m [1;30mDEBUG[0m [32mInvoked command in '/home/unitree/106a_final/src/arm_control' returned '0': PYTHONPATH=/home/unitree/106a_final/build/arm_control/prefix_override:/home/unitree/106a_final/install/arm_control/lib/python3.8/site-packages:${PYTHONPATH} /usr/bin/python3 setup.py egg_info --egg-base ../../build/arm_control build --build-base /home/unitree/106a_final/build/arm_control/build install --record /home/unitree/106a_final/build/arm_control/install.log --install-scripts $base/lib/arm_control --single-version-externally-managed[0m
[18.619s] [34mcolcon.colcon_core.environment[0m [1;30mLevel 1[0m checking '/home/unitree/106a_final/install/arm_control' for CMake module files
[18.620s] [34mcolcon.colcon_core.environment[0m [1;30mLevel 1[0m checking '/home/unitree/106a_final/install/arm_control' for CMake config files
[18.621s] [34mcolcon.colcon_core.environment[0m [1;30mLevel 1[0m checking '/home/unitree/106a_final/install/arm_control/lib'
[18.621s] [34mcolcon.colcon_core.environment[0m [1;30mLevel 1[0m checking '/home/unitree/106a_final/install/arm_control/bin'
[18.622s] [34mcolcon.colcon_core.environment[0m [1;30mLevel 1[0m checking '/home/unitree/106a_final/install/arm_control/lib/pkgconfig/arm_control.pc'
[18.622s] [34mcolcon.colcon_core.environment[0m [1;30mLevel 1[0m checking '/home/unitree/106a_final/install/arm_control/lib/python3.8/site-packages'
[18.622s] [34mcolcon.colcon_core.shell[0m [1;30mLevel 1[0m create_environment_hook('arm_control', 'pythonpath')
[18.720s] [34mcolcon.colcon_core.shell[0m [1;30mINFO[0m Creating environment hook '/home/unitree/106a_final/install/arm_control/share/arm_control/hook/pythonpath.ps1'
[18.722s] [34mcolcon.colcon_core.shell[0m [1;30mINFO[0m Creating environment descriptor '/home/unitree/106a_final/install/arm_control/share/arm_control/hook/pythonpath.dsv'
[18.722s] [34mcolcon.colcon_core.shell[0m [1;30mINFO[0m Creating environment hook '/home/unitree/106a_final/install/arm_control/share/arm_control/hook/pythonpath.sh'
[18.724s] [34mcolcon.colcon_core.environment[0m [1;30mLevel 1[0m checking '/home/unitree/106a_final/install/arm_control/bin'
[18.724s] [34mcolcon.colcon_core.environment[0m [1;30mLevel 1[0m create_environment_scripts_only(arm_control)
[18.824s] [34mcolcon.colcon_core.shell[0m [1;30mINFO[0m Creating package script '/home/unitree/106a_final/install/arm_control/share/arm_control/package.ps1'
[18.828s] [34mcolcon.colcon_core.shell[0m [1;30mINFO[0m Creating package descriptor '/home/unitree/106a_final/install/arm_control/share/arm_control/package.dsv'
[18.829s] [34mcolcon.colcon_core.shell[0m [1;30mINFO[0m Creating package script '/home/unitree/106a_final/install/arm_control/share/arm_control/package.sh'
[18.830s] [34mcolcon.colcon_core.shell[0m [1;30mINFO[0m Creating package script '/home/unitree/106a_final/install/arm_control/share/arm_control/package.bash'
[18.831s] [34mcolcon.colcon_core.shell[0m [1;30mINFO[0m Creating package script '/home/unitree/106a_final/install/arm_control/share/arm_control/package.zsh'
[18.832s] [34mcolcon.colcon_core.environment[0m [1;30mLevel 1[0m create_file_with_runtime_dependencies(/home/unitree/106a_final/install/arm_control/share/colcon-core/packages/arm_control)
[18.835s] [34mcolcon.colcon_ros.task.ament_python.build[0m [1;30mINFO[0m Building ROS package in '/home/unitree/106a_final/src/vision_node' with build type 'ament_python'
[18.835s] [34mcolcon.colcon_core.shell[0m [1;30mLevel 1[0m create_environment_hook('vision_node', 'ament_prefix_path')
[18.943s] [34mcolcon.colcon_core.shell[0m [1;30mINFO[0m Creating environment hook '/home/unitree/106a_final/install/vision_node/share/vision_node/hook/ament_prefix_path.ps1'
[18.944s] [34mcolcon.colcon_core.shell[0m [1;30mINFO[0m Creating environment descriptor '/home/unitree/106a_final/install/vision_node/share/vision_node/hook/ament_prefix_path.dsv'
[18.945s] [34mcolcon.colcon_core.shell[0m [1;30mINFO[0m Creating environment hook '/home/unitree/106a_final/install/vision_node/share/vision_node/hook/ament_prefix_path.sh'
[19.043s] [34mcolcon.colcon_core.shell[0m [1;30mINFO[0m Skip shell extension 'powershell' for command environment: Not usable outside of PowerShell
[19.044s] [34mcolcon.colcon_core.shell[0m [1;30mDEBUG[0m [32mSkip shell extension 'dsv' for command environment[0m
[19.448s] [34mcolcon.colcon_ros.task.ament_python.build[0m [1;30mINFO[0m Building ROS package in '/home/unitree/106a_final/src/navigation_node' with build type 'ament_python'
[19.449s] [34mcolcon.colcon_core.shell[0m [1;30mLevel 1[0m create_environment_hook('navigation_node', 'ament_prefix_path')
[19.550s] [34mcolcon.colcon_core.shell[0m [1;30mINFO[0m Creating environment hook '/home/unitree/106a_final/install/navigation_node/share/navigation_node/hook/ament_prefix_path.ps1'
[19.551s] [34mcolcon.colcon_core.shell[0m [1;30mINFO[0m Creating environment descriptor '/home/unitree/106a_final/install/navigation_node/share/navigation_node/hook/ament_prefix_path.dsv'
[19.552s] [34mcolcon.colcon_core.shell[0m [1;30mINFO[0m Creating environment hook '/home/unitree/106a_final/install/navigation_node/share/navigation_node/hook/ament_prefix_path.sh'
[19.651s] [34mcolcon.colcon_core.shell[0m [1;30mINFO[0m Skip shell extension 'powershell' for command environment: Not usable outside of PowerShell
[19.651s] [34mcolcon.colcon_core.shell[0m [1;30mDEBUG[0m [32mSkip shell extension 'dsv' for command environment[0m
[20.805s] [34mcolcon.colcon_core.task.python.build[0m [1;30mINFO[0m Building Python package in '/home/unitree/106a_final/src/navigation_return_node'
[20.919s] [34mcolcon.colcon_core.shell[0m [1;30mINFO[0m Skip shell extension 'powershell' for command environment: Not usable outside of PowerShell
[20.920s] [34mcolcon.colcon_core.shell[0m [1;30mDEBUG[0m [32mSkip shell extension 'dsv' for command environment[0m
[21.979s] [34mcolcon.colcon_core.task.python.build[0m [1;30mINFO[0m Building Python package in '/home/unitree/106a_final/src/vision_node'
[22.085s] [34mcolcon.colcon_core.shell[0m [1;30mINFO[0m Skip shell extension 'powershell' for command environment: Not usable outside of PowerShell
[22.085s] [34mcolcon.colcon_core.shell[0m [1;30mDEBUG[0m [32mSkip shell extension 'dsv' for command environment[0m
[23.084s] [34mcolcon.colcon_core.task.python.build[0m [1;30mINFO[0m Building Python package in '/home/unitree/106a_final/src/navigation_node'
[23.187s] [34mcolcon.colcon_core.shell[0m [1;30mINFO[0m Skip shell extension 'powershell' for command environment: Not usable outside of PowerShell
[23.187s] [34mcolcon.colcon_core.shell[0m [1;30mDEBUG[0m [32mSkip shell extension 'dsv' for command environment[0m
[23.714s] [34mcolcon.colcon_core.event_handler.log_command[0m [1;30mDEBUG[0m [32mInvoking command in '/home/unitree/106a_final/src/navigation_node_three': PYTHONPATH=/home/unitree/106a_final/build/navigation_node_three/prefix_override:/home/unitree/106a_final/install/navigation_node_three/lib/python3.8/site-packages:${PYTHONPATH} /usr/bin/python3 setup.py egg_info --egg-base ../../build/navigation_node_three build --build-base /home/unitree/106a_final/build/navigation_node_three/build install --record /home/unitree/106a_final/build/navigation_node_three/install.log --install-scripts $base/lib/navigation_node_three --single-version-externally-managed[0m
[25.188s] [34mcolcon.colcon_core.event_handler.log_command[0m [1;30mDEBUG[0m [32mInvoked command in '/home/unitree/106a_final/src/navigation_node_three' returned '0': PYTHONPATH=/home/unitree/106a_final/build/navigation_node_three/prefix_override:/home/unitree/106a_final/install/navigation_node_three/lib/python3.8/site-packages:${PYTHONPATH} /usr/bin/python3 setup.py egg_info --egg-base ../../build/navigation_node_three build --build-base /home/unitree/106a_final/build/navigation_node_three/build install --record /home/unitree/106a_final/build/navigation_node_three/install.log --install-scripts $base/lib/navigation_node_three --single-version-externally-managed[0m
[25.310s] [34mcolcon.colcon_core.environment[0m [1;30mLevel 1[0m checking '/home/unitree/106a_final/install/navigation_node_three' for CMake module files
[25.311s] [34mcolcon.colcon_core.environment[0m [1;30mLevel 1[0m checking '/home/unitree/106a_final/install/navigation_node_three' for CMake config files
[25.313s] [34mcolcon.colcon_core.environment[0m [1;30mLevel 1[0m checking '/home/unitree/106a_final/install/navigation_node_three/lib'
[25.313s] [34mcolcon.colcon_core.environment[0m [1;30mLevel 1[0m checking '/home/unitree/106a_final/install/navigation_node_three/bin'
[25.314s] [34mcolcon.colcon_core.environment[0m [1;30mLevel 1[0m checking '/home/unitree/106a_final/install/navigation_node_three/lib/pkgconfig/navigation_node_three.pc'
[25.314s] [34mcolcon.colcon_core.environment[0m [1;30mLevel 1[0m checking '/home/unitree/106a_final/install/navigation_node_three/lib/python3.8/site-packages'
[25.314s] [34mcolcon.colcon_core.shell[0m [1;30mLevel 1[0m create_environment_hook('navigation_node_three', 'pythonpath')
[25.438s] [34mcolcon.colcon_core.shell[0m [1;30mINFO[0m Creating environment hook '/home/unitree/106a_final/install/navigation_node_three/share/navigation_node_three/hook/pythonpath.ps1'
[25.439s] [34mcolcon.colcon_core.shell[0m [1;30mINFO[0m Creating environment descriptor '/home/unitree/106a_final/install/navigation_node_three/share/navigation_node_three/hook/pythonpath.dsv'
[25.440s] [34mcolcon.colcon_core.shell[0m [1;30mINFO[0m Creating environment hook '/home/unitree/106a_final/install/navigation_node_three/share/navigation_node_three/hook/pythonpath.sh'
[25.442s] [34mcolcon.colcon_core.environment[0m [1;30mLevel 1[0m checking '/home/unitree/106a_final/install/navigation_node_three/bin'
[25.442s] [34mcolcon.colcon_core.environment[0m [1;30mLevel 1[0m create_environment_scripts_only(navigation_node_three)
[25.567s] [34mcolcon.colcon_core.shell[0m [1;30mINFO[0m Creating package script '/home/unitree/106a_final/install/navigation_node_three/share/navigation_node_three/package.ps1'
[25.569s] [34mcolcon.colcon_core.shell[0m [1;30mINFO[0m Creating package descriptor '/home/unitree/106a_final/install/navigation_node_three/share/navigation_node_three/package.dsv'
[25.571s] [34mcolcon.colcon_core.shell[0m [1;30mINFO[0m Creating package script '/home/unitree/106a_final/install/navigation_node_three/share/navigation_node_three/package.sh'
[25.572s] [34mcolcon.colcon_core.shell[0m [1;30mINFO[0m Creating package script '/home/unitree/106a_final/install/navigation_node_three/share/navigation_node_three/package.bash'
[25.573s] [34mcolcon.colcon_core.shell[0m [1;30mINFO[0m Creating package script '/home/unitree/106a_final/install/navigation_node_three/share/navigation_node_three/package.zsh'
[25.574s] [34mcolcon.colcon_core.environment[0m [1;30mLevel 1[0m create_file_with_runtime_dependencies(/home/unitree/106a_final/install/navigation_node_three/share/colcon-core/packages/navigation_node_three)
[25.577s] [34mcolcon.colcon_ros.task.ament_python.build[0m [1;30mINFO[0m Building ROS package in '/home/unitree/106a_final/src/navigation_node_two' with build type 'ament_python'
[25.578s] [34mcolcon.colcon_core.shell[0m [1;30mLevel 1[0m create_environment_hook('navigation_node_two', 'ament_prefix_path')
[25.704s] [34mcolcon.colcon_core.shell[0m [1;30mINFO[0m Creating environment hook '/home/unitree/106a_final/install/navigation_node_two/share/navigation_node_two/hook/ament_prefix_path.ps1'
[25.705s] [34mcolcon.colcon_core.shell[0m [1;30mINFO[0m Creating environment descriptor '/home/unitree/106a_final/install/navigation_node_two/share/navigation_node_two/hook/ament_prefix_path.dsv'
[25.706s] [34mcolcon.colcon_core.shell[0m [1;30mINFO[0m Creating environment hook '/home/unitree/106a_final/install/navigation_node_two/share/navigation_node_two/hook/ament_prefix_path.sh'
[25.836s] [34mcolcon.colcon_core.shell[0m [1;30mINFO[0m Skip shell extension 'powershell' for command environment: Not usable outside of PowerShell
[25.836s] [34mcolcon.colcon_core.shell[0m [1;30mDEBUG[0m [32mSkip shell extension 'dsv' for command environment[0m
[26.300s] [34mcolcon.colcon_core.event_handler.log_command[0m [1;30mDEBUG[0m [32mInvoking command in '/home/unitree/106a_final/src/navigation_return_node': PYTHONPATH=/home/unitree/106a_final/build/navigation_return_node/prefix_override:/home/unitree/106a_final/install/navigation_return_node/lib/python3.8/site-packages:${PYTHONPATH} /usr/bin/python3 setup.py egg_info --egg-base ../../build/navigation_return_node build --build-base /home/unitree/106a_final/build/navigation_return_node/build install --record /home/unitree/106a_final/build/navigation_return_node/install.log --install-scripts $base/lib/navigation_return_node --single-version-externally-managed[0m
[26.343s] [34mcolcon.colcon_core.event_handler.log_command[0m [1;30mDEBUG[0m [32mInvoking command in '/home/unitree/106a_final/src/navigation_node': PYTHONPATH=/home/unitree/106a_final/build/navigation_node/prefix_override:/home/unitree/106a_final/install/navigation_node/lib/python3.8/site-packages:${PYTHONPATH} /usr/bin/python3 setup.py egg_info --egg-base ../../build/navigation_node build --build-base /home/unitree/106a_final/build/navigation_node/build install --record /home/unitree/106a_final/build/navigation_node/install.log --install-scripts $base/lib/navigation_node --single-version-externally-managed[0m
[26.370s] [34mcolcon.colcon_core.event_handler.log_command[0m [1;30mDEBUG[0m [32mInvoking command in '/home/unitree/106a_final/src/vision_node': PYTHONPATH=/home/unitree/106a_final/build/vision_node/prefix_override:/home/unitree/106a_final/install/vision_node/lib/python3.8/site-packages:${PYTHONPATH} /usr/bin/python3 setup.py egg_info --egg-base ../../build/vision_node build --build-base /home/unitree/106a_final/build/vision_node/build install --record /home/unitree/106a_final/build/vision_node/install.log --install-scripts $base/lib/vision_node --single-version-externally-managed[0m
[27.566s] [34mcolcon.colcon_core.task.python.build[0m [1;30mINFO[0m Building Python package in '/home/unitree/106a_final/src/navigation_node_two'
[27.722s] [34mcolcon.colcon_core.shell[0m [1;30mINFO[0m Skip shell extension 'powershell' for command environment: Not usable outside of PowerShell
[27.723s] [34mcolcon.colcon_core.shell[0m [1;30mDEBUG[0m [32mSkip shell extension 'dsv' for command environment[0m
[28.214s] [34mcolcon.colcon_core.event_handler.log_command[0m [1;30mDEBUG[0m [32mInvoked command in '/home/unitree/106a_final/src/vision_node' returned '0': PYTHONPATH=/home/unitree/106a_final/build/vision_node/prefix_override:/home/unitree/106a_final/install/vision_node/lib/python3.8/site-packages:${PYTHONPATH} /usr/bin/python3 setup.py egg_info --egg-base ../../build/vision_node build --build-base /home/unitree/106a_final/build/vision_node/build install --record /home/unitree/106a_final/build/vision_node/install.log --install-scripts $base/lib/vision_node --single-version-externally-managed[0m
[28.338s] [34mcolcon.colcon_core.environment[0m [1;30mLevel 1[0m checking '/home/unitree/106a_final/install/vision_node' for CMake module files
[28.339s] [34mcolcon.colcon_core.environment[0m [1;30mLevel 1[0m checking '/home/unitree/106a_final/install/vision_node' for CMake config files
[28.341s] [34mcolcon.colcon_core.environment[0m [1;30mLevel 1[0m checking '/home/unitree/106a_final/install/vision_node/lib'
[28.341s] [34mcolcon.colcon_core.environment[0m [1;30mLevel 1[0m checking '/home/unitree/106a_final/install/vision_node/bin'
[28.341s] [34mcolcon.colcon_core.environment[0m [1;30mLevel 1[0m checking '/home/unitree/106a_final/install/vision_node/lib/pkgconfig/vision_node.pc'
[28.342s] [34mcolcon.colcon_core.environment[0m [1;30mLevel 1[0m checking '/home/unitree/106a_final/install/vision_node/lib/python3.8/site-packages'
[28.342s] [34mcolcon.colcon_core.shell[0m [1;30mLevel 1[0m create_environment_hook('vision_node', 'pythonpath')
[28.447s] [34mcolcon.colcon_core.shell[0m [1;30mINFO[0m Creating environment hook '/home/unitree/106a_final/install/vision_node/share/vision_node/hook/pythonpath.ps1'
[28.448s] [34mcolcon.colcon_core.shell[0m [1;30mINFO[0m Creating environment descriptor '/home/unitree/106a_final/install/vision_node/share/vision_node/hook/pythonpath.dsv'
[28.449s] [34mcolcon.colcon_core.shell[0m [1;30mINFO[0m Creating environment hook '/home/unitree/106a_final/install/vision_node/share/vision_node/hook/pythonpath.sh'
[28.451s] [34mcolcon.colcon_core.environment[0m [1;30mLevel 1[0m checking '/home/unitree/106a_final/install/vision_node/bin'
[28.451s] [34mcolcon.colcon_core.environment[0m [1;30mLevel 1[0m create_environment_scripts_only(vision_node)
[28.570s] [34mcolcon.colcon_core.shell[0m [1;30mINFO[0m Creating package script '/home/unitree/106a_final/install/vision_node/share/vision_node/package.ps1'
[28.571s] [34mcolcon.colcon_core.shell[0m [1;30mINFO[0m Creating package descriptor '/home/unitree/106a_final/install/vision_node/share/vision_node/package.dsv'
[28.573s] [34mcolcon.colcon_core.shell[0m [1;30mINFO[0m Creating package script '/home/unitree/106a_final/install/vision_node/share/vision_node/package.sh'
[28.575s] [34mcolcon.colcon_core.shell[0m [1;30mINFO[0m Creating package script '/home/unitree/106a_final/install/vision_node/share/vision_node/package.bash'
[28.578s] [34mcolcon.colcon_core.shell[0m [1;30mINFO[0m Creating package script '/home/unitree/106a_final/install/vision_node/share/vision_node/package.zsh'
[28.583s] [34mcolcon.colcon_core.environment[0m [1;30mLevel 1[0m create_file_with_runtime_dependencies(/home/unitree/106a_final/install/vision_node/share/colcon-core/packages/vision_node)
[28.588s] [34mcolcon.colcon_core.event_handler.log_command[0m [1;30mDEBUG[0m [32mInvoked command in '/home/unitree/106a_final/src/navigation_return_node' returned '0': PYTHONPATH=/home/unitree/106a_final/build/navigation_return_node/prefix_override:/home/unitree/106a_final/install/navigation_return_node/lib/python3.8/site-packages:${PYTHONPATH} /usr/bin/python3 setup.py egg_info --egg-base ../../build/navigation_return_node build --build-base /home/unitree/106a_final/build/navigation_return_node/build install --record /home/unitree/106a_final/build/navigation_return_node/install.log --install-scripts $base/lib/navigation_return_node --single-version-externally-managed[0m
[28.696s] [34mcolcon.colcon_core.environment[0m [1;30mLevel 1[0m checking '/home/unitree/106a_final/install/navigation_return_node' for CMake module files
[28.697s] [34mcolcon.colcon_core.environment[0m [1;30mLevel 1[0m checking '/home/unitree/106a_final/install/navigation_return_node' for CMake config files
[28.698s] [34mcolcon.colcon_core.environment[0m [1;30mLevel 1[0m checking '/home/unitree/106a_final/install/navigation_return_node/lib'
[28.699s] [34mcolcon.colcon_core.environment[0m [1;30mLevel 1[0m checking '/home/unitree/106a_final/install/navigation_return_node/bin'
[28.699s] [34mcolcon.colcon_core.environment[0m [1;30mLevel 1[0m checking '/home/unitree/106a_final/install/navigation_return_node/lib/pkgconfig/navigation_return_node.pc'
[28.699s] [34mcolcon.colcon_core.environment[0m [1;30mLevel 1[0m checking '/home/unitree/106a_final/install/navigation_return_node/lib/python3.8/site-packages'
[28.699s] [34mcolcon.colcon_core.shell[0m [1;30mLevel 1[0m create_environment_hook('navigation_return_node', 'pythonpath')
[28.799s] [34mcolcon.colcon_core.shell[0m [1;30mINFO[0m Creating environment hook '/home/unitree/106a_final/install/navigation_return_node/share/navigation_return_node/hook/pythonpath.ps1'
[28.800s] [34mcolcon.colcon_core.shell[0m [1;30mINFO[0m Creating environment descriptor '/home/unitree/106a_final/install/navigation_return_node/share/navigation_return_node/hook/pythonpath.dsv'
[28.801s] [34mcolcon.colcon_core.shell[0m [1;30mINFO[0m Creating environment hook '/home/unitree/106a_final/install/navigation_return_node/share/navigation_return_node/hook/pythonpath.sh'
[28.802s] [34mcolcon.colcon_core.environment[0m [1;30mLevel 1[0m checking '/home/unitree/106a_final/install/navigation_return_node/bin'
[28.803s] [34mcolcon.colcon_core.environment[0m [1;30mLevel 1[0m create_environment_scripts_only(navigation_return_node)
[28.904s] [34mcolcon.colcon_core.shell[0m [1;30mINFO[0m Creating package script '/home/unitree/106a_final/install/navigation_return_node/share/navigation_return_node/package.ps1'
[28.905s] [34mcolcon.colcon_core.shell[0m [1;30mINFO[0m Creating package descriptor '/home/unitree/106a_final/install/navigation_return_node/share/navigation_return_node/package.dsv'
[28.907s] [34mcolcon.colcon_core.shell[0m [1;30mINFO[0m Creating package script '/home/unitree/106a_final/install/navigation_return_node/share/navigation_return_node/package.sh'
[28.908s] [34mcolcon.colcon_core.shell[0m [1;30mINFO[0m Creating package script '/home/unitree/106a_final/install/navigation_return_node/share/navigation_return_node/package.bash'
[28.909s] [34mcolcon.colcon_core.shell[0m [1;30mINFO[0m Creating package script '/home/unitree/106a_final/install/navigation_return_node/share/navigation_return_node/package.zsh'
[28.910s] [34mcolcon.colcon_core.environment[0m [1;30mLevel 1[0m create_file_with_runtime_dependencies(/home/unitree/106a_final/install/navigation_return_node/share/colcon-core/packages/navigation_return_node)
[28.913s] [34mcolcon.colcon_core.event_handler.log_command[0m [1;30mDEBUG[0m [32mInvoked command in '/home/unitree/106a_final/src/navigation_node' returned '0': PYTHONPATH=/home/unitree/106a_final/build/navigation_node/prefix_override:/home/unitree/106a_final/install/navigation_node/lib/python3.8/site-packages:${PYTHONPATH} /usr/bin/python3 setup.py egg_info --egg-base ../../build/navigation_node build --build-base /home/unitree/106a_final/build/navigation_node/build install --record /home/unitree/106a_final/build/navigation_node/install.log --install-scripts $base/lib/navigation_node --single-version-externally-managed[0m
[29.014s] [34mcolcon.colcon_core.environment[0m [1;30mLevel 1[0m checking '/home/unitree/106a_final/install/navigation_node' for CMake module files
[29.015s] [34mcolcon.colcon_core.environment[0m [1;30mLevel 1[0m checking '/home/unitree/106a_final/install/navigation_node' for CMake config files
[29.017s] [34mcolcon.colcon_core.environment[0m [1;30mLevel 1[0m checking '/home/unitree/106a_final/install/navigation_node/lib'
[29.017s] [34mcolcon.colcon_core.environment[0m [1;30mLevel 1[0m checking '/home/unitree/106a_final/install/navigation_node/bin'
[29.017s] [34mcolcon.colcon_core.environment[0m [1;30mLevel 1[0m checking '/home/unitree/106a_final/install/navigation_node/lib/pkgconfig/navigation_node.pc'
[29.018s] [34mcolcon.colcon_core.environment[0m [1;30mLevel 1[0m checking '/home/unitree/106a_final/install/navigation_node/lib/python3.8/site-packages'
[29.018s] [34mcolcon.colcon_core.shell[0m [1;30mLevel 1[0m create_environment_hook('navigation_node', 'pythonpath')
[29.116s] [34mcolcon.colcon_core.shell[0m [1;30mINFO[0m Creating environment hook '/home/unitree/106a_final/install/navigation_node/share/navigation_node/hook/pythonpath.ps1'
[29.118s] [34mcolcon.colcon_core.shell[0m [1;30mINFO[0m Creating environment descriptor '/home/unitree/106a_final/install/navigation_node/share/navigation_node/hook/pythonpath.dsv'
[29.119s] [34mcolcon.colcon_core.shell[0m [1;30mINFO[0m Creating environment hook '/home/unitree/106a_final/install/navigation_node/share/navigation_node/hook/pythonpath.sh'
[29.122s] [34mcolcon.colcon_core.environment[0m [1;30mLevel 1[0m checking '/home/unitree/106a_final/install/navigation_node/bin'
[29.122s] [34mcolcon.colcon_core.environment[0m [1;30mLevel 1[0m create_environment_scripts_only(navigation_node)
[29.270s] [34mcolcon.colcon_core.shell[0m [1;30mINFO[0m Creating package script '/home/unitree/106a_final/install/navigation_node/share/navigation_node/package.ps1'
[29.272s] [34mcolcon.colcon_core.shell[0m [1;30mINFO[0m Creating package descriptor '/home/unitree/106a_final/install/navigation_node/share/navigation_node/package.dsv'
[29.273s] [34mcolcon.colcon_core.shell[0m [1;30mINFO[0m Creating package script '/home/unitree/106a_final/install/navigation_node/share/navigation_node/package.sh'
[29.274s] [34mcolcon.colcon_core.shell[0m [1;30mINFO[0m Creating package script '/home/unitree/106a_final/install/navigation_node/share/navigation_node/package.bash'
[29.274s] [34mcolcon.colcon_core.shell[0m [1;30mINFO[0m Creating package script '/home/unitree/106a_final/install/navigation_node/share/navigation_node/package.zsh'
[29.275s] [34mcolcon.colcon_core.environment[0m [1;30mLevel 1[0m create_file_with_runtime_dependencies(/home/unitree/106a_final/install/navigation_node/share/colcon-core/packages/navigation_node)
[29.300s] [34mcolcon.colcon_ros.task.ament_python.build[0m [1;30mINFO[0m Building ROS package in '/home/unitree/106a_final/src/go2_bringup' with build type 'ament_python'
[29.301s] [34mcolcon.colcon_core.shell[0m [1;30mLevel 1[0m create_environment_hook('go2_bringup', 'ament_prefix_path')
[29.414s] [34mcolcon.colcon_core.shell[0m [1;30mINFO[0m Creating environment hook '/home/unitree/106a_final/install/go2_bringup/share/go2_bringup/hook/ament_prefix_path.ps1'
[29.416s] [34mcolcon.colcon_core.shell[0m [1;30mINFO[0m Creating environment descriptor '/home/unitree/106a_final/install/go2_bringup/share/go2_bringup/hook/ament_prefix_path.dsv'
[29.417s] [34mcolcon.colcon_core.shell[0m [1;30mINFO[0m Creating environment hook '/home/unitree/106a_final/install/go2_bringup/share/go2_bringup/hook/ament_prefix_path.sh'
[29.583s] [34mcolcon.colcon_core.shell[0m [1;30mINFO[0m Skip shell extension 'powershell' for command environment: Not usable outside of PowerShell
[29.583s] [34mcolcon.colcon_core.shell[0m [1;30mDEBUG[0m [32mSkip shell extension 'dsv' for command environment[0m
[30.783s] [34mcolcon.colcon_core.task.python.build[0m [1;30mINFO[0m Building Python package in '/home/unitree/106a_final/src/go2_bringup'
[30.886s] [34mcolcon.colcon_core.shell[0m [1;30mINFO[0m Skip shell extension 'powershell' for command environment: Not usable outside of PowerShell
[30.886s] [34mcolcon.colcon_core.shell[0m [1;30mDEBUG[0m [32mSkip shell extension 'dsv' for command environment[0m
[31.318s] [34mcolcon.colcon_core.event_handler.log_command[0m [1;30mDEBUG[0m [32mInvoking command in '/home/unitree/106a_final/src/navigation_node_two': PYTHONPATH=/home/unitree/106a_final/build/navigation_node_two/prefix_override:/home/unitree/106a_final/install/navigation_node_two/lib/python3.8/site-packages:${PYTHONPATH} /usr/bin/python3 setup.py egg_info --egg-base ../../build/navigation_node_two build --build-base /home/unitree/106a_final/build/navigation_node_two/build install --record /home/unitree/106a_final/build/navigation_node_two/install.log --install-scripts $base/lib/navigation_node_two --single-version-externally-managed[0m
[32.194s] [34mcolcon.colcon_core.event_handler.log_command[0m [1;30mDEBUG[0m [32mInvoked command in '/home/unitree/106a_final/src/navigation_node_two' returned '0': PYTHONPATH=/home/unitree/106a_final/build/navigation_node_two/prefix_override:/home/unitree/106a_final/install/navigation_node_two/lib/python3.8/site-packages:${PYTHONPATH} /usr/bin/python3 setup.py egg_info --egg-base ../../build/navigation_node_two build --build-base /home/unitree/106a_final/build/navigation_node_two/build install --record /home/unitree/106a_final/build/navigation_node_two/install.log --install-scripts $base/lib/navigation_node_two --single-version-externally-managed[0m
[32.322s] [34mcolcon.colcon_core.environment[0m [1;30mLevel 1[0m checking '/home/unitree/106a_final/install/navigation_node_two' for CMake module files
[32.323s] [34mcolcon.colcon_core.environment[0m [1;30mLevel 1[0m checking '/home/unitree/106a_final/install/navigation_node_two' for CMake config files
[32.324s] [34mcolcon.colcon_core.environment[0m [1;30mLevel 1[0m checking '/home/unitree/106a_final/install/navigation_node_two/lib'
[32.325s] [34mcolcon.colcon_core.environment[0m [1;30mLevel 1[0m checking '/home/unitree/106a_final/install/navigation_node_two/bin'
[32.325s] [34mcolcon.colcon_core.environment[0m [1;30mLevel 1[0m checking '/home/unitree/106a_final/install/navigation_node_two/lib/pkgconfig/navigation_node_two.pc'
[32.325s] [34mcolcon.colcon_core.environment[0m [1;30mLevel 1[0m checking '/home/unitree/106a_final/install/navigation_node_two/lib/python3.8/site-packages'
[32.325s] [34mcolcon.colcon_core.shell[0m [1;30mLevel 1[0m create_environment_hook('navigation_node_two', 'pythonpath')
[32.425s] [34mcolcon.colcon_core.shell[0m [1;30mINFO[0m Creating environment hook '/home/unitree/106a_final/install/navigation_node_two/share/navigation_node_two/hook/pythonpath.ps1'
[32.427s] [34mcolcon.colcon_core.shell[0m [1;30mINFO[0m Creating environment descriptor '/home/unitree/106a_final/install/navigation_node_two/share/navigation_node_two/hook/pythonpath.dsv'
[32.428s] [34mcolcon.colcon_core.shell[0m [1;30mINFO[0m Creating environment hook '/home/unitree/106a_final/install/navigation_node_two/share/navigation_node_two/hook/pythonpath.sh'
[32.429s] [34mcolcon.colcon_core.environment[0m [1;30mLevel 1[0m checking '/home/unitree/106a_final/install/navigation_node_two/bin'
[32.429s] [34mcolcon.colcon_core.environment[0m [1;30mLevel 1[0m create_environment_scripts_only(navigation_node_two)
[32.544s] [34mcolcon.colcon_core.shell[0m [1;30mINFO[0m Creating package script '/home/unitree/106a_final/install/navigation_node_two/share/navigation_node_two/package.ps1'
[32.546s] [34mcolcon.colcon_core.shell[0m [1;30mINFO[0m Creating package descriptor '/home/unitree/106a_final/install/navigation_node_two/share/navigation_node_two/package.dsv'
[32.547s] [34mcolcon.colcon_core.shell[0m [1;30mINFO[0m Creating package script '/home/unitree/106a_final/install/navigation_node_two/share/navigation_node_two/package.sh'
[32.548s] [34mcolcon.colcon_core.shell[0m [1;30mINFO[0m Creating package script '/home/unitree/106a_final/install/navigation_node_two/share/navigation_node_two/package.bash'
[32.549s] [34mcolcon.colcon_core.shell[0m [1;30mINFO[0m Creating package script '/home/unitree/106a_final/install/navigation_node_two/share/navigation_node_two/package.zsh'
[32.549s] [34mcolcon.colcon_core.environment[0m [1;30mLevel 1[0m create_file_with_runtime_dependencies(/home/unitree/106a_final/install/navigation_node_two/share/colcon-core/packages/navigation_node_two)
[32.621s] [34mcolcon.colcon_core.event_handler.log_command[0m [1;30mDEBUG[0m [32mInvoking command in '/home/unitree/106a_final/src/go2_bringup': AMENT_PREFIX_PATH=/home/unitree/106a_final/install/vision_node:/home/unitree/106a_final/install/navigation_return_node:/home/unitree/106a_final/install/navigation_node_three:/home/unitree/106a_final/install/aruco_node:/home/unitree/106a_final/install/arm_control:/home/unitree/106a_final/install/go2_bringup:/home/unitree/106a_final/install/realsense2_description:/home/unitree/106a_final/install/realsense2_camera:/home/unitree/106a_final/install/realsense2_camera_msgs:/home/unitree/106a_final/install/navigation_node_two:/home/unitree/106a_final/install/navigation_node:/home/unitree/106a_final/install/navigatigation_node_three:/home/unitree/106a_final/install/base_driver:/home/unitree/106a_final/install/arm_driver:/home/unitree/cyclonedds_ws/install/rmw_cyclonedds_cpp:/opt/ros/foxy CMAKE_PREFIX_PATH=/home/unitree/106a_final/install/base_driver:/home/unitree/106a_final/install/arm_driver:/home/unitree/106a_final/install/realsense2_description:/home/unitree/106a_final/install/realsense2_camera:/home/unitree/106a_final/install/realsense2_camera_msgs:/home/unitree/cyclonedds_ws/install/rmw_cyclonedds_cpp:/home/unitree/cyclonedds_ws/install/cyclonedds PYTHONPATH=/home/unitree/106a_final/build/go2_bringup/prefix_override:/home/unitree/106a_final/install/go2_bringup/lib/python3.8/site-packages:/home/unitree/106a_final/install/vision_node/lib/python3.8/site-packages:/home/unitree/106a_final/install/navigation_return_node/lib/python3.8/site-packages:/home/unitree/106a_final/install/navigation_node_three/lib/python3.8/site-packages:/home/unitree/106a_final/install/aruco_node/lib/python3.8/site-packages:/home/unitree/106a_final/install/arm_control/lib/python3.8/site-packages:/home/unitree/106a_final/install/go2_bringup/lib/python3.8/site-packages:/home/unitree/106a_final/install/realsense2_camera_msgs/lib/python3.8/site-packages:/home/unitree/106a_final/install/navigation_node_two/lib/python3.8/site-packages:/home/unitree/106a_final/install/navigation_node/lib/python3.8/site-packages:/home/unitree/106a_final/install/navigatigation_node_three/lib/python3.8/site-packages:/opt/ros/foxy/lib/python3.8/site-packages /usr/bin/python3 setup.py egg_info --egg-base ../../build/go2_bringup build --build-base /home/unitree/106a_final/build/go2_bringup/build install --record /home/unitree/106a_final/build/go2_bringup/install.log --install-scripts $base/lib/go2_bringup --single-version-externally-managed[0m
[33.393s] [34mcolcon.colcon_core.event_handler.log_command[0m [1;30mDEBUG[0m [32mInvoked command in '/home/unitree/106a_final/src/go2_bringup' returned '0': AMENT_PREFIX_PATH=/home/unitree/106a_final/install/vision_node:/home/unitree/106a_final/install/navigation_return_node:/home/unitree/106a_final/install/navigation_node_three:/home/unitree/106a_final/install/aruco_node:/home/unitree/106a_final/install/arm_control:/home/unitree/106a_final/install/go2_bringup:/home/unitree/106a_final/install/realsense2_description:/home/unitree/106a_final/install/realsense2_camera:/home/unitree/106a_final/install/realsense2_camera_msgs:/home/unitree/106a_final/install/navigation_node_two:/home/unitree/106a_final/install/navigation_node:/home/unitree/106a_final/install/navigatigation_node_three:/home/unitree/106a_final/install/base_driver:/home/unitree/106a_final/install/arm_driver:/home/unitree/cyclonedds_ws/install/rmw_cyclonedds_cpp:/opt/ros/foxy CMAKE_PREFIX_PATH=/home/unitree/106a_final/install/base_driver:/home/unitree/106a_final/install/arm_driver:/home/unitree/106a_final/install/realsense2_description:/home/unitree/106a_final/install/realsense2_camera:/home/unitree/106a_final/install/realsense2_camera_msgs:/home/unitree/cyclonedds_ws/install/rmw_cyclonedds_cpp:/home/unitree/cyclonedds_ws/install/cyclonedds PYTHONPATH=/home/unitree/106a_final/build/go2_bringup/prefix_override:/home/unitree/106a_final/install/go2_bringup/lib/python3.8/site-packages:/home/unitree/106a_final/install/vision_node/lib/python3.8/site-packages:/home/unitree/106a_final/install/navigation_return_node/lib/python3.8/site-packages:/home/unitree/106a_final/install/navigation_node_three/lib/python3.8/site-packages:/home/unitree/106a_final/install/aruco_node/lib/python3.8/site-packages:/home/unitree/106a_final/install/arm_control/lib/python3.8/site-packages:/home/unitree/106a_final/install/go2_bringup/lib/python3.8/site-packages:/home/unitree/106a_final/install/realsense2_camera_msgs/lib/python3.8/site-packages:/home/unitree/106a_final/install/navigation_node_two/lib/python3.8/site-packages:/home/unitree/106a_final/install/navigation_node/lib/python3.8/site-packages:/home/unitree/106a_final/install/navigatigation_node_three/lib/python3.8/site-packages:/opt/ros/foxy/lib/python3.8/site-packages /usr/bin/python3 setup.py egg_info --egg-base ../../build/go2_bringup build --build-base /home/unitree/106a_final/build/go2_bringup/build install --record /home/unitree/106a_final/build/go2_bringup/install.log --install-scripts $base/lib/go2_bringup --single-version-externally-managed[0m
[33.494s] [34mcolcon.colcon_core.environment[0m [1;30mLevel 1[0m checking '/home/unitree/106a_final/install/go2_bringup' for CMake module files
[33.495s] [34mcolcon.colcon_core.environment[0m [1;30mLevel 1[0m checking '/home/unitree/106a_final/install/go2_bringup' for CMake config files
[33.496s] [34mcolcon.colcon_core.environment[0m [1;30mLevel 1[0m checking '/home/unitree/106a_final/install/go2_bringup/lib'
[33.496s] [34mcolcon.colcon_core.environment[0m [1;30mLevel 1[0m checking '/home/unitree/106a_final/install/go2_bringup/bin'
[33.496s] [34mcolcon.colcon_core.environment[0m [1;30mLevel 1[0m checking '/home/unitree/106a_final/install/go2_bringup/lib/pkgconfig/go2_bringup.pc'
[33.497s] [34mcolcon.colcon_core.environment[0m [1;30mLevel 1[0m checking '/home/unitree/106a_final/install/go2_bringup/lib/python3.8/site-packages'
[33.497s] [34mcolcon.colcon_core.shell[0m [1;30mLevel 1[0m create_environment_hook('go2_bringup', 'pythonpath')
[33.597s] [34mcolcon.colcon_core.shell[0m [1;30mINFO[0m Creating environment hook '/home/unitree/106a_final/install/go2_bringup/share/go2_bringup/hook/pythonpath.ps1'
[33.599s] [34mcolcon.colcon_core.shell[0m [1;30mINFO[0m Creating environment descriptor '/home/unitree/106a_final/install/go2_bringup/share/go2_bringup/hook/pythonpath.dsv'
[33.600s] [34mcolcon.colcon_core.shell[0m [1;30mINFO[0m Creating environment hook '/home/unitree/106a_final/install/go2_bringup/share/go2_bringup/hook/pythonpath.sh'
[33.601s] [34mcolcon.colcon_core.environment[0m [1;30mLevel 1[0m checking '/home/unitree/106a_final/install/go2_bringup/bin'
[33.601s] [34mcolcon.colcon_core.environment[0m [1;30mLevel 1[0m create_environment_scripts_only(go2_bringup)
[33.700s] [34mcolcon.colcon_core.shell[0m [1;30mINFO[0m Creating package script '/home/unitree/106a_final/install/go2_bringup/share/go2_bringup/package.ps1'
[33.701s] [34mcolcon.colcon_core.shell[0m [1;30mINFO[0m Creating package descriptor '/home/unitree/106a_final/install/go2_bringup/share/go2_bringup/package.dsv'
[33.702s] [34mcolcon.colcon_core.shell[0m [1;30mINFO[0m Creating package script '/home/unitree/106a_final/install/go2_bringup/share/go2_bringup/package.sh'
[33.703s] [34mcolcon.colcon_core.shell[0m [1;30mINFO[0m Creating package script '/home/unitree/106a_final/install/go2_bringup/share/go2_bringup/package.bash'
[33.705s] [34mcolcon.colcon_core.shell[0m [1;30mINFO[0m Creating package script '/home/unitree/106a_final/install/go2_bringup/share/go2_bringup/package.zsh'
[33.706s] [34mcolcon.colcon_core.environment[0m [1;30mLevel 1[0m create_file_with_runtime_dependencies(/home/unitree/106a_final/install/go2_bringup/share/colcon-core/packages/go2_bringup)
[33.707s] [34mcolcon.colcon_parallel_executor.executor.parallel[0m [1;30mDEBUG[0m [32mclosing loop[0m
[33.710s] [34mcolcon.colcon_parallel_executor.executor.parallel[0m [1;30mDEBUG[0m [32mloop closed[0m
[33.711s] [34mcolcon.colcon_parallel_executor.executor.parallel[0m [1;30mDEBUG[0m [32mrun_until_complete finished with '0'[0m
[33.713s] [34mcolcon.colcon_core.event_reactor[0m [1;30mDEBUG[0m [32mjoining thread[0m
[33.841s] [34mcolcon.colcon_core.plugin_system[0m [1;30mINFO[0m Skipping extension 'colcon_notification.desktop_notification.terminal_notifier': Not used on non-Darwin systems
[33.842s] [34mcolcon.colcon_core.plugin_system[0m [1;30mINFO[0m Skipping extension 'colcon_notification.desktop_notification.win32': Not used on non-Windows systems
[33.842s] [34mcolcon.colcon_notification.desktop_notification[0m [1;30mINFO[0m Sending desktop notification using 'notify2'
[33.872s] [34mcolcon.colcon_notification.desktop_notification.notify2[0m [1;30mDEBUG[0m [32mFailed to initialize notify2: org.freedesktop.DBus.Error.Spawn.ChildExited: Process org.freedesktop.Notifications exited with status 1[0m
[33.872s] [34mcolcon.colcon_core.event_reactor[0m [1;30mDEBUG[0m [32mjoined thread[0m
[33.984s] [34mcolcon.colcon_core.shell[0m [1;30mINFO[0m Creating prefix script '/home/unitree/106a_final/install/local_setup.ps1'
[33.986s] [34mcolcon.colcon_core.shell[0m [1;30mINFO[0m Creating prefix util module '/home/unitree/106a_final/install/_local_setup_util_ps1.py'
[33.989s] [34mcolcon.colcon_core.shell[0m [1;30mINFO[0m Creating prefix chain script '/home/unitree/106a_final/install/setup.ps1'
[34.119s] [34mcolcon.colcon_core.shell[0m [1;30mINFO[0m Creating prefix script '/home/unitree/106a_final/install/local_setup.sh'
[34.121s] [34mcolcon.colcon_core.shell[0m [1;30mINFO[0m Creating prefix util module '/home/unitree/106a_final/install/_local_setup_util_sh.py'
[34.122s] [34mcolcon.colcon_core.shell[0m [1;30mINFO[0m Creating prefix chain script '/home/unitree/106a_final/install/setup.sh'
[34.252s] [34mcolcon.colcon_core.shell[0m [1;30mINFO[0m Creating prefix script '/home/unitree/106a_final/install/local_setup.bash'
[34.253s] [34mcolcon.colcon_core.shell[0m [1;30mINFO[0m Creating prefix chain script '/home/unitree/106a_final/install/setup.bash'
[34.393s] [34mcolcon.colcon_core.shell[0m [1;30mINFO[0m Creating prefix script '/home/unitree/106a_final/install/local_setup.zsh'
[34.394s] [34mcolcon.colcon_core.shell[0m [1;30mINFO[0m Creating prefix chain script '/home/unitree/106a_final/install/setup.zsh'
