[5.380s] [34mcolcon[0m [1;30mDEBUG[0m [32mCommand line arguments: ['/usr/bin/colcon', 'build'][0m
[5.380s] [34mcolcon[0m [1;30mDEBUG[0m [32mParsed command line arguments: Namespace(allow_overriding=[], ament_cmake_args=None, base_paths=['.'], build_base='build', catkin_cmake_args=None, catkin_skip_building_tests=False, cmake_args=None, cmake_clean_cache=False, cmake_clean_first=False, cmake_force_configure=False, cmake_target=None, cmake_target_skip_unavailable=False, continue_on_error=False, event_handlers=None, executor='parallel', ignore_user_meta=False, install_base='install', log_base=None, log_level=None, main=<bound method BuildVerb.main of <colcon_core.verb.build.BuildVerb object at 0xffffb1e99fd0>>, merge_install=False, metas=['./colcon.meta'], packages_above=None, packages_above_and_dependencies=None, packages_above_depth=None, packages_end=None, packages_ignore=None, packages_ignore_regex=None, packages_select=None, packages_select_build_failed=False, packages_select_by_dep=None, packages_select_regex=None, packages_select_test_failures=False, packages_skip=None, packages_skip_build_finished=False, packages_skip_by_dep=None, packages_skip_regex=None, packages_skip_test_passed=False, packages_skip_up_to=None, packages_start=None, packages_up_to=None, packages_up_to_regex=None, parallel_workers=4, paths=None, symlink_install=False, test_result_base=None, verb_extension=<colcon_core.verb.build.BuildVerb object at 0xffffb1e99fd0>, verb_name='build', verb_parser=<colcon_defaults.argument_parser.defaults.DefaultArgumentsDecorator object at 0xffffb1d60130>)[0m
[5.943s] [34mcolcon.colcon_core.package_discovery[0m [1;30mLevel 1[0m discover_packages(colcon_meta) check parameters
[5.944s] [34mcolcon.colcon_core.package_discovery[0m [1;30mLevel 1[0m discover_packages(recursive) check parameters
[5.944s] [34mcolcon.colcon_core.package_discovery[0m [1;30mLevel 1[0m discover_packages(ignore) check parameters
[5.944s] [34mcolcon.colcon_core.package_discovery[0m [1;30mLevel 1[0m discover_packages(path) check parameters
[5.944s] [34mcolcon.colcon_core.package_discovery[0m [1;30mLevel 1[0m discover_packages(colcon_meta) discover
[5.944s] [34mcolcon.colcon_core.package_discovery[0m [1;30mLevel 1[0m discover_packages(recursive) discover
[5.944s] [34mcolcon.colcon_core.package_discovery[0m [1;30mINFO[0m Crawling recursively for packages in '/home/unitree/106a_final'
[5.945s] [34mcolcon.colcon_core.package_identification[0m [1;30mLevel 1[0m _identify(.) by extensions ['ignore', 'ignore_ament_install']
[5.945s] [34mcolcon.colcon_core.package_identification[0m [1;30mLevel 1[0m _identify(.) by extension 'ignore'
[5.945s] [34mcolcon.colcon_core.package_identification[0m [1;30mLevel 1[0m _identify(.) by extension 'ignore_ament_install'
[5.945s] [34mcolcon.colcon_core.package_identification[0m [1;30mLevel 1[0m _identify(.) by extensions ['colcon_pkg']
[5.945s] [34mcolcon.colcon_core.package_identification[0m [1;30mLevel 1[0m _identify(.) by extension 'colcon_pkg'
[5.945s] [34mcolcon.colcon_core.package_identification[0m [1;30mLevel 1[0m _identify(.) by extensions ['colcon_meta']
[5.946s] [34mcolcon.colcon_core.package_identification[0m [1;30mLevel 1[0m _identify(.) by extension 'colcon_meta'
[5.946s] [34mcolcon.colcon_core.package_identification[0m [1;30mLevel 1[0m _identify(.) by extensions ['ros']
[5.946s] [34mcolcon.colcon_core.package_identification[0m [1;30mLevel 1[0m _identify(.) by extension 'ros'
[5.979s] [34mcolcon.colcon_core.package_identification[0m [1;30mLevel 1[0m _identify(.) by extensions ['cmake', 'python']
[5.979s] [34mcolcon.colcon_core.package_identification[0m [1;30mLevel 1[0m _identify(.) by extension 'cmake'
[5.979s] [34mcolcon.colcon_core.package_identification[0m [1;30mLevel 1[0m _identify(.) by extension 'python'
[5.979s] [34mcolcon.colcon_core.package_identification[0m [1;30mLevel 1[0m _identify(.) by extensions ['python_setup_py']
[5.979s] [34mcolcon.colcon_core.package_identification[0m [1;30mLevel 1[0m _identify(.) by extension 'python_setup_py'
[5.980s] [34mcolcon.colcon_core.package_identification[0m [1;30mLevel 1[0m _identify(build) by extensions ['ignore', 'ignore_ament_install']
[5.980s] [34mcolcon.colcon_core.package_identification[0m [1;30mLevel 1[0m _identify(build) by extension 'ignore'
[5.980s] [34mcolcon.colcon_core.package_identification[0m [1;30mLevel 1[0m _identify(build) ignored
[5.980s] [34mcolcon.colcon_core.package_identification[0m [1;30mLevel 1[0m _identify(install) by extensions ['ignore', 'ignore_ament_install']
[5.980s] [34mcolcon.colcon_core.package_identification[0m [1;30mLevel 1[0m _identify(install) by extension 'ignore'
[5.981s] [34mcolcon.colcon_core.package_identification[0m [1;30mLevel 1[0m _identify(install) ignored
[5.981s] [34mcolcon.colcon_core.package_identification[0m [1;30mLevel 1[0m _identify(log) by extensions ['ignore', 'ignore_ament_install']
[5.981s] [34mcolcon.colcon_core.package_identification[0m [1;30mLevel 1[0m _identify(log) by extension 'ignore'
[5.981s] [34mcolcon.colcon_core.package_identification[0m [1;30mLevel 1[0m _identify(log) ignored
[5.982s] [34mcolcon.colcon_core.package_identification[0m [1;30mLevel 1[0m _identify(src) by extensions ['ignore', 'ignore_ament_install']
[5.982s] [34mcolcon.colcon_core.package_identification[0m [1;30mLevel 1[0m _identify(src) by extension 'ignore'
[5.982s] [34mcolcon.colcon_core.package_identification[0m [1;30mLevel 1[0m _identify(src) by extension 'ignore_ament_install'
[5.982s] [34mcolcon.colcon_core.package_identification[0m [1;30mLevel 1[0m _identify(src) by extensions ['colcon_pkg']
[5.982s] [34mcolcon.colcon_core.package_identification[0m [1;30mLevel 1[0m _identify(src) by extension 'colcon_pkg'
[5.982s] [34mcolcon.colcon_core.package_identification[0m [1;30mLevel 1[0m _identify(src) by extensions ['colcon_meta']
[5.982s] [34mcolcon.colcon_core.package_identification[0m [1;30mLevel 1[0m _identify(src) by extension 'colcon_meta'
[5.982s] [34mcolcon.colcon_core.package_identification[0m [1;30mLevel 1[0m _identify(src) by extensions ['ros']
[5.982s] [34mcolcon.colcon_core.package_identification[0m [1;30mLevel 1[0m _identify(src) by extension 'ros'
[5.983s] [34mcolcon.colcon_core.package_identification[0m [1;30mLevel 1[0m _identify(src) by extensions ['cmake', 'python']
[5.983s] [34mcolcon.colcon_core.package_identification[0m [1;30mLevel 1[0m _identify(src) by extension 'cmake'
[5.983s] [34mcolcon.colcon_core.package_identification[0m [1;30mLevel 1[0m _identify(src) by extension 'python'
[5.983s] [34mcolcon.colcon_core.package_identification[0m [1;30mLevel 1[0m _identify(src) by extensions ['python_setup_py']
[5.983s] [34mcolcon.colcon_core.package_identification[0m [1;30mLevel 1[0m _identify(src) by extension 'python_setup_py'
[5.983s] [34mcolcon.colcon_core.package_identification[0m [1;30mLevel 1[0m _identify(src/arm_control) by extensions ['ignore', 'ignore_ament_install']
[5.983s] [34mcolcon.colcon_core.package_identification[0m [1;30mLevel 1[0m _identify(src/arm_control) by extension 'ignore'
[5.983s] [34mcolcon.colcon_core.package_identification[0m [1;30mLevel 1[0m _identify(src/arm_control) by extension 'ignore_ament_install'
[5.984s] [34mcolcon.colcon_core.package_identification[0m [1;30mLevel 1[0m _identify(src/arm_control) by extensions ['colcon_pkg']
[5.984s] [34mcolcon.colcon_core.package_identification[0m [1;30mLevel 1[0m _identify(src/arm_control) by extension 'colcon_pkg'
[5.984s] [34mcolcon.colcon_core.package_identification[0m [1;30mLevel 1[0m _identify(src/arm_control) by extensions ['colcon_meta']
[5.984s] [34mcolcon.colcon_core.package_identification[0m [1;30mLevel 1[0m _identify(src/arm_control) by extension 'colcon_meta'
[5.984s] [34mcolcon.colcon_core.package_identification[0m [1;30mLevel 1[0m _identify(src/arm_control) by extensions ['ros']
[5.984s] [34mcolcon.colcon_core.package_identification[0m [1;30mLevel 1[0m _identify(src/arm_control) by extension 'ros'
[5.990s] [34mcolcon.colcon_core.package_identification[0m [1;30mDEBUG[0m [32mPackage 'src/arm_control' with type 'ros.ament_python' and name 'arm_control'[0m
[5.991s] [34mcolcon.colcon_core.package_identification[0m [1;30mLevel 1[0m _identify(src/arm_driver) by extensions ['ignore', 'ignore_ament_install']
[5.991s] [34mcolcon.colcon_core.package_identification[0m [1;30mLevel 1[0m _identify(src/arm_driver) by extension 'ignore'
[5.992s] [34mcolcon.colcon_core.package_identification[0m [1;30mLevel 1[0m _identify(src/arm_driver) by extension 'ignore_ament_install'
[5.992s] [34mcolcon.colcon_core.package_identification[0m [1;30mLevel 1[0m _identify(src/arm_driver) by extensions ['colcon_pkg']
[5.992s] [34mcolcon.colcon_core.package_identification[0m [1;30mLevel 1[0m _identify(src/arm_driver) by extension 'colcon_pkg'
[5.992s] [34mcolcon.colcon_core.package_identification[0m [1;30mLevel 1[0m _identify(src/arm_driver) by extensions ['colcon_meta']
[5.992s] [34mcolcon.colcon_core.package_identification[0m [1;30mLevel 1[0m _identify(src/arm_driver) by extension 'colcon_meta'
[5.992s] [34mcolcon.colcon_core.package_identification[0m [1;30mLevel 1[0m _identify(src/arm_driver) by extensions ['ros']
[5.992s] [34mcolcon.colcon_core.package_identification[0m [1;30mLevel 1[0m _identify(src/arm_driver) by extension 'ros'
[5.994s] [34mcolcon.colcon_core.package_identification[0m [1;30mDEBUG[0m [32mPackage 'src/arm_driver' with type 'ros.ament_cmake' and name 'arm_driver'[0m
[5.995s] [34mcolcon.colcon_core.package_identification[0m [1;30mLevel 1[0m _identify(src/aruco_node) by extensions ['ignore', 'ignore_ament_install']
[5.995s] [34mcolcon.colcon_core.package_identification[0m [1;30mLevel 1[0m _identify(src/aruco_node) by extension 'ignore'
[5.995s] [34mcolcon.colcon_core.package_identification[0m [1;30mLevel 1[0m _identify(src/aruco_node) by extension 'ignore_ament_install'
[5.995s] [34mcolcon.colcon_core.package_identification[0m [1;30mLevel 1[0m _identify(src/aruco_node) by extensions ['colcon_pkg']
[5.995s] [34mcolcon.colcon_core.package_identification[0m [1;30mLevel 1[0m _identify(src/aruco_node) by extension 'colcon_pkg'
[5.995s] [34mcolcon.colcon_core.package_identification[0m [1;30mLevel 1[0m _identify(src/aruco_node) by extensions ['colcon_meta']
[5.995s] [34mcolcon.colcon_core.package_identification[0m [1;30mLevel 1[0m _identify(src/aruco_node) by extension 'colcon_meta'
[5.996s] [34mcolcon.colcon_core.package_identification[0m [1;30mLevel 1[0m _identify(src/aruco_node) by extensions ['ros']
[5.996s] [34mcolcon.colcon_core.package_identification[0m [1;30mLevel 1[0m _identify(src/aruco_node) by extension 'ros'
[5.998s] [34mcolcon.colcon_core.package_identification[0m [1;30mDEBUG[0m [32mPackage 'src/aruco_node' with type 'ros.ament_python' and name 'aruco_node'[0m
[5.998s] [34mcolcon.colcon_core.package_identification[0m [1;30mLevel 1[0m _identify(src/base_driver) by extensions ['ignore', 'ignore_ament_install']
[5.998s] [34mcolcon.colcon_core.package_identification[0m [1;30mLevel 1[0m _identify(src/base_driver) by extension 'ignore'
[5.998s] [34mcolcon.colcon_core.package_identification[0m [1;30mLevel 1[0m _identify(src/base_driver) by extension 'ignore_ament_install'
[5.999s] [34mcolcon.colcon_core.package_identification[0m [1;30mLevel 1[0m _identify(src/base_driver) by extensions ['colcon_pkg']
[5.999s] [34mcolcon.colcon_core.package_identification[0m [1;30mLevel 1[0m _identify(src/base_driver) by extension 'colcon_pkg'
[5.999s] [34mcolcon.colcon_core.package_identification[0m [1;30mLevel 1[0m _identify(src/base_driver) by extensions ['colcon_meta']
[5.999s] [34mcolcon.colcon_core.package_identification[0m [1;30mLevel 1[0m _identify(src/base_driver) by extension 'colcon_meta'
[5.999s] [34mcolcon.colcon_core.package_identification[0m [1;30mLevel 1[0m _identify(src/base_driver) by extensions ['ros']
[5.999s] [34mcolcon.colcon_core.package_identification[0m [1;30mLevel 1[0m _identify(src/base_driver) by extension 'ros'
[6.001s] [34mcolcon.colcon_core.package_identification[0m [1;30mDEBUG[0m [32mPackage 'src/base_driver' with type 'ros.ament_cmake' and name 'base_driver'[0m
[6.001s] [34mcolcon.colcon_core.package_identification[0m [1;30mLevel 1[0m _identify(src/d1_sdk) by extensions ['ignore', 'ignore_ament_install']
[6.001s] [34mcolcon.colcon_core.package_identification[0m [1;30mLevel 1[0m _identify(src/d1_sdk) by extension 'ignore'
[6.001s] [34mcolcon.colcon_core.package_identification[0m [1;30mLevel 1[0m _identify(src/d1_sdk) ignored
[6.002s] [34mcolcon.colcon_core.package_identification[0m [1;30mLevel 1[0m _identify(src/go2_bringup) by extensions ['ignore', 'ignore_ament_install']
[6.002s] [34mcolcon.colcon_core.package_identification[0m [1;30mLevel 1[0m _identify(src/go2_bringup) by extension 'ignore'
[6.002s] [34mcolcon.colcon_core.package_identification[0m [1;30mLevel 1[0m _identify(src/go2_bringup) by extension 'ignore_ament_install'
[6.002s] [34mcolcon.colcon_core.package_identification[0m [1;30mLevel 1[0m _identify(src/go2_bringup) by extensions ['colcon_pkg']
[6.002s] [34mcolcon.colcon_core.package_identification[0m [1;30mLevel 1[0m _identify(src/go2_bringup) by extension 'colcon_pkg'
[6.002s] [34mcolcon.colcon_core.package_identification[0m [1;30mLevel 1[0m _identify(src/go2_bringup) by extensions ['colcon_meta']
[6.002s] [34mcolcon.colcon_core.package_identification[0m [1;30mLevel 1[0m _identify(src/go2_bringup) by extension 'colcon_meta'
[6.002s] [34mcolcon.colcon_core.package_identification[0m [1;30mLevel 1[0m _identify(src/go2_bringup) by extensions ['ros']
[6.002s] [34mcolcon.colcon_core.package_identification[0m [1;30mLevel 1[0m _identify(src/go2_bringup) by extension 'ros'
[6.004s] [34mcolcon.colcon_core.package_identification[0m [1;30mDEBUG[0m [32mPackage 'src/go2_bringup' with type 'ros.ament_python' and name 'go2_bringup'[0m
[6.005s] [34mcolcon.colcon_core.package_identification[0m [1;30mLevel 1[0m _identify(src/navigation_node) by extensions ['ignore', 'ignore_ament_install']
[6.005s] [34mcolcon.colcon_core.package_identification[0m [1;30mLevel 1[0m _identify(src/navigation_node) by extension 'ignore'
[6.005s] [34mcolcon.colcon_core.package_identification[0m [1;30mLevel 1[0m _identify(src/navigation_node) by extension 'ignore_ament_install'
[6.005s] [34mcolcon.colcon_core.package_identification[0m [1;30mLevel 1[0m _identify(src/navigation_node) by extensions ['colcon_pkg']
[6.005s] [34mcolcon.colcon_core.package_identification[0m [1;30mLevel 1[0m _identify(src/navigation_node) by extension 'colcon_pkg'
[6.006s] [34mcolcon.colcon_core.package_identification[0m [1;30mLevel 1[0m _identify(src/navigation_node) by extensions ['colcon_meta']
[6.006s] [34mcolcon.colcon_core.package_identification[0m [1;30mLevel 1[0m _identify(src/navigation_node) by extension 'colcon_meta'
[6.006s] [34mcolcon.colcon_core.package_identification[0m [1;30mLevel 1[0m _identify(src/navigation_node) by extensions ['ros']
[6.006s] [34mcolcon.colcon_core.package_identification[0m [1;30mLevel 1[0m _identify(src/navigation_node) by extension 'ros'
[6.007s] [34mcolcon.colcon_core.package_identification[0m [1;30mDEBUG[0m [32mPackage 'src/navigation_node' with type 'ros.ament_python' and name 'navigation_node'[0m
[6.008s] [34mcolcon.colcon_core.package_identification[0m [1;30mLevel 1[0m _identify(src/navigation_node_three) by extensions ['ignore', 'ignore_ament_install']
[6.008s] [34mcolcon.colcon_core.package_identification[0m [1;30mLevel 1[0m _identify(src/navigation_node_three) by extension 'ignore'
[6.008s] [34mcolcon.colcon_core.package_identification[0m [1;30mLevel 1[0m _identify(src/navigation_node_three) by extension 'ignore_ament_install'
[6.008s] [34mcolcon.colcon_core.package_identification[0m [1;30mLevel 1[0m _identify(src/navigation_node_three) by extensions ['colcon_pkg']
[6.008s] [34mcolcon.colcon_core.package_identification[0m [1;30mLevel 1[0m _identify(src/navigation_node_three) by extension 'colcon_pkg'
[6.008s] [34mcolcon.colcon_core.package_identification[0m [1;30mLevel 1[0m _identify(src/navigation_node_three) by extensions ['colcon_meta']
[6.008s] [34mcolcon.colcon_core.package_identification[0m [1;30mLevel 1[0m _identify(src/navigation_node_three) by extension 'colcon_meta'
[6.009s] [34mcolcon.colcon_core.package_identification[0m [1;30mLevel 1[0m _identify(src/navigation_node_three) by extensions ['ros']
[6.009s] [34mcolcon.colcon_core.package_identification[0m [1;30mLevel 1[0m _identify(src/navigation_node_three) by extension 'ros'
[6.010s] [34mcolcon.colcon_core.package_identification[0m [1;30mDEBUG[0m [32mPackage 'src/navigation_node_three' with type 'ros.ament_python' and name 'navigation_node_three'[0m
[6.011s] [34mcolcon.colcon_core.package_identification[0m [1;30mLevel 1[0m _identify(src/navigation_node_two) by extensions ['ignore', 'ignore_ament_install']
[6.011s] [34mcolcon.colcon_core.package_identification[0m [1;30mLevel 1[0m _identify(src/navigation_node_two) by extension 'ignore'
[6.011s] [34mcolcon.colcon_core.package_identification[0m [1;30mLevel 1[0m _identify(src/navigation_node_two) by extension 'ignore_ament_install'
[6.011s] [34mcolcon.colcon_core.package_identification[0m [1;30mLevel 1[0m _identify(src/navigation_node_two) by extensions ['colcon_pkg']
[6.011s] [34mcolcon.colcon_core.package_identification[0m [1;30mLevel 1[0m _identify(src/navigation_node_two) by extension 'colcon_pkg'
[6.011s] [34mcolcon.colcon_core.package_identification[0m [1;30mLevel 1[0m _identify(src/navigation_node_two) by extensions ['colcon_meta']
[6.011s] [34mcolcon.colcon_core.package_identification[0m [1;30mLevel 1[0m _identify(src/navigation_node_two) by extension 'colcon_meta'
[6.012s] [34mcolcon.colcon_core.package_identification[0m [1;30mLevel 1[0m _identify(src/navigation_node_two) by extensions ['ros']
[6.012s] [34mcolcon.colcon_core.package_identification[0m [1;30mLevel 1[0m _identify(src/navigation_node_two) by extension 'ros'
[6.013s] [34mcolcon.colcon_core.package_identification[0m [1;30mDEBUG[0m [32mPackage 'src/navigation_node_two' with type 'ros.ament_python' and name 'navigation_node_two'[0m
[6.014s] [34mcolcon.colcon_core.package_identification[0m [1;30mLevel 1[0m _identify(src/navigation_return_node) by extensions ['ignore', 'ignore_ament_install']
[6.014s] [34mcolcon.colcon_core.package_identification[0m [1;30mLevel 1[0m _identify(src/navigation_return_node) by extension 'ignore'
[6.014s] [34mcolcon.colcon_core.package_identification[0m [1;30mLevel 1[0m _identify(src/navigation_return_node) by extension 'ignore_ament_install'
[6.014s] [34mcolcon.colcon_core.package_identification[0m [1;30mLevel 1[0m _identify(src/navigation_return_node) by extensions ['colcon_pkg']
[6.014s] [34mcolcon.colcon_core.package_identification[0m [1;30mLevel 1[0m _identify(src/navigation_return_node) by extension 'colcon_pkg'
[6.014s] [34mcolcon.colcon_core.package_identification[0m [1;30mLevel 1[0m _identify(src/navigation_return_node) by extensions ['colcon_meta']
[6.014s] [34mcolcon.colcon_core.package_identification[0m [1;30mLevel 1[0m _identify(src/navigation_return_node) by extension 'colcon_meta'
[6.015s] [34mcolcon.colcon_core.package_identification[0m [1;30mLevel 1[0m _identify(src/navigation_return_node) by extensions ['ros']
[6.015s] [34mcolcon.colcon_core.package_identification[0m [1;30mLevel 1[0m _identify(src/navigation_return_node) by extension 'ros'
[6.016s] [34mcolcon.colcon_core.package_identification[0m [1;30mDEBUG[0m [32mPackage 'src/navigation_return_node' with type 'ros.ament_python' and name 'navigation_return_node'[0m
[6.016s] [34mcolcon.colcon_core.package_identification[0m [1;30mLevel 1[0m _identify(src/realsense-ros) by extensions ['ignore', 'ignore_ament_install']
[6.017s] [34mcolcon.colcon_core.package_identification[0m [1;30mLevel 1[0m _identify(src/realsense-ros) by extension 'ignore'
[6.017s] [34mcolcon.colcon_core.package_identification[0m [1;30mLevel 1[0m _identify(src/realsense-ros) ignored
[6.017s] [34mcolcon.colcon_core.package_identification[0m [1;30mLevel 1[0m _identify(src/unitree_sdk2) by extensions ['ignore', 'ignore_ament_install']
[6.017s] [34mcolcon.colcon_core.package_identification[0m [1;30mLevel 1[0m _identify(src/unitree_sdk2) by extension 'ignore'
[6.017s] [34mcolcon.colcon_core.package_identification[0m [1;30mLevel 1[0m _identify(src/unitree_sdk2) ignored
[6.018s] [34mcolcon.colcon_core.package_identification[0m [1;30mLevel 1[0m _identify(src/unitree_sdk2_python) by extensions ['ignore', 'ignore_ament_install']
[6.018s] [34mcolcon.colcon_core.package_identification[0m [1;30mLevel 1[0m _identify(src/unitree_sdk2_python) by extension 'ignore'
[6.018s] [34mcolcon.colcon_core.package_identification[0m [1;30mLevel 1[0m _identify(src/unitree_sdk2_python) ignored
[6.018s] [34mcolcon.colcon_core.package_identification[0m [1;30mLevel 1[0m _identify(src/vision_node) by extensions ['ignore', 'ignore_ament_install']
[6.018s] [34mcolcon.colcon_core.package_identification[0m [1;30mLevel 1[0m _identify(src/vision_node) by extension 'ignore'
[6.018s] [34mcolcon.colcon_core.package_identification[0m [1;30mLevel 1[0m _identify(src/vision_node) by extension 'ignore_ament_install'
[6.018s] [34mcolcon.colcon_core.package_identification[0m [1;30mLevel 1[0m _identify(src/vision_node) by extensions ['colcon_pkg']
[6.018s] [34mcolcon.colcon_core.package_identification[0m [1;30mLevel 1[0m _identify(src/vision_node) by extension 'colcon_pkg'
[6.019s] [34mcolcon.colcon_core.package_identification[0m [1;30mLevel 1[0m _identify(src/vision_node) by extensions ['colcon_meta']
[6.019s] [34mcolcon.colcon_core.package_identification[0m [1;30mLevel 1[0m _identify(src/vision_node) by extension 'colcon_meta'
[6.019s] [34mcolcon.colcon_core.package_identification[0m [1;30mLevel 1[0m _identify(src/vision_node) by extensions ['ros']
[6.019s] [34mcolcon.colcon_core.package_identification[0m [1;30mLevel 1[0m _identify(src/vision_node) by extension 'ros'
[6.021s] [34mcolcon.colcon_core.package_identification[0m [1;30mDEBUG[0m [32mPackage 'src/vision_node' with type 'ros.ament_python' and name 'vision_node'[0m
[6.021s] [34mcolcon.colcon_core.package_discovery[0m [1;30mLevel 1[0m discover_packages(recursive) using defaults
[6.021s] [34mcolcon.colcon_core.package_discovery[0m [1;30mLevel 1[0m discover_packages(ignore) discover
[6.021s] [34mcolcon.colcon_core.package_discovery[0m [1;30mLevel 1[0m discover_packages(ignore) using defaults
[6.021s] [34mcolcon.colcon_core.package_discovery[0m [1;30mLevel 1[0m discover_packages(path) discover
[6.022s] [34mcolcon.colcon_core.package_discovery[0m [1;30mLevel 1[0m discover_packages(path) using defaults
[6.579s] [34mcolcon.colcon_core.package_discovery[0m [1;30mLevel 1[0m discover_packages(prefix_path) check parameters
[6.579s] [34mcolcon.colcon_core.package_discovery[0m [1;30mLevel 1[0m discover_packages(prefix_path) discover
[6.775s] [34mcolcon.colcon_installed_package_information.package_discovery[0m [1;30mDEBUG[0m [32mFound 14 installed packages in /home/unitree/106a_final/install[0m
[6.873s] [34mcolcon.colcon_installed_package_information.package_discovery[0m [1;30mDEBUG[0m [32mFound 2 installed packages in /home/unitree/cyclonedds_ws/install[0m
[6.973s] [34mcolcon.colcon_installed_package_information.package_discovery[0m [1;30mDEBUG[0m [32mFound 292 installed packages in /opt/ros/foxy[0m
[6.977s] [34mcolcon.colcon_core.package_discovery[0m [1;30mLevel 1[0m discover_packages(prefix_path) using defaults
[7.321s] [34mcolcon.colcon_core.verb[0m [1;30mLevel 5[0m set package 'arm_control' build argument 'cmake_args' from command line to 'None'
[7.321s] [34mcolcon.colcon_core.verb[0m [1;30mLevel 5[0m set package 'arm_control' build argument 'cmake_target' from command line to 'None'
[7.321s] [34mcolcon.colcon_core.verb[0m [1;30mLevel 5[0m set package 'arm_control' build argument 'cmake_target_skip_unavailable' from command line to 'False'
[7.321s] [34mcolcon.colcon_core.verb[0m [1;30mLevel 5[0m set package 'arm_control' build argument 'cmake_clean_cache' from command line to 'False'
[7.321s] [34mcolcon.colcon_core.verb[0m [1;30mLevel 5[0m set package 'arm_control' build argument 'cmake_clean_first' from command line to 'False'
[7.321s] [34mcolcon.colcon_core.verb[0m [1;30mLevel 5[0m set package 'arm_control' build argument 'cmake_force_configure' from command line to 'False'
[7.321s] [34mcolcon.colcon_core.verb[0m [1;30mLevel 5[0m set package 'arm_control' build argument 'ament_cmake_args' from command line to 'None'
[7.321s] [34mcolcon.colcon_core.verb[0m [1;30mLevel 5[0m set package 'arm_control' build argument 'catkin_cmake_args' from command line to 'None'
[7.321s] [34mcolcon.colcon_core.verb[0m [1;30mLevel 5[0m set package 'arm_control' build argument 'catkin_skip_building_tests' from command line to 'False'
[7.322s] [34mcolcon.colcon_core.verb[0m [1;30mDEBUG[0m [32mBuilding package 'arm_control' with the following arguments: {'ament_cmake_args': None, 'build_base': '/home/unitree/106a_final/build/arm_control', 'catkin_cmake_args': None, 'catkin_skip_building_tests': False, 'cmake_args': None, 'cmake_clean_cache': False, 'cmake_clean_first': False, 'cmake_force_configure': False, 'cmake_target': None, 'cmake_target_skip_unavailable': False, 'install_base': '/home/unitree/106a_final/install/arm_control', 'merge_install': False, 'path': '/home/unitree/106a_final/src/arm_control', 'symlink_install': False, 'test_result_base': None}[0m
[7.420s] [34mcolcon.colcon_core.verb[0m [1;30mLevel 5[0m set package 'arm_driver' build argument 'cmake_args' from command line to 'None'
[7.421s] [34mcolcon.colcon_core.verb[0m [1;30mLevel 5[0m set package 'arm_driver' build argument 'cmake_target' from command line to 'None'
[7.421s] [34mcolcon.colcon_core.verb[0m [1;30mLevel 5[0m set package 'arm_driver' build argument 'cmake_target_skip_unavailable' from command line to 'False'
[7.421s] [34mcolcon.colcon_core.verb[0m [1;30mLevel 5[0m set package 'arm_driver' build argument 'cmake_clean_cache' from command line to 'False'
[7.421s] [34mcolcon.colcon_core.verb[0m [1;30mLevel 5[0m set package 'arm_driver' build argument 'cmake_clean_first' from command line to 'False'
[7.421s] [34mcolcon.colcon_core.verb[0m [1;30mLevel 5[0m set package 'arm_driver' build argument 'cmake_force_configure' from command line to 'False'
[7.421s] [34mcolcon.colcon_core.verb[0m [1;30mLevel 5[0m set package 'arm_driver' build argument 'ament_cmake_args' from command line to 'None'
[7.421s] [34mcolcon.colcon_core.verb[0m [1;30mLevel 5[0m set package 'arm_driver' build argument 'catkin_cmake_args' from command line to 'None'
[7.421s] [34mcolcon.colcon_core.verb[0m [1;30mLevel 5[0m set package 'arm_driver' build argument 'catkin_skip_building_tests' from command line to 'False'
[7.421s] [34mcolcon.colcon_core.verb[0m [1;30mDEBUG[0m [32mBuilding package 'arm_driver' with the following arguments: {'ament_cmake_args': None, 'build_base': '/home/unitree/106a_final/build/arm_driver', 'catkin_cmake_args': None, 'catkin_skip_building_tests': False, 'cmake_args': None, 'cmake_clean_cache': False, 'cmake_clean_first': False, 'cmake_force_configure': False, 'cmake_target': None, 'cmake_target_skip_unavailable': False, 'install_base': '/home/unitree/106a_final/install/arm_driver', 'merge_install': False, 'path': '/home/unitree/106a_final/src/arm_driver', 'symlink_install': False, 'test_result_base': None}[0m
[7.519s] [34mcolcon.colcon_core.verb[0m [1;30mLevel 5[0m set package 'aruco_node' build argument 'cmake_args' from command line to 'None'
[7.520s] [34mcolcon.colcon_core.verb[0m [1;30mLevel 5[0m set package 'aruco_node' build argument 'cmake_target' from command line to 'None'
[7.520s] [34mcolcon.colcon_core.verb[0m [1;30mLevel 5[0m set package 'aruco_node' build argument 'cmake_target_skip_unavailable' from command line to 'False'
[7.520s] [34mcolcon.colcon_core.verb[0m [1;30mLevel 5[0m set package 'aruco_node' build argument 'cmake_clean_cache' from command line to 'False'
[7.520s] [34mcolcon.colcon_core.verb[0m [1;30mLevel 5[0m set package 'aruco_node' build argument 'cmake_clean_first' from command line to 'False'
[7.520s] [34mcolcon.colcon_core.verb[0m [1;30mLevel 5[0m set package 'aruco_node' build argument 'cmake_force_configure' from command line to 'False'
[7.520s] [34mcolcon.colcon_core.verb[0m [1;30mLevel 5[0m set package 'aruco_node' build argument 'ament_cmake_args' from command line to 'None'
[7.520s] [34mcolcon.colcon_core.verb[0m [1;30mLevel 5[0m set package 'aruco_node' build argument 'catkin_cmake_args' from command line to 'None'
[7.520s] [34mcolcon.colcon_core.verb[0m [1;30mLevel 5[0m set package 'aruco_node' build argument 'catkin_skip_building_tests' from command line to 'False'
[7.520s] [34mcolcon.colcon_core.verb[0m [1;30mDEBUG[0m [32mBuilding package 'aruco_node' with the following arguments: {'ament_cmake_args': None, 'build_base': '/home/unitree/106a_final/build/aruco_node', 'catkin_cmake_args': None, 'catkin_skip_building_tests': False, 'cmake_args': None, 'cmake_clean_cache': False, 'cmake_clean_first': False, 'cmake_force_configure': False, 'cmake_target': None, 'cmake_target_skip_unavailable': False, 'install_base': '/home/unitree/106a_final/install/aruco_node', 'merge_install': False, 'path': '/home/unitree/106a_final/src/aruco_node', 'symlink_install': False, 'test_result_base': None}[0m
[7.617s] [34mcolcon.colcon_core.verb[0m [1;30mLevel 5[0m set package 'base_driver' build argument 'cmake_args' from command line to 'None'
[7.617s] [34mcolcon.colcon_core.verb[0m [1;30mLevel 5[0m set package 'base_driver' build argument 'cmake_target' from command line to 'None'
[7.617s] [34mcolcon.colcon_core.verb[0m [1;30mLevel 5[0m set package 'base_driver' build argument 'cmake_target_skip_unavailable' from command line to 'False'
[7.617s] [34mcolcon.colcon_core.verb[0m [1;30mLevel 5[0m set package 'base_driver' build argument 'cmake_clean_cache' from command line to 'False'
[7.617s] [34mcolcon.colcon_core.verb[0m [1;30mLevel 5[0m set package 'base_driver' build argument 'cmake_clean_first' from command line to 'False'
[7.617s] [34mcolcon.colcon_core.verb[0m [1;30mLevel 5[0m set package 'base_driver' build argument 'cmake_force_configure' from command line to 'False'
[7.617s] [34mcolcon.colcon_core.verb[0m [1;30mLevel 5[0m set package 'base_driver' build argument 'ament_cmake_args' from command line to 'None'
[7.617s] [34mcolcon.colcon_core.verb[0m [1;30mLevel 5[0m set package 'base_driver' build argument 'catkin_cmake_args' from command line to 'None'
[7.617s] [34mcolcon.colcon_core.verb[0m [1;30mLevel 5[0m set package 'base_driver' build argument 'catkin_skip_building_tests' from command line to 'False'
[7.617s] [34mcolcon.colcon_core.verb[0m [1;30mDEBUG[0m [32mBuilding package 'base_driver' with the following arguments: {'ament_cmake_args': None, 'build_base': '/home/unitree/106a_final/build/base_driver', 'catkin_cmake_args': None, 'catkin_skip_building_tests': False, 'cmake_args': None, 'cmake_clean_cache': False, 'cmake_clean_first': False, 'cmake_force_configure': False, 'cmake_target': None, 'cmake_target_skip_unavailable': False, 'install_base': '/home/unitree/106a_final/install/base_driver', 'merge_install': False, 'path': '/home/unitree/106a_final/src/base_driver', 'symlink_install': False, 'test_result_base': None}[0m
[7.715s] [34mcolcon.colcon_core.verb[0m [1;30mLevel 5[0m set package 'navigation_node' build argument 'cmake_args' from command line to 'None'
[7.715s] [34mcolcon.colcon_core.verb[0m [1;30mLevel 5[0m set package 'navigation_node' build argument 'cmake_target' from command line to 'None'
[7.715s] [34mcolcon.colcon_core.verb[0m [1;30mLevel 5[0m set package 'navigation_node' build argument 'cmake_target_skip_unavailable' from command line to 'False'
[7.715s] [34mcolcon.colcon_core.verb[0m [1;30mLevel 5[0m set package 'navigation_node' build argument 'cmake_clean_cache' from command line to 'False'
[7.715s] [34mcolcon.colcon_core.verb[0m [1;30mLevel 5[0m set package 'navigation_node' build argument 'cmake_clean_first' from command line to 'False'
[7.716s] [34mcolcon.colcon_core.verb[0m [1;30mLevel 5[0m set package 'navigation_node' build argument 'cmake_force_configure' from command line to 'False'
[7.716s] [34mcolcon.colcon_core.verb[0m [1;30mLevel 5[0m set package 'navigation_node' build argument 'ament_cmake_args' from command line to 'None'
[7.716s] [34mcolcon.colcon_core.verb[0m [1;30mLevel 5[0m set package 'navigation_node' build argument 'catkin_cmake_args' from command line to 'None'
[7.716s] [34mcolcon.colcon_core.verb[0m [1;30mLevel 5[0m set package 'navigation_node' build argument 'catkin_skip_building_tests' from command line to 'False'
[7.716s] [34mcolcon.colcon_core.verb[0m [1;30mDEBUG[0m [32mBuilding package 'navigation_node' with the following arguments: {'ament_cmake_args': None, 'build_base': '/home/unitree/106a_final/build/navigation_node', 'catkin_cmake_args': None, 'catkin_skip_building_tests': False, 'cmake_args': None, 'cmake_clean_cache': False, 'cmake_clean_first': False, 'cmake_force_configure': False, 'cmake_target': None, 'cmake_target_skip_unavailable': False, 'install_base': '/home/unitree/106a_final/install/navigation_node', 'merge_install': False, 'path': '/home/unitree/106a_final/src/navigation_node', 'symlink_install': False, 'test_result_base': None}[0m
[7.854s] [34mcolcon.colcon_core.verb[0m [1;30mLevel 5[0m set package 'navigation_node_three' build argument 'cmake_args' from command line to 'None'
[7.854s] [34mcolcon.colcon_core.verb[0m [1;30mLevel 5[0m set package 'navigation_node_three' build argument 'cmake_target' from command line to 'None'
[7.855s] [34mcolcon.colcon_core.verb[0m [1;30mLevel 5[0m set package 'navigation_node_three' build argument 'cmake_target_skip_unavailable' from command line to 'False'
[7.855s] [34mcolcon.colcon_core.verb[0m [1;30mLevel 5[0m set package 'navigation_node_three' build argument 'cmake_clean_cache' from command line to 'False'
[7.855s] [34mcolcon.colcon_core.verb[0m [1;30mLevel 5[0m set package 'navigation_node_three' build argument 'cmake_clean_first' from command line to 'False'
[7.855s] [34mcolcon.colcon_core.verb[0m [1;30mLevel 5[0m set package 'navigation_node_three' build argument 'cmake_force_configure' from command line to 'False'
[7.855s] [34mcolcon.colcon_core.verb[0m [1;30mLevel 5[0m set package 'navigation_node_three' build argument 'ament_cmake_args' from command line to 'None'
[7.855s] [34mcolcon.colcon_core.verb[0m [1;30mLevel 5[0m set package 'navigation_node_three' build argument 'catkin_cmake_args' from command line to 'None'
[7.855s] [34mcolcon.colcon_core.verb[0m [1;30mLevel 5[0m set package 'navigation_node_three' build argument 'catkin_skip_building_tests' from command line to 'False'
[7.855s] [34mcolcon.colcon_core.verb[0m [1;30mDEBUG[0m [32mBuilding package 'navigation_node_three' with the following arguments: {'ament_cmake_args': None, 'build_base': '/home/unitree/106a_final/build/navigation_node_three', 'catkin_cmake_args': None, 'catkin_skip_building_tests': False, 'cmake_args': None, 'cmake_clean_cache': False, 'cmake_clean_first': False, 'cmake_force_configure': False, 'cmake_target': None, 'cmake_target_skip_unavailable': False, 'install_base': '/home/unitree/106a_final/install/navigation_node_three', 'merge_install': False, 'path': '/home/unitree/106a_final/src/navigation_node_three', 'symlink_install': False, 'test_result_base': None}[0m
[7.949s] [34mcolcon.colcon_core.verb[0m [1;30mLevel 5[0m set package 'navigation_node_two' build argument 'cmake_args' from command line to 'None'
[7.949s] [34mcolcon.colcon_core.verb[0m [1;30mLevel 5[0m set package 'navigation_node_two' build argument 'cmake_target' from command line to 'None'
[7.950s] [34mcolcon.colcon_core.verb[0m [1;30mLevel 5[0m set package 'navigation_node_two' build argument 'cmake_target_skip_unavailable' from command line to 'False'
[7.950s] [34mcolcon.colcon_core.verb[0m [1;30mLevel 5[0m set package 'navigation_node_two' build argument 'cmake_clean_cache' from command line to 'False'
[7.950s] [34mcolcon.colcon_core.verb[0m [1;30mLevel 5[0m set package 'navigation_node_two' build argument 'cmake_clean_first' from command line to 'False'
[7.950s] [34mcolcon.colcon_core.verb[0m [1;30mLevel 5[0m set package 'navigation_node_two' build argument 'cmake_force_configure' from command line to 'False'
[7.950s] [34mcolcon.colcon_core.verb[0m [1;30mLevel 5[0m set package 'navigation_node_two' build argument 'ament_cmake_args' from command line to 'None'
[7.950s] [34mcolcon.colcon_core.verb[0m [1;30mLevel 5[0m set package 'navigation_node_two' build argument 'catkin_cmake_args' from command line to 'None'
[7.950s] [34mcolcon.colcon_core.verb[0m [1;30mLevel 5[0m set package 'navigation_node_two' build argument 'catkin_skip_building_tests' from command line to 'False'
[7.950s] [34mcolcon.colcon_core.verb[0m [1;30mDEBUG[0m [32mBuilding package 'navigation_node_two' with the following arguments: {'ament_cmake_args': None, 'build_base': '/home/unitree/106a_final/build/navigation_node_two', 'catkin_cmake_args': None, 'catkin_skip_building_tests': False, 'cmake_args': None, 'cmake_clean_cache': False, 'cmake_clean_first': False, 'cmake_force_configure': False, 'cmake_target': None, 'cmake_target_skip_unavailable': False, 'install_base': '/home/unitree/106a_final/install/navigation_node_two', 'merge_install': False, 'path': '/home/unitree/106a_final/src/navigation_node_two', 'symlink_install': False, 'test_result_base': None}[0m
[8.046s] [34mcolcon.colcon_core.verb[0m [1;30mLevel 5[0m set package 'navigation_return_node' build argument 'cmake_args' from command line to 'None'
[8.046s] [34mcolcon.colcon_core.verb[0m [1;30mLevel 5[0m set package 'navigation_return_node' build argument 'cmake_target' from command line to 'None'
[8.046s] [34mcolcon.colcon_core.verb[0m [1;30mLevel 5[0m set package 'navigation_return_node' build argument 'cmake_target_skip_unavailable' from command line to 'False'
[8.046s] [34mcolcon.colcon_core.verb[0m [1;30mLevel 5[0m set package 'navigation_return_node' build argument 'cmake_clean_cache' from command line to 'False'
[8.046s] [34mcolcon.colcon_core.verb[0m [1;30mLevel 5[0m set package 'navigation_return_node' build argument 'cmake_clean_first' from command line to 'False'
[8.046s] [34mcolcon.colcon_core.verb[0m [1;30mLevel 5[0m set package 'navigation_return_node' build argument 'cmake_force_configure' from command line to 'False'
[8.046s] [34mcolcon.colcon_core.verb[0m [1;30mLevel 5[0m set package 'navigation_return_node' build argument 'ament_cmake_args' from command line to 'None'
[8.046s] [34mcolcon.colcon_core.verb[0m [1;30mLevel 5[0m set package 'navigation_return_node' build argument 'catkin_cmake_args' from command line to 'None'
[8.047s] [34mcolcon.colcon_core.verb[0m [1;30mLevel 5[0m set package 'navigation_return_node' build argument 'catkin_skip_building_tests' from command line to 'False'
[8.047s] [34mcolcon.colcon_core.verb[0m [1;30mDEBUG[0m [32mBuilding package 'navigation_return_node' with the following arguments: {'ament_cmake_args': None, 'build_base': '/home/unitree/106a_final/build/navigation_return_node', 'catkin_cmake_args': None, 'catkin_skip_building_tests': False, 'cmake_args': None, 'cmake_clean_cache': False, 'cmake_clean_first': False, 'cmake_force_configure': False, 'cmake_target': None, 'cmake_target_skip_unavailable': False, 'install_base': '/home/unitree/106a_final/install/navigation_return_node', 'merge_install': False, 'path': '/home/unitree/106a_final/src/navigation_return_node', 'symlink_install': False, 'test_result_base': None}[0m
[8.143s] [34mcolcon.colcon_core.verb[0m [1;30mLevel 5[0m set package 'vision_node' build argument 'cmake_args' from command line to 'None'
[8.144s] [34mcolcon.colcon_core.verb[0m [1;30mLevel 5[0m set package 'vision_node' build argument 'cmake_target' from command line to 'None'
[8.144s] [34mcolcon.colcon_core.verb[0m [1;30mLevel 5[0m set package 'vision_node' build argument 'cmake_target_skip_unavailable' from command line to 'False'
[8.144s] [34mcolcon.colcon_core.verb[0m [1;30mLevel 5[0m set package 'vision_node' build argument 'cmake_clean_cache' from command line to 'False'
[8.144s] [34mcolcon.colcon_core.verb[0m [1;30mLevel 5[0m set package 'vision_node' build argument 'cmake_clean_first' from command line to 'False'
[8.144s] [34mcolcon.colcon_core.verb[0m [1;30mLevel 5[0m set package 'vision_node' build argument 'cmake_force_configure' from command line to 'False'
[8.144s] [34mcolcon.colcon_core.verb[0m [1;30mLevel 5[0m set package 'vision_node' build argument 'ament_cmake_args' from command line to 'None'
[8.144s] [34mcolcon.colcon_core.verb[0m [1;30mLevel 5[0m set package 'vision_node' build argument 'catkin_cmake_args' from command line to 'None'
[8.144s] [34mcolcon.colcon_core.verb[0m [1;30mLevel 5[0m set package 'vision_node' build argument 'catkin_skip_building_tests' from command line to 'False'
[8.144s] [34mcolcon.colcon_core.verb[0m [1;30mDEBUG[0m [32mBuilding package 'vision_node' with the following arguments: {'ament_cmake_args': None, 'build_base': '/home/unitree/106a_final/build/vision_node', 'catkin_cmake_args': None, 'catkin_skip_building_tests': False, 'cmake_args': None, 'cmake_clean_cache': False, 'cmake_clean_first': False, 'cmake_force_configure': False, 'cmake_target': None, 'cmake_target_skip_unavailable': False, 'install_base': '/home/unitree/106a_final/install/vision_node', 'merge_install': False, 'path': '/home/unitree/106a_final/src/vision_node', 'symlink_install': False, 'test_result_base': None}[0m
[8.240s] [34mcolcon.colcon_core.verb[0m [1;30mLevel 5[0m set package 'go2_bringup' build argument 'cmake_args' from command line to 'None'
[8.241s] [34mcolcon.colcon_core.verb[0m [1;30mLevel 5[0m set package 'go2_bringup' build argument 'cmake_target' from command line to 'None'
[8.241s] [34mcolcon.colcon_core.verb[0m [1;30mLevel 5[0m set package 'go2_bringup' build argument 'cmake_target_skip_unavailable' from command line to 'False'
[8.241s] [34mcolcon.colcon_core.verb[0m [1;30mLevel 5[0m set package 'go2_bringup' build argument 'cmake_clean_cache' from command line to 'False'
[8.241s] [34mcolcon.colcon_core.verb[0m [1;30mLevel 5[0m set package 'go2_bringup' build argument 'cmake_clean_first' from command line to 'False'
[8.241s] [34mcolcon.colcon_core.verb[0m [1;30mLevel 5[0m set package 'go2_bringup' build argument 'cmake_force_configure' from command line to 'False'
[8.241s] [34mcolcon.colcon_core.verb[0m [1;30mLevel 5[0m set package 'go2_bringup' build argument 'ament_cmake_args' from command line to 'None'
[8.241s] [34mcolcon.colcon_core.verb[0m [1;30mLevel 5[0m set package 'go2_bringup' build argument 'catkin_cmake_args' from command line to 'None'
[8.241s] [34mcolcon.colcon_core.verb[0m [1;30mLevel 5[0m set package 'go2_bringup' build argument 'catkin_skip_building_tests' from command line to 'False'
[8.241s] [34mcolcon.colcon_core.verb[0m [1;30mDEBUG[0m [32mBuilding package 'go2_bringup' with the following arguments: {'ament_cmake_args': None, 'build_base': '/home/unitree/106a_final/build/go2_bringup', 'catkin_cmake_args': None, 'catkin_skip_building_tests': False, 'cmake_args': None, 'cmake_clean_cache': False, 'cmake_clean_first': False, 'cmake_force_configure': False, 'cmake_target': None, 'cmake_target_skip_unavailable': False, 'install_base': '/home/unitree/106a_final/install/go2_bringup', 'merge_install': False, 'path': '/home/unitree/106a_final/src/go2_bringup', 'symlink_install': False, 'test_result_base': None}[0m
[8.334s] [34mcolcon.colcon_core.executor[0m [1;30mINFO[0m Executing jobs using 'parallel' executor
[8.432s] [34mcolcon.colcon_parallel_executor.executor.parallel[0m [1;30mDEBUG[0m [32mrun_until_complete[0m
[8.433s] [34mcolcon.colcon_ros.task.ament_python.build[0m [1;30mINFO[0m Building ROS package in '/home/unitree/106a_final/src/arm_control' with build type 'ament_python'
[8.434s] [34mcolcon.colcon_core.shell[0m [1;30mLevel 1[0m create_environment_hook('arm_control', 'ament_prefix_path')
[8.540s] [34mcolcon.colcon_core.plugin_system[0m [1;30mINFO[0m Skipping extension 'colcon_core.shell.bat': Not used on non-Windows systems
[8.541s] [34mcolcon.colcon_core.shell[0m [1;30mINFO[0m Creating environment hook '/home/unitree/106a_final/install/arm_control/share/arm_control/hook/ament_prefix_path.ps1'
[8.542s] [34mcolcon.colcon_core.shell[0m [1;30mINFO[0m Creating environment descriptor '/home/unitree/106a_final/install/arm_control/share/arm_control/hook/ament_prefix_path.dsv'
[8.543s] [34mcolcon.colcon_core.shell[0m [1;30mINFO[0m Creating environment hook '/home/unitree/106a_final/install/arm_control/share/arm_control/hook/ament_prefix_path.sh'
[8.644s] [34mcolcon.colcon_core.shell[0m [1;30mINFO[0m Skip shell extension 'powershell' for command environment: Not usable outside of PowerShell
[8.644s] [34mcolcon.colcon_core.shell[0m [1;30mDEBUG[0m [32mSkip shell extension 'dsv' for command environment[0m
[9.064s] [34mcolcon.colcon_ros.task.ament_cmake.build[0m [1;30mINFO[0m Building ROS package in '/home/unitree/106a_final/src/arm_driver' with build type 'ament_cmake'
[9.064s] [34mcolcon.colcon_cmake.task.cmake.build[0m [1;30mINFO[0m Building CMake package in '/home/unitree/106a_final/src/arm_driver'
[9.173s] [34mcolcon.colcon_core.shell[0m [1;30mINFO[0m Skip shell extension 'powershell' for command environment: Not usable outside of PowerShell
[9.173s] [34mcolcon.colcon_core.shell[0m [1;30mDEBUG[0m [32mSkip shell extension 'dsv' for command environment[0m
[9.574s] [34mcolcon.colcon_ros.task.ament_python.build[0m [1;30mINFO[0m Building ROS package in '/home/unitree/106a_final/src/aruco_node' with build type 'ament_python'
[9.576s] [34mcolcon.colcon_core.shell[0m [1;30mLevel 1[0m create_environment_hook('aruco_node', 'ament_prefix_path')
[9.693s] [34mcolcon.colcon_core.shell[0m [1;30mINFO[0m Creating environment hook '/home/unitree/106a_final/install/aruco_node/share/aruco_node/hook/ament_prefix_path.ps1'
[9.695s] [34mcolcon.colcon_core.shell[0m [1;30mINFO[0m Creating environment descriptor '/home/unitree/106a_final/install/aruco_node/share/aruco_node/hook/ament_prefix_path.dsv'
[9.697s] [34mcolcon.colcon_core.shell[0m [1;30mINFO[0m Creating environment hook '/home/unitree/106a_final/install/aruco_node/share/aruco_node/hook/ament_prefix_path.sh'
[9.822s] [34mcolcon.colcon_core.shell[0m [1;30mINFO[0m Skip shell extension 'powershell' for command environment: Not usable outside of PowerShell
[9.823s] [34mcolcon.colcon_core.shell[0m [1;30mDEBUG[0m [32mSkip shell extension 'dsv' for command environment[0m
[10.289s] [34mcolcon.colcon_ros.task.ament_cmake.build[0m [1;30mINFO[0m Building ROS package in '/home/unitree/106a_final/src/base_driver' with build type 'ament_cmake'
[10.290s] [34mcolcon.colcon_cmake.task.cmake.build[0m [1;30mINFO[0m Building CMake package in '/home/unitree/106a_final/src/base_driver'
[10.400s] [34mcolcon.colcon_core.shell[0m [1;30mINFO[0m Skip shell extension 'powershell' for command environment: Not usable outside of PowerShell
[10.400s] [34mcolcon.colcon_core.shell[0m [1;30mDEBUG[0m [32mSkip shell extension 'dsv' for command environment[0m
[11.494s] [34mcolcon.colcon_core.task.python.build[0m [1;30mINFO[0m Building Python package in '/home/unitree/106a_final/src/arm_control'
[11.593s] [34mcolcon.colcon_core.shell[0m [1;30mINFO[0m Skip shell extension 'powershell' for command environment: Not usable outside of PowerShell
[11.593s] [34mcolcon.colcon_core.shell[0m [1;30mDEBUG[0m [32mSkip shell extension 'dsv' for command environment[0m
[12.006s] [34mcolcon.colcon_core.event_handler.log_command[0m [1;30mDEBUG[0m [32mInvoking command in '/home/unitree/106a_final/build/arm_driver': CMAKE_PREFIX_PATH=${CMAKE_PREFIX_PATH}:/home/unitree/106a_final/install/go2_bringup:/home/unitree/106a_final/install/vision_node:/home/unitree/106a_final/install/navigation_return_node:/home/unitree/106a_final/install/navigation_node_two:/home/unitree/106a_final/install/navigation_node_three:/home/unitree/106a_final/install/navigation_node:/home/unitree/106a_final/install/navigatigation_node_three:/home/unitree/106a_final/install/aruco_node:/home/unitree/106a_final/install/arm_control:/opt/ros/foxy /usr/bin/cmake --build /home/unitree/106a_final/build/arm_driver -- -j4 -l4[0m
[12.668s] [34mcolcon.colcon_core.task.python.build[0m [1;30mINFO[0m Building Python package in '/home/unitree/106a_final/src/aruco_node'
[12.776s] [34mcolcon.colcon_core.shell[0m [1;30mINFO[0m Skip shell extension 'powershell' for command environment: Not usable outside of PowerShell
[12.776s] [34mcolcon.colcon_core.shell[0m [1;30mDEBUG[0m [32mSkip shell extension 'dsv' for command environment[0m
[13.217s] [34mcolcon.colcon_core.event_handler.log_command[0m [1;30mDEBUG[0m [32mInvoking command in '/home/unitree/106a_final/build/base_driver': CMAKE_PREFIX_PATH=${CMAKE_PREFIX_PATH}:/home/unitree/106a_final/install/go2_bringup:/home/unitree/106a_final/install/vision_node:/home/unitree/106a_final/install/navigation_return_node:/home/unitree/106a_final/install/navigation_node_two:/home/unitree/106a_final/install/navigation_node_three:/home/unitree/106a_final/install/navigation_node:/home/unitree/106a_final/install/navigatigation_node_three:/home/unitree/106a_final/install/aruco_node:/home/unitree/106a_final/install/arm_control:/opt/ros/foxy /usr/bin/cmake --build /home/unitree/106a_final/build/base_driver -- -j4 -l4[0m
[13.244s] [34mcolcon.colcon_core.event_handler.log_command[0m [1;30mDEBUG[0m [32mInvoked command in '/home/unitree/106a_final/build/arm_driver' returned '0': CMAKE_PREFIX_PATH=${CMAKE_PREFIX_PATH}:/home/unitree/106a_final/install/go2_bringup:/home/unitree/106a_final/install/vision_node:/home/unitree/106a_final/install/navigation_return_node:/home/unitree/106a_final/install/navigation_node_two:/home/unitree/106a_final/install/navigation_node_three:/home/unitree/106a_final/install/navigation_node:/home/unitree/106a_final/install/navigatigation_node_three:/home/unitree/106a_final/install/aruco_node:/home/unitree/106a_final/install/arm_control:/opt/ros/foxy /usr/bin/cmake --build /home/unitree/106a_final/build/arm_driver -- -j4 -l4[0m
[13.300s] [34mcolcon.colcon_core.event_handler.log_command[0m [1;30mDEBUG[0m [32mInvoking command in '/home/unitree/106a_final/build/arm_driver': CMAKE_PREFIX_PATH=${CMAKE_PREFIX_PATH}:/home/unitree/106a_final/install/go2_bringup:/home/unitree/106a_final/install/vision_node:/home/unitree/106a_final/install/navigation_return_node:/home/unitree/106a_final/install/navigation_node_two:/home/unitree/106a_final/install/navigation_node_three:/home/unitree/106a_final/install/navigation_node:/home/unitree/106a_final/install/navigatigation_node_three:/home/unitree/106a_final/install/aruco_node:/home/unitree/106a_final/install/arm_control:/opt/ros/foxy /usr/bin/cmake --install /home/unitree/106a_final/build/arm_driver[0m
[13.420s] [34mcolcon.colcon_core.environment[0m [1;30mLevel 1[0m create_environment_scripts_only(arm_driver)
[13.422s] [34mcolcon.colcon_core.event_handler.log_command[0m [1;30mDEBUG[0m [32mInvoked command in '/home/unitree/106a_final/build/arm_driver' returned '0': CMAKE_PREFIX_PATH=${CMAKE_PREFIX_PATH}:/home/unitree/106a_final/install/go2_bringup:/home/unitree/106a_final/install/vision_node:/home/unitree/106a_final/install/navigation_return_node:/home/unitree/106a_final/install/navigation_node_two:/home/unitree/106a_final/install/navigation_node_three:/home/unitree/106a_final/install/navigation_node:/home/unitree/106a_final/install/navigatigation_node_three:/home/unitree/106a_final/install/aruco_node:/home/unitree/106a_final/install/arm_control:/opt/ros/foxy /usr/bin/cmake --install /home/unitree/106a_final/build/arm_driver[0m
[13.789s] [34mcolcon.colcon_core.environment[0m [1;30mLevel 1[0m checking '/home/unitree/106a_final/install/arm_driver' for CMake module files
[13.790s] [34mcolcon.colcon_core.environment[0m [1;30mLevel 1[0m checking '/home/unitree/106a_final/install/arm_driver' for CMake config files
[13.791s] [34mcolcon.colcon_core.shell[0m [1;30mLevel 1[0m create_environment_hook('arm_driver', 'cmake_prefix_path')
[14.043s] [34mcolcon.colcon_core.shell[0m [1;30mINFO[0m Creating environment hook '/home/unitree/106a_final/install/arm_driver/share/arm_driver/hook/cmake_prefix_path.ps1'
[14.045s] [34mcolcon.colcon_core.shell[0m [1;30mINFO[0m Creating environment descriptor '/home/unitree/106a_final/install/arm_driver/share/arm_driver/hook/cmake_prefix_path.dsv'
[14.049s] [34mcolcon.colcon_core.shell[0m [1;30mINFO[0m Creating environment hook '/home/unitree/106a_final/install/arm_driver/share/arm_driver/hook/cmake_prefix_path.sh'
[14.052s] [34mcolcon.colcon_core.environment[0m [1;30mLevel 1[0m checking '/home/unitree/106a_final/install/arm_driver/lib'
[14.057s] [34mcolcon.colcon_core.environment[0m [1;30mLevel 1[0m checking '/home/unitree/106a_final/install/arm_driver/bin'
[14.057s] [34mcolcon.colcon_core.environment[0m [1;30mLevel 1[0m checking '/home/unitree/106a_final/install/arm_driver/lib/pkgconfig/arm_driver.pc'
[14.058s] [34mcolcon.colcon_core.environment[0m [1;30mLevel 1[0m checking '/home/unitree/106a_final/install/arm_driver/lib/python3.8/site-packages'
[14.058s] [34mcolcon.colcon_core.environment[0m [1;30mLevel 1[0m checking '/home/unitree/106a_final/install/arm_driver/bin'
[14.258s] [34mcolcon.colcon_core.shell[0m [1;30mINFO[0m Creating package script '/home/unitree/106a_final/install/arm_driver/share/arm_driver/package.ps1'
[14.273s] [34mcolcon.colcon_core.shell[0m [1;30mINFO[0m Creating package descriptor '/home/unitree/106a_final/install/arm_driver/share/arm_driver/package.dsv'
[14.274s] [34mcolcon.colcon_core.shell[0m [1;30mINFO[0m Creating package script '/home/unitree/106a_final/install/arm_driver/share/arm_driver/package.sh'
[14.276s] [34mcolcon.colcon_core.shell[0m [1;30mINFO[0m Creating package script '/home/unitree/106a_final/install/arm_driver/share/arm_driver/package.bash'
[14.278s] [34mcolcon.colcon_core.shell[0m [1;30mINFO[0m Creating package script '/home/unitree/106a_final/install/arm_driver/share/arm_driver/package.zsh'
[14.280s] [34mcolcon.colcon_core.environment[0m [1;30mLevel 1[0m create_file_with_runtime_dependencies(/home/unitree/106a_final/install/arm_driver/share/colcon-core/packages/arm_driver)
[14.423s] [34mcolcon.colcon_core.environment[0m [1;30mLevel 1[0m create_environment_scripts_only(arm_driver)
[14.524s] [34mcolcon.colcon_core.environment[0m [1;30mLevel 1[0m checking '/home/unitree/106a_final/install/arm_driver' for CMake module files
[14.525s] [34mcolcon.colcon_core.environment[0m [1;30mLevel 1[0m checking '/home/unitree/106a_final/install/arm_driver' for CMake config files
[14.526s] [34mcolcon.colcon_core.shell[0m [1;30mLevel 1[0m create_environment_hook('arm_driver', 'cmake_prefix_path')
[14.709s] [34mcolcon.colcon_core.shell[0m [1;30mINFO[0m Creating environment hook '/home/unitree/106a_final/install/arm_driver/share/arm_driver/hook/cmake_prefix_path.ps1'
[14.710s] [34mcolcon.colcon_core.shell[0m [1;30mINFO[0m Creating environment descriptor '/home/unitree/106a_final/install/arm_driver/share/arm_driver/hook/cmake_prefix_path.dsv'
[14.711s] [34mcolcon.colcon_core.shell[0m [1;30mINFO[0m Creating environment hook '/home/unitree/106a_final/install/arm_driver/share/arm_driver/hook/cmake_prefix_path.sh'
[14.713s] [34mcolcon.colcon_core.environment[0m [1;30mLevel 1[0m checking '/home/unitree/106a_final/install/arm_driver/lib'
[14.713s] [34mcolcon.colcon_core.environment[0m [1;30mLevel 1[0m checking '/home/unitree/106a_final/install/arm_driver/bin'
[14.713s] [34mcolcon.colcon_core.environment[0m [1;30mLevel 1[0m checking '/home/unitree/106a_final/install/arm_driver/lib/pkgconfig/arm_driver.pc'
[14.714s] [34mcolcon.colcon_core.environment[0m [1;30mLevel 1[0m checking '/home/unitree/106a_final/install/arm_driver/lib/python3.8/site-packages'
[14.714s] [34mcolcon.colcon_core.environment[0m [1;30mLevel 1[0m checking '/home/unitree/106a_final/install/arm_driver/bin'
[14.882s] [34mcolcon.colcon_core.shell[0m [1;30mINFO[0m Creating package script '/home/unitree/106a_final/install/arm_driver/share/arm_driver/package.ps1'
[14.890s] [34mcolcon.colcon_core.shell[0m [1;30mINFO[0m Creating package descriptor '/home/unitree/106a_final/install/arm_driver/share/arm_driver/package.dsv'
[14.892s] [34mcolcon.colcon_core.shell[0m [1;30mINFO[0m Creating package script '/home/unitree/106a_final/install/arm_driver/share/arm_driver/package.sh'
[14.894s] [34mcolcon.colcon_core.shell[0m [1;30mINFO[0m Creating package script '/home/unitree/106a_final/install/arm_driver/share/arm_driver/package.bash'
[14.895s] [34mcolcon.colcon_core.shell[0m [1;30mINFO[0m Creating package script '/home/unitree/106a_final/install/arm_driver/share/arm_driver/package.zsh'
[14.896s] [34mcolcon.colcon_core.environment[0m [1;30mLevel 1[0m create_file_with_runtime_dependencies(/home/unitree/106a_final/install/arm_driver/share/colcon-core/packages/arm_driver)
[14.907s] [34mcolcon.colcon_ros.task.ament_python.build[0m [1;30mINFO[0m Building ROS package in '/home/unitree/106a_final/src/navigation_node_three' with build type 'ament_python'
[14.908s] [34mcolcon.colcon_core.shell[0m [1;30mLevel 1[0m create_environment_hook('navigation_node_three', 'ament_prefix_path')
[15.010s] [34mcolcon.colcon_core.shell[0m [1;30mINFO[0m Creating environment hook '/home/unitree/106a_final/install/navigation_node_three/share/navigation_node_three/hook/ament_prefix_path.ps1'
[15.012s] [34mcolcon.colcon_core.shell[0m [1;30mINFO[0m Creating environment descriptor '/home/unitree/106a_final/install/navigation_node_three/share/navigation_node_three/hook/ament_prefix_path.dsv'
[15.013s] [34mcolcon.colcon_core.shell[0m [1;30mINFO[0m Creating environment hook '/home/unitree/106a_final/install/navigation_node_three/share/navigation_node_three/hook/ament_prefix_path.sh'
[15.165s] [34mcolcon.colcon_core.shell[0m [1;30mINFO[0m Skip shell extension 'powershell' for command environment: Not usable outside of PowerShell
[15.165s] [34mcolcon.colcon_core.shell[0m [1;30mDEBUG[0m [32mSkip shell extension 'dsv' for command environment[0m
[15.598s] [34mcolcon.colcon_core.event_handler.log_command[0m [1;30mDEBUG[0m [32mInvoked command in '/home/unitree/106a_final/build/base_driver' returned '0': CMAKE_PREFIX_PATH=${CMAKE_PREFIX_PATH}:/home/unitree/106a_final/install/go2_bringup:/home/unitree/106a_final/install/vision_node:/home/unitree/106a_final/install/navigation_return_node:/home/unitree/106a_final/install/navigation_node_two:/home/unitree/106a_final/install/navigation_node_three:/home/unitree/106a_final/install/navigation_node:/home/unitree/106a_final/install/navigatigation_node_three:/home/unitree/106a_final/install/aruco_node:/home/unitree/106a_final/install/arm_control:/opt/ros/foxy /usr/bin/cmake --build /home/unitree/106a_final/build/base_driver -- -j4 -l4[0m
[15.600s] [34mcolcon.colcon_core.event_handler.log_command[0m [1;30mDEBUG[0m [32mInvoking command in '/home/unitree/106a_final/build/base_driver': CMAKE_PREFIX_PATH=${CMAKE_PREFIX_PATH}:/home/unitree/106a_final/install/go2_bringup:/home/unitree/106a_final/install/vision_node:/home/unitree/106a_final/install/navigation_return_node:/home/unitree/106a_final/install/navigation_node_two:/home/unitree/106a_final/install/navigation_node_three:/home/unitree/106a_final/install/navigation_node:/home/unitree/106a_final/install/navigatigation_node_three:/home/unitree/106a_final/install/aruco_node:/home/unitree/106a_final/install/arm_control:/opt/ros/foxy /usr/bin/cmake --install /home/unitree/106a_final/build/base_driver[0m
[15.611s] [34mcolcon.colcon_core.event_handler.log_command[0m [1;30mDEBUG[0m [32mInvoking command in '/home/unitree/106a_final/src/arm_control': PYTHONPATH=/home/unitree/106a_final/build/arm_control/prefix_override:/home/unitree/106a_final/install/arm_control/lib/python3.8/site-packages:${PYTHONPATH} /usr/bin/python3 setup.py egg_info --egg-base ../../build/arm_control build --build-base /home/unitree/106a_final/build/arm_control/build install --record /home/unitree/106a_final/build/arm_control/install.log --install-scripts $base/lib/arm_control --single-version-externally-managed[0m
[15.636s] [34mcolcon.colcon_core.event_handler.log_command[0m [1;30mDEBUG[0m [32mInvoking command in '/home/unitree/106a_final/src/aruco_node': PYTHONPATH=/home/unitree/106a_final/build/aruco_node/prefix_override:/home/unitree/106a_final/install/aruco_node/lib/python3.8/site-packages:${PYTHONPATH} /usr/bin/python3 setup.py egg_info --egg-base ../../build/aruco_node build --build-base /home/unitree/106a_final/build/aruco_node/build install --record /home/unitree/106a_final/build/aruco_node/install.log --single-version-externally-managed[0m
[16.596s] [34mcolcon.colcon_core.task.python.build[0m [1;30mINFO[0m Building Python package in '/home/unitree/106a_final/src/navigation_node_three'
[16.705s] [34mcolcon.colcon_core.shell[0m [1;30mINFO[0m Skip shell extension 'powershell' for command environment: Not usable outside of PowerShell
[16.706s] [34mcolcon.colcon_core.shell[0m [1;30mDEBUG[0m [32mSkip shell extension 'dsv' for command environment[0m
[17.200s] [34mcolcon.colcon_core.environment[0m [1;30mLevel 1[0m create_environment_scripts_only(base_driver)
[17.202s] [34mcolcon.colcon_core.event_handler.log_command[0m [1;30mDEBUG[0m [32mInvoked command in '/home/unitree/106a_final/build/base_driver' returned '0': CMAKE_PREFIX_PATH=${CMAKE_PREFIX_PATH}:/home/unitree/106a_final/install/go2_bringup:/home/unitree/106a_final/install/vision_node:/home/unitree/106a_final/install/navigation_return_node:/home/unitree/106a_final/install/navigation_node_two:/home/unitree/106a_final/install/navigation_node_three:/home/unitree/106a_final/install/navigation_node:/home/unitree/106a_final/install/navigatigation_node_three:/home/unitree/106a_final/install/aruco_node:/home/unitree/106a_final/install/arm_control:/opt/ros/foxy /usr/bin/cmake --install /home/unitree/106a_final/build/base_driver[0m
[17.323s] [34mcolcon.colcon_core.environment[0m [1;30mLevel 1[0m checking '/home/unitree/106a_final/install/base_driver' for CMake module files
[17.325s] [34mcolcon.colcon_core.environment[0m [1;30mLevel 1[0m checking '/home/unitree/106a_final/install/base_driver' for CMake config files
[17.326s] [34mcolcon.colcon_core.shell[0m [1;30mLevel 1[0m create_environment_hook('base_driver', 'cmake_prefix_path')
[17.436s] [34mcolcon.colcon_core.shell[0m [1;30mINFO[0m Creating environment hook '/home/unitree/106a_final/install/base_driver/share/base_driver/hook/cmake_prefix_path.ps1'
[17.438s] [34mcolcon.colcon_core.shell[0m [1;30mINFO[0m Creating environment descriptor '/home/unitree/106a_final/install/base_driver/share/base_driver/hook/cmake_prefix_path.dsv'
[17.439s] [34mcolcon.colcon_core.shell[0m [1;30mINFO[0m Creating environment hook '/home/unitree/106a_final/install/base_driver/share/base_driver/hook/cmake_prefix_path.sh'
[17.441s] [34mcolcon.colcon_core.environment[0m [1;30mLevel 1[0m checking '/home/unitree/106a_final/install/base_driver/lib'
[17.441s] [34mcolcon.colcon_core.environment[0m [1;30mLevel 1[0m checking '/home/unitree/106a_final/install/base_driver/bin'
[17.441s] [34mcolcon.colcon_core.environment[0m [1;30mLevel 1[0m checking '/home/unitree/106a_final/install/base_driver/lib/pkgconfig/base_driver.pc'
[17.442s] [34mcolcon.colcon_core.environment[0m [1;30mLevel 1[0m checking '/home/unitree/106a_final/install/base_driver/lib/python3.8/site-packages'
[17.442s] [34mcolcon.colcon_core.environment[0m [1;30mLevel 1[0m checking '/home/unitree/106a_final/install/base_driver/bin'
[17.554s] [34mcolcon.colcon_core.shell[0m [1;30mINFO[0m Creating package script '/home/unitree/106a_final/install/base_driver/share/base_driver/package.ps1'
[17.555s] [34mcolcon.colcon_core.shell[0m [1;30mINFO[0m Creating package descriptor '/home/unitree/106a_final/install/base_driver/share/base_driver/package.dsv'
[17.556s] [34mcolcon.colcon_core.shell[0m [1;30mINFO[0m Creating package script '/home/unitree/106a_final/install/base_driver/share/base_driver/package.sh'
[17.557s] [34mcolcon.colcon_core.shell[0m [1;30mINFO[0m Creating package script '/home/unitree/106a_final/install/base_driver/share/base_driver/package.bash'
[17.558s] [34mcolcon.colcon_core.shell[0m [1;30mINFO[0m Creating package script '/home/unitree/106a_final/install/base_driver/share/base_driver/package.zsh'
[17.559s] [34mcolcon.colcon_core.environment[0m [1;30mLevel 1[0m create_file_with_runtime_dependencies(/home/unitree/106a_final/install/base_driver/share/colcon-core/packages/base_driver)
[17.669s] [34mcolcon.colcon_core.environment[0m [1;30mLevel 1[0m create_environment_scripts_only(base_driver)
[17.790s] [34mcolcon.colcon_core.environment[0m [1;30mLevel 1[0m checking '/home/unitree/106a_final/install/base_driver' for CMake module files
[17.792s] [34mcolcon.colcon_core.environment[0m [1;30mLevel 1[0m checking '/home/unitree/106a_final/install/base_driver' for CMake config files
[17.793s] [34mcolcon.colcon_core.shell[0m [1;30mLevel 1[0m create_environment_hook('base_driver', 'cmake_prefix_path')
[17.912s] [34mcolcon.colcon_core.shell[0m [1;30mINFO[0m Creating environment hook '/home/unitree/106a_final/install/base_driver/share/base_driver/hook/cmake_prefix_path.ps1'
[17.914s] [34mcolcon.colcon_core.shell[0m [1;30mINFO[0m Creating environment descriptor '/home/unitree/106a_final/install/base_driver/share/base_driver/hook/cmake_prefix_path.dsv'
[17.915s] [34mcolcon.colcon_core.shell[0m [1;30mINFO[0m Creating environment hook '/home/unitree/106a_final/install/base_driver/share/base_driver/hook/cmake_prefix_path.sh'
[17.916s] [34mcolcon.colcon_core.environment[0m [1;30mLevel 1[0m checking '/home/unitree/106a_final/install/base_driver/lib'
[17.917s] [34mcolcon.colcon_core.environment[0m [1;30mLevel 1[0m checking '/home/unitree/106a_final/install/base_driver/bin'
[17.917s] [34mcolcon.colcon_core.environment[0m [1;30mLevel 1[0m checking '/home/unitree/106a_final/install/base_driver/lib/pkgconfig/base_driver.pc'
[17.917s] [34mcolcon.colcon_core.environment[0m [1;30mLevel 1[0m checking '/home/unitree/106a_final/install/base_driver/lib/python3.8/site-packages'
[17.918s] [34mcolcon.colcon_core.environment[0m [1;30mLevel 1[0m checking '/home/unitree/106a_final/install/base_driver/bin'
[18.026s] [34mcolcon.colcon_core.shell[0m [1;30mINFO[0m Creating package script '/home/unitree/106a_final/install/base_driver/share/base_driver/package.ps1'
[18.029s] [34mcolcon.colcon_core.shell[0m [1;30mINFO[0m Creating package descriptor '/home/unitree/106a_final/install/base_driver/share/base_driver/package.dsv'
[18.030s] [34mcolcon.colcon_core.shell[0m [1;30mINFO[0m Creating package script '/home/unitree/106a_final/install/base_driver/share/base_driver/package.sh'
[18.031s] [34mcolcon.colcon_core.shell[0m [1;30mINFO[0m Creating package script '/home/unitree/106a_final/install/base_driver/share/base_driver/package.bash'
[18.032s] [34mcolcon.colcon_core.shell[0m [1;30mINFO[0m Creating package script '/home/unitree/106a_final/install/base_driver/share/base_driver/package.zsh'
[18.033s] [34mcolcon.colcon_core.environment[0m [1;30mLevel 1[0m create_file_with_runtime_dependencies(/home/unitree/106a_final/install/base_driver/share/colcon-core/packages/base_driver)
[18.038s] [34mcolcon.colcon_ros.task.ament_python.build[0m [1;30mINFO[0m Building ROS package in '/home/unitree/106a_final/src/navigation_return_node' with build type 'ament_python'
[18.039s] [34mcolcon.colcon_core.shell[0m [1;30mLevel 1[0m create_environment_hook('navigation_return_node', 'ament_prefix_path')
[18.155s] [34mcolcon.colcon_core.shell[0m [1;30mINFO[0m Creating environment hook '/home/unitree/106a_final/install/navigation_return_node/share/navigation_return_node/hook/ament_prefix_path.ps1'
[18.157s] [34mcolcon.colcon_core.shell[0m [1;30mINFO[0m Creating environment descriptor '/home/unitree/106a_final/install/navigation_return_node/share/navigation_return_node/hook/ament_prefix_path.dsv'
[18.158s] [34mcolcon.colcon_core.shell[0m [1;30mINFO[0m Creating environment hook '/home/unitree/106a_final/install/navigation_return_node/share/navigation_return_node/hook/ament_prefix_path.sh'
[18.272s] [34mcolcon.colcon_core.shell[0m [1;30mINFO[0m Skip shell extension 'powershell' for command environment: Not usable outside of PowerShell
[18.272s] [34mcolcon.colcon_core.shell[0m [1;30mDEBUG[0m [32mSkip shell extension 'dsv' for command environment[0m
[18.764s] [34mcolcon.colcon_core.event_handler.log_command[0m [1;30mDEBUG[0m [32mInvoked command in '/home/unitree/106a_final/src/arm_control' returned '0': PYTHONPATH=/home/unitree/106a_final/build/arm_control/prefix_override:/home/unitree/106a_final/install/arm_control/lib/python3.8/site-packages:${PYTHONPATH} /usr/bin/python3 setup.py egg_info --egg-base ../../build/arm_control build --build-base /home/unitree/106a_final/build/arm_control/build install --record /home/unitree/106a_final/build/arm_control/install.log --install-scripts $base/lib/arm_control --single-version-externally-managed[0m
[18.888s] [34mcolcon.colcon_core.environment[0m [1;30mLevel 1[0m checking '/home/unitree/106a_final/install/arm_control' for CMake module files
[18.889s] [34mcolcon.colcon_core.environment[0m [1;30mLevel 1[0m checking '/home/unitree/106a_final/install/arm_control' for CMake config files
[18.890s] [34mcolcon.colcon_core.environment[0m [1;30mLevel 1[0m checking '/home/unitree/106a_final/install/arm_control/lib'
[18.891s] [34mcolcon.colcon_core.environment[0m [1;30mLevel 1[0m checking '/home/unitree/106a_final/install/arm_control/bin'
[18.891s] [34mcolcon.colcon_core.environment[0m [1;30mLevel 1[0m checking '/home/unitree/106a_final/install/arm_control/lib/pkgconfig/arm_control.pc'
[18.891s] [34mcolcon.colcon_core.environment[0m [1;30mLevel 1[0m checking '/home/unitree/106a_final/install/arm_control/lib/python3.8/site-packages'
[18.891s] [34mcolcon.colcon_core.shell[0m [1;30mLevel 1[0m create_environment_hook('arm_control', 'pythonpath')
[19.040s] [34mcolcon.colcon_core.shell[0m [1;30mINFO[0m Creating environment hook '/home/unitree/106a_final/install/arm_control/share/arm_control/hook/pythonpath.ps1'
[19.041s] [34mcolcon.colcon_core.shell[0m [1;30mINFO[0m Creating environment descriptor '/home/unitree/106a_final/install/arm_control/share/arm_control/hook/pythonpath.dsv'
[19.042s] [34mcolcon.colcon_core.shell[0m [1;30mINFO[0m Creating environment hook '/home/unitree/106a_final/install/arm_control/share/arm_control/hook/pythonpath.sh'
[19.043s] [34mcolcon.colcon_core.environment[0m [1;30mLevel 1[0m checking '/home/unitree/106a_final/install/arm_control/bin'
[19.044s] [34mcolcon.colcon_core.environment[0m [1;30mLevel 1[0m create_environment_scripts_only(arm_control)
[19.141s] [34mcolcon.colcon_core.shell[0m [1;30mINFO[0m Creating package script '/home/unitree/106a_final/install/arm_control/share/arm_control/package.ps1'
[19.142s] [34mcolcon.colcon_core.shell[0m [1;30mINFO[0m Creating package descriptor '/home/unitree/106a_final/install/arm_control/share/arm_control/package.dsv'
[19.143s] [34mcolcon.colcon_core.shell[0m [1;30mINFO[0m Creating package script '/home/unitree/106a_final/install/arm_control/share/arm_control/package.sh'
[19.145s] [34mcolcon.colcon_core.shell[0m [1;30mINFO[0m Creating package script '/home/unitree/106a_final/install/arm_control/share/arm_control/package.bash'
[19.145s] [34mcolcon.colcon_core.shell[0m [1;30mINFO[0m Creating package script '/home/unitree/106a_final/install/arm_control/share/arm_control/package.zsh'
[19.146s] [34mcolcon.colcon_core.environment[0m [1;30mLevel 1[0m create_file_with_runtime_dependencies(/home/unitree/106a_final/install/arm_control/share/colcon-core/packages/arm_control)
[19.150s] [34mcolcon.colcon_core.event_handler.log_command[0m [1;30mDEBUG[0m [32mInvoked command in '/home/unitree/106a_final/src/aruco_node' returned '0': PYTHONPATH=/home/unitree/106a_final/build/aruco_node/prefix_override:/home/unitree/106a_final/install/aruco_node/lib/python3.8/site-packages:${PYTHONPATH} /usr/bin/python3 setup.py egg_info --egg-base ../../build/aruco_node build --build-base /home/unitree/106a_final/build/aruco_node/build install --record /home/unitree/106a_final/build/aruco_node/install.log --single-version-externally-managed[0m
[19.246s] [34mcolcon.colcon_core.environment[0m [1;30mLevel 1[0m checking '/home/unitree/106a_final/install/aruco_node' for CMake module files
[19.247s] [34mcolcon.colcon_core.environment[0m [1;30mLevel 1[0m checking '/home/unitree/106a_final/install/aruco_node' for CMake config files
[19.248s] [34mcolcon.colcon_core.environment[0m [1;30mLevel 1[0m checking '/home/unitree/106a_final/install/aruco_node/lib'
[19.248s] [34mcolcon.colcon_core.environment[0m [1;30mLevel 1[0m checking '/home/unitree/106a_final/install/aruco_node/bin'
[19.249s] [34mcolcon.colcon_core.environment[0m [1;30mLevel 1[0m checking '/home/unitree/106a_final/install/aruco_node/lib/pkgconfig/aruco_node.pc'
[19.249s] [34mcolcon.colcon_core.environment[0m [1;30mLevel 1[0m checking '/home/unitree/106a_final/install/aruco_node/lib/python3.8/site-packages'
[19.249s] [34mcolcon.colcon_core.shell[0m [1;30mLevel 1[0m create_environment_hook('aruco_node', 'pythonpath')
[19.346s] [34mcolcon.colcon_core.shell[0m [1;30mINFO[0m Creating environment hook '/home/unitree/106a_final/install/aruco_node/share/aruco_node/hook/pythonpath.ps1'
[19.348s] [34mcolcon.colcon_core.shell[0m [1;30mINFO[0m Creating environment descriptor '/home/unitree/106a_final/install/aruco_node/share/aruco_node/hook/pythonpath.dsv'
[19.349s] [34mcolcon.colcon_core.shell[0m [1;30mINFO[0m Creating environment hook '/home/unitree/106a_final/install/aruco_node/share/aruco_node/hook/pythonpath.sh'
[19.350s] [34mcolcon.colcon_core.environment[0m [1;30mLevel 1[0m checking '/home/unitree/106a_final/install/aruco_node/bin'
[19.351s] [34mcolcon.colcon_core.environment[0m [1;30mLevel 1[0m create_environment_scripts_only(aruco_node)
[19.450s] [34mcolcon.colcon_core.shell[0m [1;30mINFO[0m Creating package script '/home/unitree/106a_final/install/aruco_node/share/aruco_node/package.ps1'
[19.452s] [34mcolcon.colcon_core.shell[0m [1;30mINFO[0m Creating package descriptor '/home/unitree/106a_final/install/aruco_node/share/aruco_node/package.dsv'
[19.453s] [34mcolcon.colcon_core.shell[0m [1;30mINFO[0m Creating package script '/home/unitree/106a_final/install/aruco_node/share/aruco_node/package.sh'
[19.454s] [34mcolcon.colcon_core.shell[0m [1;30mINFO[0m Creating package script '/home/unitree/106a_final/install/aruco_node/share/aruco_node/package.bash'
[19.455s] [34mcolcon.colcon_core.shell[0m [1;30mINFO[0m Creating package script '/home/unitree/106a_final/install/aruco_node/share/aruco_node/package.zsh'
[19.458s] [34mcolcon.colcon_core.environment[0m [1;30mLevel 1[0m create_file_with_runtime_dependencies(/home/unitree/106a_final/install/aruco_node/share/colcon-core/packages/aruco_node)
[19.460s] [34mcolcon.colcon_ros.task.ament_python.build[0m [1;30mINFO[0m Building ROS package in '/home/unitree/106a_final/src/vision_node' with build type 'ament_python'
[19.461s] [34mcolcon.colcon_core.shell[0m [1;30mLevel 1[0m create_environment_hook('vision_node', 'ament_prefix_path')
[19.567s] [34mcolcon.colcon_core.shell[0m [1;30mINFO[0m Creating environment hook '/home/unitree/106a_final/install/vision_node/share/vision_node/hook/ament_prefix_path.ps1'
[19.568s] [34mcolcon.colcon_core.shell[0m [1;30mINFO[0m Creating environment descriptor '/home/unitree/106a_final/install/vision_node/share/vision_node/hook/ament_prefix_path.dsv'
[19.569s] [34mcolcon.colcon_core.shell[0m [1;30mINFO[0m Creating environment hook '/home/unitree/106a_final/install/vision_node/share/vision_node/hook/ament_prefix_path.sh'
[19.675s] [34mcolcon.colcon_core.shell[0m [1;30mINFO[0m Skip shell extension 'powershell' for command environment: Not usable outside of PowerShell
[19.675s] [34mcolcon.colcon_core.shell[0m [1;30mDEBUG[0m [32mSkip shell extension 'dsv' for command environment[0m
[20.095s] [34mcolcon.colcon_ros.task.ament_python.build[0m [1;30mINFO[0m Building ROS package in '/home/unitree/106a_final/src/navigation_node' with build type 'ament_python'
[20.096s] [34mcolcon.colcon_core.shell[0m [1;30mLevel 1[0m create_environment_hook('navigation_node', 'ament_prefix_path')
[20.195s] [34mcolcon.colcon_core.shell[0m [1;30mINFO[0m Creating environment hook '/home/unitree/106a_final/install/navigation_node/share/navigation_node/hook/ament_prefix_path.ps1'
[20.197s] [34mcolcon.colcon_core.shell[0m [1;30mINFO[0m Creating environment descriptor '/home/unitree/106a_final/install/navigation_node/share/navigation_node/hook/ament_prefix_path.dsv'
[20.198s] [34mcolcon.colcon_core.shell[0m [1;30mINFO[0m Creating environment hook '/home/unitree/106a_final/install/navigation_node/share/navigation_node/hook/ament_prefix_path.sh'
[20.300s] [34mcolcon.colcon_core.shell[0m [1;30mINFO[0m Skip shell extension 'powershell' for command environment: Not usable outside of PowerShell
[20.301s] [34mcolcon.colcon_core.shell[0m [1;30mDEBUG[0m [32mSkip shell extension 'dsv' for command environment[0m
[21.559s] [34mcolcon.colcon_core.task.python.build[0m [1;30mINFO[0m Building Python package in '/home/unitree/106a_final/src/navigation_return_node'
[21.677s] [34mcolcon.colcon_core.shell[0m [1;30mINFO[0m Skip shell extension 'powershell' for command environment: Not usable outside of PowerShell
[21.677s] [34mcolcon.colcon_core.shell[0m [1;30mDEBUG[0m [32mSkip shell extension 'dsv' for command environment[0m
[22.849s] [34mcolcon.colcon_core.task.python.build[0m [1;30mINFO[0m Building Python package in '/home/unitree/106a_final/src/vision_node'
[22.954s] [34mcolcon.colcon_core.shell[0m [1;30mINFO[0m Skip shell extension 'powershell' for command environment: Not usable outside of PowerShell
[22.954s] [34mcolcon.colcon_core.shell[0m [1;30mDEBUG[0m [32mSkip shell extension 'dsv' for command environment[0m
[24.024s] [34mcolcon.colcon_core.task.python.build[0m [1;30mINFO[0m Building Python package in '/home/unitree/106a_final/src/navigation_node'
[24.182s] [34mcolcon.colcon_core.shell[0m [1;30mINFO[0m Skip shell extension 'powershell' for command environment: Not usable outside of PowerShell
[24.182s] [34mcolcon.colcon_core.shell[0m [1;30mDEBUG[0m [32mSkip shell extension 'dsv' for command environment[0m
[24.633s] [34mcolcon.colcon_core.event_handler.log_command[0m [1;30mDEBUG[0m [32mInvoking command in '/home/unitree/106a_final/src/navigation_node_three': PYTHONPATH=/home/unitree/106a_final/build/navigation_node_three/prefix_override:/home/unitree/106a_final/install/navigation_node_three/lib/python3.8/site-packages:${PYTHONPATH} /usr/bin/python3 setup.py egg_info --egg-base ../../build/navigation_node_three build --build-base /home/unitree/106a_final/build/navigation_node_three/build install --record /home/unitree/106a_final/build/navigation_node_three/install.log --install-scripts $base/lib/navigation_node_three --single-version-externally-managed[0m
[26.296s] [34mcolcon.colcon_core.event_handler.log_command[0m [1;30mDEBUG[0m [32mInvoked command in '/home/unitree/106a_final/src/navigation_node_three' returned '0': PYTHONPATH=/home/unitree/106a_final/build/navigation_node_three/prefix_override:/home/unitree/106a_final/install/navigation_node_three/lib/python3.8/site-packages:${PYTHONPATH} /usr/bin/python3 setup.py egg_info --egg-base ../../build/navigation_node_three build --build-base /home/unitree/106a_final/build/navigation_node_three/build install --record /home/unitree/106a_final/build/navigation_node_three/install.log --install-scripts $base/lib/navigation_node_three --single-version-externally-managed[0m
[26.483s] [34mcolcon.colcon_core.environment[0m [1;30mLevel 1[0m checking '/home/unitree/106a_final/install/navigation_node_three' for CMake module files
[26.485s] [34mcolcon.colcon_core.environment[0m [1;30mLevel 1[0m checking '/home/unitree/106a_final/install/navigation_node_three' for CMake config files
[26.486s] [34mcolcon.colcon_core.environment[0m [1;30mLevel 1[0m checking '/home/unitree/106a_final/install/navigation_node_three/lib'
[26.487s] [34mcolcon.colcon_core.environment[0m [1;30mLevel 1[0m checking '/home/unitree/106a_final/install/navigation_node_three/bin'
[26.487s] [34mcolcon.colcon_core.environment[0m [1;30mLevel 1[0m checking '/home/unitree/106a_final/install/navigation_node_three/lib/pkgconfig/navigation_node_three.pc'
[26.488s] [34mcolcon.colcon_core.environment[0m [1;30mLevel 1[0m checking '/home/unitree/106a_final/install/navigation_node_three/lib/python3.8/site-packages'
[26.492s] [34mcolcon.colcon_core.shell[0m [1;30mLevel 1[0m create_environment_hook('navigation_node_three', 'pythonpath')
[26.637s] [34mcolcon.colcon_core.shell[0m [1;30mINFO[0m Creating environment hook '/home/unitree/106a_final/install/navigation_node_three/share/navigation_node_three/hook/pythonpath.ps1'
[26.638s] [34mcolcon.colcon_core.shell[0m [1;30mINFO[0m Creating environment descriptor '/home/unitree/106a_final/install/navigation_node_three/share/navigation_node_three/hook/pythonpath.dsv'
[26.640s] [34mcolcon.colcon_core.shell[0m [1;30mINFO[0m Creating environment hook '/home/unitree/106a_final/install/navigation_node_three/share/navigation_node_three/hook/pythonpath.sh'
[26.641s] [34mcolcon.colcon_core.environment[0m [1;30mLevel 1[0m checking '/home/unitree/106a_final/install/navigation_node_three/bin'
[26.641s] [34mcolcon.colcon_core.environment[0m [1;30mLevel 1[0m create_environment_scripts_only(navigation_node_three)
[26.743s] [34mcolcon.colcon_core.shell[0m [1;30mINFO[0m Creating package script '/home/unitree/106a_final/install/navigation_node_three/share/navigation_node_three/package.ps1'
[26.745s] [34mcolcon.colcon_core.shell[0m [1;30mINFO[0m Creating package descriptor '/home/unitree/106a_final/install/navigation_node_three/share/navigation_node_three/package.dsv'
[26.746s] [34mcolcon.colcon_core.shell[0m [1;30mINFO[0m Creating package script '/home/unitree/106a_final/install/navigation_node_three/share/navigation_node_three/package.sh'
[26.747s] [34mcolcon.colcon_core.shell[0m [1;30mINFO[0m Creating package script '/home/unitree/106a_final/install/navigation_node_three/share/navigation_node_three/package.bash'
[26.748s] [34mcolcon.colcon_core.shell[0m [1;30mINFO[0m Creating package script '/home/unitree/106a_final/install/navigation_node_three/share/navigation_node_three/package.zsh'
[26.749s] [34mcolcon.colcon_core.environment[0m [1;30mLevel 1[0m create_file_with_runtime_dependencies(/home/unitree/106a_final/install/navigation_node_three/share/colcon-core/packages/navigation_node_three)
[26.752s] [34mcolcon.colcon_ros.task.ament_python.build[0m [1;30mINFO[0m Building ROS package in '/home/unitree/106a_final/src/navigation_node_two' with build type 'ament_python'
[26.753s] [34mcolcon.colcon_core.shell[0m [1;30mLevel 1[0m create_environment_hook('navigation_node_two', 'ament_prefix_path')
[26.854s] [34mcolcon.colcon_core.shell[0m [1;30mINFO[0m Creating environment hook '/home/unitree/106a_final/install/navigation_node_two/share/navigation_node_two/hook/ament_prefix_path.ps1'
[26.856s] [34mcolcon.colcon_core.shell[0m [1;30mINFO[0m Creating environment descriptor '/home/unitree/106a_final/install/navigation_node_two/share/navigation_node_two/hook/ament_prefix_path.dsv'
[26.857s] [34mcolcon.colcon_core.shell[0m [1;30mINFO[0m Creating environment hook '/home/unitree/106a_final/install/navigation_node_two/share/navigation_node_two/hook/ament_prefix_path.sh'
[26.959s] [34mcolcon.colcon_core.shell[0m [1;30mINFO[0m Skip shell extension 'powershell' for command environment: Not usable outside of PowerShell
[26.959s] [34mcolcon.colcon_core.shell[0m [1;30mDEBUG[0m [32mSkip shell extension 'dsv' for command environment[0m
[27.367s] [34mcolcon.colcon_core.event_handler.log_command[0m [1;30mDEBUG[0m [32mInvoking command in '/home/unitree/106a_final/src/navigation_node': PYTHONPATH=/home/unitree/106a_final/build/navigation_node/prefix_override:/home/unitree/106a_final/install/navigation_node/lib/python3.8/site-packages:${PYTHONPATH} /usr/bin/python3 setup.py egg_info --egg-base ../../build/navigation_node build --build-base /home/unitree/106a_final/build/navigation_node/build install --record /home/unitree/106a_final/build/navigation_node/install.log --install-scripts $base/lib/navigation_node --single-version-externally-managed[0m
[27.385s] [34mcolcon.colcon_core.event_handler.log_command[0m [1;30mDEBUG[0m [32mInvoking command in '/home/unitree/106a_final/src/navigation_return_node': PYTHONPATH=/home/unitree/106a_final/build/navigation_return_node/prefix_override:/home/unitree/106a_final/install/navigation_return_node/lib/python3.8/site-packages:${PYTHONPATH} /usr/bin/python3 setup.py egg_info --egg-base ../../build/navigation_return_node build --build-base /home/unitree/106a_final/build/navigation_return_node/build install --record /home/unitree/106a_final/build/navigation_return_node/install.log --install-scripts $base/lib/navigation_return_node --single-version-externally-managed[0m
[27.423s] [34mcolcon.colcon_core.event_handler.log_command[0m [1;30mDEBUG[0m [32mInvoking command in '/home/unitree/106a_final/src/vision_node': PYTHONPATH=/home/unitree/106a_final/build/vision_node/prefix_override:/home/unitree/106a_final/install/vision_node/lib/python3.8/site-packages:${PYTHONPATH} /usr/bin/python3 setup.py egg_info --egg-base ../../build/vision_node build --build-base /home/unitree/106a_final/build/vision_node/build install --record /home/unitree/106a_final/build/vision_node/install.log --install-scripts $base/lib/vision_node --single-version-externally-managed[0m
[28.536s] [34mcolcon.colcon_core.task.python.build[0m [1;30mINFO[0m Building Python package in '/home/unitree/106a_final/src/navigation_node_two'
[28.644s] [34mcolcon.colcon_core.shell[0m [1;30mINFO[0m Skip shell extension 'powershell' for command environment: Not usable outside of PowerShell
[28.644s] [34mcolcon.colcon_core.shell[0m [1;30mDEBUG[0m [32mSkip shell extension 'dsv' for command environment[0m
[29.077s] [34mcolcon.colcon_core.event_handler.log_command[0m [1;30mDEBUG[0m [32mInvoked command in '/home/unitree/106a_final/src/navigation_node' returned '0': PYTHONPATH=/home/unitree/106a_final/build/navigation_node/prefix_override:/home/unitree/106a_final/install/navigation_node/lib/python3.8/site-packages:${PYTHONPATH} /usr/bin/python3 setup.py egg_info --egg-base ../../build/navigation_node build --build-base /home/unitree/106a_final/build/navigation_node/build install --record /home/unitree/106a_final/build/navigation_node/install.log --install-scripts $base/lib/navigation_node --single-version-externally-managed[0m
[29.223s] [34mcolcon.colcon_core.environment[0m [1;30mLevel 1[0m checking '/home/unitree/106a_final/install/navigation_node' for CMake module files
[29.225s] [34mcolcon.colcon_core.environment[0m [1;30mLevel 1[0m checking '/home/unitree/106a_final/install/navigation_node' for CMake config files
[29.226s] [34mcolcon.colcon_core.environment[0m [1;30mLevel 1[0m checking '/home/unitree/106a_final/install/navigation_node/lib'
[29.226s] [34mcolcon.colcon_core.environment[0m [1;30mLevel 1[0m checking '/home/unitree/106a_final/install/navigation_node/bin'
[29.227s] [34mcolcon.colcon_core.environment[0m [1;30mLevel 1[0m checking '/home/unitree/106a_final/install/navigation_node/lib/pkgconfig/navigation_node.pc'
[29.227s] [34mcolcon.colcon_core.environment[0m [1;30mLevel 1[0m checking '/home/unitree/106a_final/install/navigation_node/lib/python3.8/site-packages'
[29.227s] [34mcolcon.colcon_core.shell[0m [1;30mLevel 1[0m create_environment_hook('navigation_node', 'pythonpath')
[29.327s] [34mcolcon.colcon_core.shell[0m [1;30mINFO[0m Creating environment hook '/home/unitree/106a_final/install/navigation_node/share/navigation_node/hook/pythonpath.ps1'
[29.328s] [34mcolcon.colcon_core.shell[0m [1;30mINFO[0m Creating environment descriptor '/home/unitree/106a_final/install/navigation_node/share/navigation_node/hook/pythonpath.dsv'
[29.329s] [34mcolcon.colcon_core.shell[0m [1;30mINFO[0m Creating environment hook '/home/unitree/106a_final/install/navigation_node/share/navigation_node/hook/pythonpath.sh'
[29.331s] [34mcolcon.colcon_core.environment[0m [1;30mLevel 1[0m checking '/home/unitree/106a_final/install/navigation_node/bin'
[29.331s] [34mcolcon.colcon_core.environment[0m [1;30mLevel 1[0m create_environment_scripts_only(navigation_node)
[29.431s] [34mcolcon.colcon_core.shell[0m [1;30mINFO[0m Creating package script '/home/unitree/106a_final/install/navigation_node/share/navigation_node/package.ps1'
[29.433s] [34mcolcon.colcon_core.shell[0m [1;30mINFO[0m Creating package descriptor '/home/unitree/106a_final/install/navigation_node/share/navigation_node/package.dsv'
[29.434s] [34mcolcon.colcon_core.shell[0m [1;30mINFO[0m Creating package script '/home/unitree/106a_final/install/navigation_node/share/navigation_node/package.sh'
[29.435s] [34mcolcon.colcon_core.shell[0m [1;30mINFO[0m Creating package script '/home/unitree/106a_final/install/navigation_node/share/navigation_node/package.bash'
[29.436s] [34mcolcon.colcon_core.shell[0m [1;30mINFO[0m Creating package script '/home/unitree/106a_final/install/navigation_node/share/navigation_node/package.zsh'
[29.438s] [34mcolcon.colcon_core.environment[0m [1;30mLevel 1[0m create_file_with_runtime_dependencies(/home/unitree/106a_final/install/navigation_node/share/colcon-core/packages/navigation_node)
[29.441s] [34mcolcon.colcon_core.event_handler.log_command[0m [1;30mDEBUG[0m [32mInvoked command in '/home/unitree/106a_final/src/navigation_return_node' returned '0': PYTHONPATH=/home/unitree/106a_final/build/navigation_return_node/prefix_override:/home/unitree/106a_final/install/navigation_return_node/lib/python3.8/site-packages:${PYTHONPATH} /usr/bin/python3 setup.py egg_info --egg-base ../../build/navigation_return_node build --build-base /home/unitree/106a_final/build/navigation_return_node/build install --record /home/unitree/106a_final/build/navigation_return_node/install.log --install-scripts $base/lib/navigation_return_node --single-version-externally-managed[0m
[29.540s] [34mcolcon.colcon_core.environment[0m [1;30mLevel 1[0m checking '/home/unitree/106a_final/install/navigation_return_node' for CMake module files
[29.541s] [34mcolcon.colcon_core.environment[0m [1;30mLevel 1[0m checking '/home/unitree/106a_final/install/navigation_return_node' for CMake config files
[29.542s] [34mcolcon.colcon_core.environment[0m [1;30mLevel 1[0m checking '/home/unitree/106a_final/install/navigation_return_node/lib'
[29.542s] [34mcolcon.colcon_core.environment[0m [1;30mLevel 1[0m checking '/home/unitree/106a_final/install/navigation_return_node/bin'
[29.542s] [34mcolcon.colcon_core.environment[0m [1;30mLevel 1[0m checking '/home/unitree/106a_final/install/navigation_return_node/lib/pkgconfig/navigation_return_node.pc'
[29.543s] [34mcolcon.colcon_core.environment[0m [1;30mLevel 1[0m checking '/home/unitree/106a_final/install/navigation_return_node/lib/python3.8/site-packages'
[29.543s] [34mcolcon.colcon_core.shell[0m [1;30mLevel 1[0m create_environment_hook('navigation_return_node', 'pythonpath')
[29.639s] [34mcolcon.colcon_core.shell[0m [1;30mINFO[0m Creating environment hook '/home/unitree/106a_final/install/navigation_return_node/share/navigation_return_node/hook/pythonpath.ps1'
[29.641s] [34mcolcon.colcon_core.shell[0m [1;30mINFO[0m Creating environment descriptor '/home/unitree/106a_final/install/navigation_return_node/share/navigation_return_node/hook/pythonpath.dsv'
[29.642s] [34mcolcon.colcon_core.shell[0m [1;30mINFO[0m Creating environment hook '/home/unitree/106a_final/install/navigation_return_node/share/navigation_return_node/hook/pythonpath.sh'
[29.643s] [34mcolcon.colcon_core.environment[0m [1;30mLevel 1[0m checking '/home/unitree/106a_final/install/navigation_return_node/bin'
[29.643s] [34mcolcon.colcon_core.environment[0m [1;30mLevel 1[0m create_environment_scripts_only(navigation_return_node)
[29.793s] [34mcolcon.colcon_core.shell[0m [1;30mINFO[0m Creating package script '/home/unitree/106a_final/install/navigation_return_node/share/navigation_return_node/package.ps1'
[29.795s] [34mcolcon.colcon_core.shell[0m [1;30mINFO[0m Creating package descriptor '/home/unitree/106a_final/install/navigation_return_node/share/navigation_return_node/package.dsv'
[29.796s] [34mcolcon.colcon_core.shell[0m [1;30mINFO[0m Creating package script '/home/unitree/106a_final/install/navigation_return_node/share/navigation_return_node/package.sh'
[29.797s] [34mcolcon.colcon_core.shell[0m [1;30mINFO[0m Creating package script '/home/unitree/106a_final/install/navigation_return_node/share/navigation_return_node/package.bash'
[29.798s] [34mcolcon.colcon_core.shell[0m [1;30mINFO[0m Creating package script '/home/unitree/106a_final/install/navigation_return_node/share/navigation_return_node/package.zsh'
[29.799s] [34mcolcon.colcon_core.environment[0m [1;30mLevel 1[0m create_file_with_runtime_dependencies(/home/unitree/106a_final/install/navigation_return_node/share/colcon-core/packages/navigation_return_node)
[29.802s] [34mcolcon.colcon_core.event_handler.log_command[0m [1;30mDEBUG[0m [32mInvoked command in '/home/unitree/106a_final/src/vision_node' returned '0': PYTHONPATH=/home/unitree/106a_final/build/vision_node/prefix_override:/home/unitree/106a_final/install/vision_node/lib/python3.8/site-packages:${PYTHONPATH} /usr/bin/python3 setup.py egg_info --egg-base ../../build/vision_node build --build-base /home/unitree/106a_final/build/vision_node/build install --record /home/unitree/106a_final/build/vision_node/install.log --install-scripts $base/lib/vision_node --single-version-externally-managed[0m
[29.899s] [34mcolcon.colcon_core.environment[0m [1;30mLevel 1[0m checking '/home/unitree/106a_final/install/vision_node' for CMake module files
[29.901s] [34mcolcon.colcon_core.environment[0m [1;30mLevel 1[0m checking '/home/unitree/106a_final/install/vision_node' for CMake config files
[29.902s] [34mcolcon.colcon_core.environment[0m [1;30mLevel 1[0m checking '/home/unitree/106a_final/install/vision_node/lib'
[29.902s] [34mcolcon.colcon_core.environment[0m [1;30mLevel 1[0m checking '/home/unitree/106a_final/install/vision_node/bin'
[29.902s] [34mcolcon.colcon_core.environment[0m [1;30mLevel 1[0m checking '/home/unitree/106a_final/install/vision_node/lib/pkgconfig/vision_node.pc'
[29.903s] [34mcolcon.colcon_core.environment[0m [1;30mLevel 1[0m checking '/home/unitree/106a_final/install/vision_node/lib/python3.8/site-packages'
[29.903s] [34mcolcon.colcon_core.shell[0m [1;30mLevel 1[0m create_environment_hook('vision_node', 'pythonpath')
[30.003s] [34mcolcon.colcon_core.shell[0m [1;30mINFO[0m Creating environment hook '/home/unitree/106a_final/install/vision_node/share/vision_node/hook/pythonpath.ps1'
[30.005s] [34mcolcon.colcon_core.shell[0m [1;30mINFO[0m Creating environment descriptor '/home/unitree/106a_final/install/vision_node/share/vision_node/hook/pythonpath.dsv'
[30.007s] [34mcolcon.colcon_core.shell[0m [1;30mINFO[0m Creating environment hook '/home/unitree/106a_final/install/vision_node/share/vision_node/hook/pythonpath.sh'
[30.008s] [34mcolcon.colcon_core.environment[0m [1;30mLevel 1[0m checking '/home/unitree/106a_final/install/vision_node/bin'
[30.008s] [34mcolcon.colcon_core.environment[0m [1;30mLevel 1[0m create_environment_scripts_only(vision_node)
[30.107s] [34mcolcon.colcon_core.shell[0m [1;30mINFO[0m Creating package script '/home/unitree/106a_final/install/vision_node/share/vision_node/package.ps1'
[30.109s] [34mcolcon.colcon_core.shell[0m [1;30mINFO[0m Creating package descriptor '/home/unitree/106a_final/install/vision_node/share/vision_node/package.dsv'
[30.110s] [34mcolcon.colcon_core.shell[0m [1;30mINFO[0m Creating package script '/home/unitree/106a_final/install/vision_node/share/vision_node/package.sh'
[30.112s] [34mcolcon.colcon_core.shell[0m [1;30mINFO[0m Creating package script '/home/unitree/106a_final/install/vision_node/share/vision_node/package.bash'
[30.113s] [34mcolcon.colcon_core.shell[0m [1;30mINFO[0m Creating package script '/home/unitree/106a_final/install/vision_node/share/vision_node/package.zsh'
[30.114s] [34mcolcon.colcon_core.environment[0m [1;30mLevel 1[0m create_file_with_runtime_dependencies(/home/unitree/106a_final/install/vision_node/share/colcon-core/packages/vision_node)
[30.117s] [34mcolcon.colcon_ros.task.ament_python.build[0m [1;30mINFO[0m Building ROS package in '/home/unitree/106a_final/src/go2_bringup' with build type 'ament_python'
[30.117s] [34mcolcon.colcon_core.shell[0m [1;30mLevel 1[0m create_environment_hook('go2_bringup', 'ament_prefix_path')
[30.215s] [34mcolcon.colcon_core.shell[0m [1;30mINFO[0m Creating environment hook '/home/unitree/106a_final/install/go2_bringup/share/go2_bringup/hook/ament_prefix_path.ps1'
[30.216s] [34mcolcon.colcon_core.shell[0m [1;30mINFO[0m Creating environment descriptor '/home/unitree/106a_final/install/go2_bringup/share/go2_bringup/hook/ament_prefix_path.dsv'
[30.217s] [34mcolcon.colcon_core.shell[0m [1;30mINFO[0m Creating environment hook '/home/unitree/106a_final/install/go2_bringup/share/go2_bringup/hook/ament_prefix_path.sh'
[30.316s] [34mcolcon.colcon_core.shell[0m [1;30mINFO[0m Skip shell extension 'powershell' for command environment: Not usable outside of PowerShell
[30.317s] [34mcolcon.colcon_core.shell[0m [1;30mDEBUG[0m [32mSkip shell extension 'dsv' for command environment[0m
[31.431s] [34mcolcon.colcon_core.task.python.build[0m [1;30mINFO[0m Building Python package in '/home/unitree/106a_final/src/go2_bringup'
[31.649s] [34mcolcon.colcon_core.shell[0m [1;30mINFO[0m Skip shell extension 'powershell' for command environment: Not usable outside of PowerShell
[31.650s] [34mcolcon.colcon_core.shell[0m [1;30mDEBUG[0m [32mSkip shell extension 'dsv' for command environment[0m
[32.186s] [34mcolcon.colcon_core.event_handler.log_command[0m [1;30mDEBUG[0m [32mInvoking command in '/home/unitree/106a_final/src/navigation_node_two': PYTHONPATH=/home/unitree/106a_final/build/navigation_node_two/prefix_override:/home/unitree/106a_final/install/navigation_node_two/lib/python3.8/site-packages:${PYTHONPATH} /usr/bin/python3 setup.py egg_info --egg-base ../../build/navigation_node_two build --build-base /home/unitree/106a_final/build/navigation_node_two/build install --record /home/unitree/106a_final/build/navigation_node_two/install.log --install-scripts $base/lib/navigation_node_two --single-version-externally-managed[0m
[33.055s] [34mcolcon.colcon_core.event_handler.log_command[0m [1;30mDEBUG[0m [32mInvoked command in '/home/unitree/106a_final/src/navigation_node_two' returned '0': PYTHONPATH=/home/unitree/106a_final/build/navigation_node_two/prefix_override:/home/unitree/106a_final/install/navigation_node_two/lib/python3.8/site-packages:${PYTHONPATH} /usr/bin/python3 setup.py egg_info --egg-base ../../build/navigation_node_two build --build-base /home/unitree/106a_final/build/navigation_node_two/build install --record /home/unitree/106a_final/build/navigation_node_two/install.log --install-scripts $base/lib/navigation_node_two --single-version-externally-managed[0m
[33.163s] [34mcolcon.colcon_core.environment[0m [1;30mLevel 1[0m checking '/home/unitree/106a_final/install/navigation_node_two' for CMake module files
[33.164s] [34mcolcon.colcon_core.environment[0m [1;30mLevel 1[0m checking '/home/unitree/106a_final/install/navigation_node_two' for CMake config files
[33.166s] [34mcolcon.colcon_core.environment[0m [1;30mLevel 1[0m checking '/home/unitree/106a_final/install/navigation_node_two/lib'
[33.166s] [34mcolcon.colcon_core.environment[0m [1;30mLevel 1[0m checking '/home/unitree/106a_final/install/navigation_node_two/bin'
[33.166s] [34mcolcon.colcon_core.environment[0m [1;30mLevel 1[0m checking '/home/unitree/106a_final/install/navigation_node_two/lib/pkgconfig/navigation_node_two.pc'
[33.167s] [34mcolcon.colcon_core.environment[0m [1;30mLevel 1[0m checking '/home/unitree/106a_final/install/navigation_node_two/lib/python3.8/site-packages'
[33.168s] [34mcolcon.colcon_core.shell[0m [1;30mLevel 1[0m create_environment_hook('navigation_node_two', 'pythonpath')
[33.286s] [34mcolcon.colcon_core.shell[0m [1;30mINFO[0m Creating environment hook '/home/unitree/106a_final/install/navigation_node_two/share/navigation_node_two/hook/pythonpath.ps1'
[33.287s] [34mcolcon.colcon_core.shell[0m [1;30mINFO[0m Creating environment descriptor '/home/unitree/106a_final/install/navigation_node_two/share/navigation_node_two/hook/pythonpath.dsv'
[33.288s] [34mcolcon.colcon_core.shell[0m [1;30mINFO[0m Creating environment hook '/home/unitree/106a_final/install/navigation_node_two/share/navigation_node_two/hook/pythonpath.sh'
[33.290s] [34mcolcon.colcon_core.environment[0m [1;30mLevel 1[0m checking '/home/unitree/106a_final/install/navigation_node_two/bin'
[33.290s] [34mcolcon.colcon_core.environment[0m [1;30mLevel 1[0m create_environment_scripts_only(navigation_node_two)
[33.396s] [34mcolcon.colcon_core.shell[0m [1;30mINFO[0m Creating package script '/home/unitree/106a_final/install/navigation_node_two/share/navigation_node_two/package.ps1'
[33.398s] [34mcolcon.colcon_core.shell[0m [1;30mINFO[0m Creating package descriptor '/home/unitree/106a_final/install/navigation_node_two/share/navigation_node_two/package.dsv'
[33.400s] [34mcolcon.colcon_core.shell[0m [1;30mINFO[0m Creating package script '/home/unitree/106a_final/install/navigation_node_two/share/navigation_node_two/package.sh'
[33.401s] [34mcolcon.colcon_core.shell[0m [1;30mINFO[0m Creating package script '/home/unitree/106a_final/install/navigation_node_two/share/navigation_node_two/package.bash'
[33.402s] [34mcolcon.colcon_core.shell[0m [1;30mINFO[0m Creating package script '/home/unitree/106a_final/install/navigation_node_two/share/navigation_node_two/package.zsh'
[33.402s] [34mcolcon.colcon_core.environment[0m [1;30mLevel 1[0m create_file_with_runtime_dependencies(/home/unitree/106a_final/install/navigation_node_two/share/colcon-core/packages/navigation_node_two)
[33.417s] [34mcolcon.colcon_core.event_handler.log_command[0m [1;30mDEBUG[0m [32mInvoking command in '/home/unitree/106a_final/src/go2_bringup': AMENT_PREFIX_PATH=/home/unitree/106a_final/install/vision_node:/home/unitree/106a_final/install/navigation_return_node:/home/unitree/106a_final/install/navigation_node_three:/home/unitree/106a_final/install/aruco_node:/home/unitree/106a_final/install/arm_control:/home/unitree/106a_final/install/go2_bringup:/home/unitree/106a_final/install/realsense2_description:/home/unitree/106a_final/install/realsense2_camera:/home/unitree/106a_final/install/realsense2_camera_msgs:/home/unitree/106a_final/install/navigation_node_two:/home/unitree/106a_final/install/navigation_node:/home/unitree/106a_final/install/navigatigation_node_three:/home/unitree/106a_final/install/base_driver:/home/unitree/106a_final/install/arm_driver:/home/unitree/cyclonedds_ws/install/rmw_cyclonedds_cpp:/opt/ros/foxy CMAKE_PREFIX_PATH=/home/unitree/106a_final/install/base_driver:/home/unitree/106a_final/install/arm_driver:/home/unitree/106a_final/install/realsense2_description:/home/unitree/106a_final/install/realsense2_camera:/home/unitree/106a_final/install/realsense2_camera_msgs:/home/unitree/cyclonedds_ws/install/rmw_cyclonedds_cpp:/home/unitree/cyclonedds_ws/install/cyclonedds PYTHONPATH=/home/unitree/106a_final/build/go2_bringup/prefix_override:/home/unitree/106a_final/install/go2_bringup/lib/python3.8/site-packages:/home/unitree/106a_final/install/vision_node/lib/python3.8/site-packages:/home/unitree/106a_final/install/navigation_return_node/lib/python3.8/site-packages:/home/unitree/106a_final/install/navigation_node_three/lib/python3.8/site-packages:/home/unitree/106a_final/install/aruco_node/lib/python3.8/site-packages:/home/unitree/106a_final/install/arm_control/lib/python3.8/site-packages:/home/unitree/106a_final/install/go2_bringup/lib/python3.8/site-packages:/home/unitree/106a_final/install/realsense2_camera_msgs/lib/python3.8/site-packages:/home/unitree/106a_final/install/navigation_node_two/lib/python3.8/site-packages:/home/unitree/106a_final/install/navigation_node/lib/python3.8/site-packages:/home/unitree/106a_final/install/navigatigation_node_three/lib/python3.8/site-packages:/opt/ros/foxy/lib/python3.8/site-packages /usr/bin/python3 setup.py egg_info --egg-base ../../build/go2_bringup build --build-base /home/unitree/106a_final/build/go2_bringup/build install --record /home/unitree/106a_final/build/go2_bringup/install.log --install-scripts $base/lib/go2_bringup --single-version-externally-managed[0m
[34.228s] [34mcolcon.colcon_core.event_handler.log_command[0m [1;30mDEBUG[0m [32mInvoked command in '/home/unitree/106a_final/src/go2_bringup' returned '0': AMENT_PREFIX_PATH=/home/unitree/106a_final/install/vision_node:/home/unitree/106a_final/install/navigation_return_node:/home/unitree/106a_final/install/navigation_node_three:/home/unitree/106a_final/install/aruco_node:/home/unitree/106a_final/install/arm_control:/home/unitree/106a_final/install/go2_bringup:/home/unitree/106a_final/install/realsense2_description:/home/unitree/106a_final/install/realsense2_camera:/home/unitree/106a_final/install/realsense2_camera_msgs:/home/unitree/106a_final/install/navigation_node_two:/home/unitree/106a_final/install/navigation_node:/home/unitree/106a_final/install/navigatigation_node_three:/home/unitree/106a_final/install/base_driver:/home/unitree/106a_final/install/arm_driver:/home/unitree/cyclonedds_ws/install/rmw_cyclonedds_cpp:/opt/ros/foxy CMAKE_PREFIX_PATH=/home/unitree/106a_final/install/base_driver:/home/unitree/106a_final/install/arm_driver:/home/unitree/106a_final/install/realsense2_description:/home/unitree/106a_final/install/realsense2_camera:/home/unitree/106a_final/install/realsense2_camera_msgs:/home/unitree/cyclonedds_ws/install/rmw_cyclonedds_cpp:/home/unitree/cyclonedds_ws/install/cyclonedds PYTHONPATH=/home/unitree/106a_final/build/go2_bringup/prefix_override:/home/unitree/106a_final/install/go2_bringup/lib/python3.8/site-packages:/home/unitree/106a_final/install/vision_node/lib/python3.8/site-packages:/home/unitree/106a_final/install/navigation_return_node/lib/python3.8/site-packages:/home/unitree/106a_final/install/navigation_node_three/lib/python3.8/site-packages:/home/unitree/106a_final/install/aruco_node/lib/python3.8/site-packages:/home/unitree/106a_final/install/arm_control/lib/python3.8/site-packages:/home/unitree/106a_final/install/go2_bringup/lib/python3.8/site-packages:/home/unitree/106a_final/install/realsense2_camera_msgs/lib/python3.8/site-packages:/home/unitree/106a_final/install/navigation_node_two/lib/python3.8/site-packages:/home/unitree/106a_final/install/navigation_node/lib/python3.8/site-packages:/home/unitree/106a_final/install/navigatigation_node_three/lib/python3.8/site-packages:/opt/ros/foxy/lib/python3.8/site-packages /usr/bin/python3 setup.py egg_info --egg-base ../../build/go2_bringup build --build-base /home/unitree/106a_final/build/go2_bringup/build install --record /home/unitree/106a_final/build/go2_bringup/install.log --install-scripts $base/lib/go2_bringup --single-version-externally-managed[0m
[34.343s] [34mcolcon.colcon_core.environment[0m [1;30mLevel 1[0m checking '/home/unitree/106a_final/install/go2_bringup' for CMake module files
[34.344s] [34mcolcon.colcon_core.environment[0m [1;30mLevel 1[0m checking '/home/unitree/106a_final/install/go2_bringup' for CMake config files
[34.346s] [34mcolcon.colcon_core.environment[0m [1;30mLevel 1[0m checking '/home/unitree/106a_final/install/go2_bringup/lib'
[34.346s] [34mcolcon.colcon_core.environment[0m [1;30mLevel 1[0m checking '/home/unitree/106a_final/install/go2_bringup/bin'
[34.346s] [34mcolcon.colcon_core.environment[0m [1;30mLevel 1[0m checking '/home/unitree/106a_final/install/go2_bringup/lib/pkgconfig/go2_bringup.pc'
[34.346s] [34mcolcon.colcon_core.environment[0m [1;30mLevel 1[0m checking '/home/unitree/106a_final/install/go2_bringup/lib/python3.8/site-packages'
[34.347s] [34mcolcon.colcon_core.shell[0m [1;30mLevel 1[0m create_environment_hook('go2_bringup', 'pythonpath')
[34.445s] [34mcolcon.colcon_core.shell[0m [1;30mINFO[0m Creating environment hook '/home/unitree/106a_final/install/go2_bringup/share/go2_bringup/hook/pythonpath.ps1'
[34.447s] [34mcolcon.colcon_core.shell[0m [1;30mINFO[0m Creating environment descriptor '/home/unitree/106a_final/install/go2_bringup/share/go2_bringup/hook/pythonpath.dsv'
[34.448s] [34mcolcon.colcon_core.shell[0m [1;30mINFO[0m Creating environment hook '/home/unitree/106a_final/install/go2_bringup/share/go2_bringup/hook/pythonpath.sh'
[34.449s] [34mcolcon.colcon_core.environment[0m [1;30mLevel 1[0m checking '/home/unitree/106a_final/install/go2_bringup/bin'
[34.449s] [34mcolcon.colcon_core.environment[0m [1;30mLevel 1[0m create_environment_scripts_only(go2_bringup)
[34.552s] [34mcolcon.colcon_core.shell[0m [1;30mINFO[0m Creating package script '/home/unitree/106a_final/install/go2_bringup/share/go2_bringup/package.ps1'
[34.554s] [34mcolcon.colcon_core.shell[0m [1;30mINFO[0m Creating package descriptor '/home/unitree/106a_final/install/go2_bringup/share/go2_bringup/package.dsv'
[34.556s] [34mcolcon.colcon_core.shell[0m [1;30mINFO[0m Creating package script '/home/unitree/106a_final/install/go2_bringup/share/go2_bringup/package.sh'
[34.557s] [34mcolcon.colcon_core.shell[0m [1;30mINFO[0m Creating package script '/home/unitree/106a_final/install/go2_bringup/share/go2_bringup/package.bash'
[34.558s] [34mcolcon.colcon_core.shell[0m [1;30mINFO[0m Creating package script '/home/unitree/106a_final/install/go2_bringup/share/go2_bringup/package.zsh'
[34.558s] [34mcolcon.colcon_core.environment[0m [1;30mLevel 1[0m create_file_with_runtime_dependencies(/home/unitree/106a_final/install/go2_bringup/share/colcon-core/packages/go2_bringup)
[34.561s] [34mcolcon.colcon_parallel_executor.executor.parallel[0m [1;30mDEBUG[0m [32mclosing loop[0m
[34.561s] [34mcolcon.colcon_parallel_executor.executor.parallel[0m [1;30mDEBUG[0m [32mloop closed[0m
[34.561s] [34mcolcon.colcon_parallel_executor.executor.parallel[0m [1;30mDEBUG[0m [32mrun_until_complete finished with '0'[0m
[34.561s] [34mcolcon.colcon_core.event_reactor[0m [1;30mDEBUG[0m [32mjoining thread[0m
[34.675s] [34mcolcon.colcon_core.plugin_system[0m [1;30mINFO[0m Skipping extension 'colcon_notification.desktop_notification.terminal_notifier': Not used on non-Darwin systems
[34.675s] [34mcolcon.colcon_core.plugin_system[0m [1;30mINFO[0m Skipping extension 'colcon_notification.desktop_notification.win32': Not used on non-Windows systems
[34.675s] [34mcolcon.colcon_notification.desktop_notification[0m [1;30mINFO[0m Sending desktop notification using 'notify2'
[34.716s] [34mcolcon.colcon_core.event_reactor[0m [1;30mDEBUG[0m [32mjoined thread[0m
[34.820s] [34mcolcon.colcon_core.shell[0m [1;30mINFO[0m Creating prefix script '/home/unitree/106a_final/install/local_setup.ps1'
[34.822s] [34mcolcon.colcon_core.shell[0m [1;30mINFO[0m Creating prefix util module '/home/unitree/106a_final/install/_local_setup_util_ps1.py'
[34.825s] [34mcolcon.colcon_core.shell[0m [1;30mINFO[0m Creating prefix chain script '/home/unitree/106a_final/install/setup.ps1'
[34.977s] [34mcolcon.colcon_core.shell[0m [1;30mINFO[0m Creating prefix script '/home/unitree/106a_final/install/local_setup.sh'
[34.978s] [34mcolcon.colcon_core.shell[0m [1;30mINFO[0m Creating prefix util module '/home/unitree/106a_final/install/_local_setup_util_sh.py'
[34.980s] [34mcolcon.colcon_core.shell[0m [1;30mINFO[0m Creating prefix chain script '/home/unitree/106a_final/install/setup.sh'
[35.079s] [34mcolcon.colcon_core.shell[0m [1;30mINFO[0m Creating prefix script '/home/unitree/106a_final/install/local_setup.bash'
[35.080s] [34mcolcon.colcon_core.shell[0m [1;30mINFO[0m Creating prefix chain script '/home/unitree/106a_final/install/setup.bash'
[35.179s] [34mcolcon.colcon_core.shell[0m [1;30mINFO[0m Creating prefix script '/home/unitree/106a_final/install/local_setup.zsh'
[35.181s] [34mcolcon.colcon_core.shell[0m [1;30mINFO[0m Creating prefix chain script '/home/unitree/106a_final/install/setup.zsh'
