[13.420s] [34mcolcon[0m [1;30mDEBUG[0m [32mCommand line arguments: ['/usr/bin/colcon', 'build'][0m
[13.421s] [34mcolcon[0m [1;30mDEBUG[0m [32mParsed command line arguments: Namespace(allow_overriding=[], ament_cmake_args=None, base_paths=['.'], build_base='build', catkin_cmake_args=None, catkin_skip_building_tests=False, cmake_args=None, cmake_clean_cache=False, cmake_clean_first=False, cmake_force_configure=False, cmake_target=None, cmake_target_skip_unavailable=False, continue_on_error=False, event_handlers=None, executor='parallel', ignore_user_meta=False, install_base='install', log_base=None, log_level=None, main=<bound method BuildVerb.main of <colcon_core.verb.build.BuildVerb object at 0xffffa0151460>>, merge_install=False, metas=['./colcon.meta'], packages_above=None, packages_above_and_dependencies=None, packages_above_depth=None, packages_end=None, packages_ignore=None, packages_ignore_regex=None, packages_select=None, packages_select_build_failed=False, packages_select_by_dep=None, packages_select_regex=None, packages_select_test_failures=False, packages_skip=None, packages_skip_build_finished=False, packages_skip_by_dep=None, packages_skip_regex=None, packages_skip_test_passed=False, packages_skip_up_to=None, packages_start=None, packages_up_to=None, packages_up_to_regex=None, parallel_workers=4, paths=None, symlink_install=False, test_result_base=None, verb_extension=<colcon_core.verb.build.BuildVerb object at 0xffffa0151460>, verb_name='build', verb_parser=<colcon_defaults.argument_parser.defaults.DefaultArgumentsDecorator object at 0xffffa0018130>)[0m
[14.562s] [34mcolcon.colcon_core.package_discovery[0m [1;30mLevel 1[0m discover_packages(colcon_meta) check parameters
[14.563s] [34mcolcon.colcon_core.package_discovery[0m [1;30mLevel 1[0m discover_packages(recursive) check parameters
[14.563s] [34mcolcon.colcon_core.package_discovery[0m [1;30mLevel 1[0m discover_packages(ignore) check parameters
[14.563s] [34mcolcon.colcon_core.package_discovery[0m [1;30mLevel 1[0m discover_packages(path) check parameters
[14.563s] [34mcolcon.colcon_core.package_discovery[0m [1;30mLevel 1[0m discover_packages(colcon_meta) discover
[14.563s] [34mcolcon.colcon_core.package_discovery[0m [1;30mLevel 1[0m discover_packages(recursive) discover
[14.563s] [34mcolcon.colcon_core.package_discovery[0m [1;30mINFO[0m Crawling recursively for packages in '/home/unitree/106a_final'
[14.563s] [34mcolcon.colcon_core.package_identification[0m [1;30mLevel 1[0m _identify(.) by extensions ['ignore', 'ignore_ament_install']
[14.564s] [34mcolcon.colcon_core.package_identification[0m [1;30mLevel 1[0m _identify(.) by extension 'ignore'
[14.564s] [34mcolcon.colcon_core.package_identification[0m [1;30mLevel 1[0m _identify(.) by extension 'ignore_ament_install'
[14.564s] [34mcolcon.colcon_core.package_identification[0m [1;30mLevel 1[0m _identify(.) by extensions ['colcon_pkg']
[14.564s] [34mcolcon.colcon_core.package_identification[0m [1;30mLevel 1[0m _identify(.) by extension 'colcon_pkg'
[14.564s] [34mcolcon.colcon_core.package_identification[0m [1;30mLevel 1[0m _identify(.) by extensions ['colcon_meta']
[14.564s] [34mcolcon.colcon_core.package_identification[0m [1;30mLevel 1[0m _identify(.) by extension 'colcon_meta'
[14.564s] [34mcolcon.colcon_core.package_identification[0m [1;30mLevel 1[0m _identify(.) by extensions ['ros']
[14.564s] [34mcolcon.colcon_core.package_identification[0m [1;30mLevel 1[0m _identify(.) by extension 'ros'
[14.596s] [34mcolcon.colcon_core.package_identification[0m [1;30mLevel 1[0m _identify(.) by extensions ['cmake', 'python']
[14.596s] [34mcolcon.colcon_core.package_identification[0m [1;30mLevel 1[0m _identify(.) by extension 'cmake'
[14.596s] [34mcolcon.colcon_core.package_identification[0m [1;30mLevel 1[0m _identify(.) by extension 'python'
[14.597s] [34mcolcon.colcon_core.package_identification[0m [1;30mLevel 1[0m _identify(.) by extensions ['python_setup_py']
[14.597s] [34mcolcon.colcon_core.package_identification[0m [1;30mLevel 1[0m _identify(.) by extension 'python_setup_py'
[14.597s] [34mcolcon.colcon_core.package_identification[0m [1;30mLevel 1[0m _identify(build) by extensions ['ignore', 'ignore_ament_install']
[14.597s] [34mcolcon.colcon_core.package_identification[0m [1;30mLevel 1[0m _identify(build) by extension 'ignore'
[14.597s] [34mcolcon.colcon_core.package_identification[0m [1;30mLevel 1[0m _identify(build) ignored
[14.598s] [34mcolcon.colcon_core.package_identification[0m [1;30mLevel 1[0m _identify(install) by extensions ['ignore', 'ignore_ament_install']
[14.598s] [34mcolcon.colcon_core.package_identification[0m [1;30mLevel 1[0m _identify(install) by extension 'ignore'
[14.598s] [34mcolcon.colcon_core.package_identification[0m [1;30mLevel 1[0m _identify(install) ignored
[14.599s] [34mcolcon.colcon_core.package_identification[0m [1;30mLevel 1[0m _identify(log) by extensions ['ignore', 'ignore_ament_install']
[14.599s] [34mcolcon.colcon_core.package_identification[0m [1;30mLevel 1[0m _identify(log) by extension 'ignore'
[14.599s] [34mcolcon.colcon_core.package_identification[0m [1;30mLevel 1[0m _identify(log) ignored
[14.599s] [34mcolcon.colcon_core.package_identification[0m [1;30mLevel 1[0m _identify(src) by extensions ['ignore', 'ignore_ament_install']
[14.599s] [34mcolcon.colcon_core.package_identification[0m [1;30mLevel 1[0m _identify(src) by extension 'ignore'
[14.600s] [34mcolcon.colcon_core.package_identification[0m [1;30mLevel 1[0m _identify(src) by extension 'ignore_ament_install'
[14.600s] [34mcolcon.colcon_core.package_identification[0m [1;30mLevel 1[0m _identify(src) by extensions ['colcon_pkg']
[14.600s] [34mcolcon.colcon_core.package_identification[0m [1;30mLevel 1[0m _identify(src) by extension 'colcon_pkg'
[14.600s] [34mcolcon.colcon_core.package_identification[0m [1;30mLevel 1[0m _identify(src) by extensions ['colcon_meta']
[14.600s] [34mcolcon.colcon_core.package_identification[0m [1;30mLevel 1[0m _identify(src) by extension 'colcon_meta'
[14.600s] [34mcolcon.colcon_core.package_identification[0m [1;30mLevel 1[0m _identify(src) by extensions ['ros']
[14.600s] [34mcolcon.colcon_core.package_identification[0m [1;30mLevel 1[0m _identify(src) by extension 'ros'
[14.600s] [34mcolcon.colcon_core.package_identification[0m [1;30mLevel 1[0m _identify(src) by extensions ['cmake', 'python']
[14.600s] [34mcolcon.colcon_core.package_identification[0m [1;30mLevel 1[0m _identify(src) by extension 'cmake'
[14.600s] [34mcolcon.colcon_core.package_identification[0m [1;30mLevel 1[0m _identify(src) by extension 'python'
[14.600s] [34mcolcon.colcon_core.package_identification[0m [1;30mLevel 1[0m _identify(src) by extensions ['python_setup_py']
[14.601s] [34mcolcon.colcon_core.package_identification[0m [1;30mLevel 1[0m _identify(src) by extension 'python_setup_py'
[14.601s] [34mcolcon.colcon_core.package_identification[0m [1;30mLevel 1[0m _identify(src/arm_control) by extensions ['ignore', 'ignore_ament_install']
[14.601s] [34mcolcon.colcon_core.package_identification[0m [1;30mLevel 1[0m _identify(src/arm_control) by extension 'ignore'
[14.601s] [34mcolcon.colcon_core.package_identification[0m [1;30mLevel 1[0m _identify(src/arm_control) by extension 'ignore_ament_install'
[14.601s] [34mcolcon.colcon_core.package_identification[0m [1;30mLevel 1[0m _identify(src/arm_control) by extensions ['colcon_pkg']
[14.601s] [34mcolcon.colcon_core.package_identification[0m [1;30mLevel 1[0m _identify(src/arm_control) by extension 'colcon_pkg'
[14.601s] [34mcolcon.colcon_core.package_identification[0m [1;30mLevel 1[0m _identify(src/arm_control) by extensions ['colcon_meta']
[14.601s] [34mcolcon.colcon_core.package_identification[0m [1;30mLevel 1[0m _identify(src/arm_control) by extension 'colcon_meta'
[14.601s] [34mcolcon.colcon_core.package_identification[0m [1;30mLevel 1[0m _identify(src/arm_control) by extensions ['ros']
[14.602s] [34mcolcon.colcon_core.package_identification[0m [1;30mLevel 1[0m _identify(src/arm_control) by extension 'ros'
[14.609s] [34mcolcon.colcon_core.package_identification[0m [1;30mDEBUG[0m [32mPackage 'src/arm_control' with type 'ros.ament_python' and name 'arm_control'[0m
[14.610s] [34mcolcon.colcon_core.package_identification[0m [1;30mLevel 1[0m _identify(src/arm_driver) by extensions ['ignore', 'ignore_ament_install']
[14.610s] [34mcolcon.colcon_core.package_identification[0m [1;30mLevel 1[0m _identify(src/arm_driver) by extension 'ignore'
[14.610s] [34mcolcon.colcon_core.package_identification[0m [1;30mLevel 1[0m _identify(src/arm_driver) by extension 'ignore_ament_install'
[14.610s] [34mcolcon.colcon_core.package_identification[0m [1;30mLevel 1[0m _identify(src/arm_driver) by extensions ['colcon_pkg']
[14.610s] [34mcolcon.colcon_core.package_identification[0m [1;30mLevel 1[0m _identify(src/arm_driver) by extension 'colcon_pkg'
[14.610s] [34mcolcon.colcon_core.package_identification[0m [1;30mLevel 1[0m _identify(src/arm_driver) by extensions ['colcon_meta']
[14.610s] [34mcolcon.colcon_core.package_identification[0m [1;30mLevel 1[0m _identify(src/arm_driver) by extension 'colcon_meta'
[14.611s] [34mcolcon.colcon_core.package_identification[0m [1;30mLevel 1[0m _identify(src/arm_driver) by extensions ['ros']
[14.611s] [34mcolcon.colcon_core.package_identification[0m [1;30mLevel 1[0m _identify(src/arm_driver) by extension 'ros'
[14.612s] [34mcolcon.colcon_core.package_identification[0m [1;30mDEBUG[0m [32mPackage 'src/arm_driver' with type 'ros.ament_cmake' and name 'arm_driver'[0m
[14.613s] [34mcolcon.colcon_core.package_identification[0m [1;30mLevel 1[0m _identify(src/aruco_node) by extensions ['ignore', 'ignore_ament_install']
[14.613s] [34mcolcon.colcon_core.package_identification[0m [1;30mLevel 1[0m _identify(src/aruco_node) by extension 'ignore'
[14.613s] [34mcolcon.colcon_core.package_identification[0m [1;30mLevel 1[0m _identify(src/aruco_node) by extension 'ignore_ament_install'
[14.613s] [34mcolcon.colcon_core.package_identification[0m [1;30mLevel 1[0m _identify(src/aruco_node) by extensions ['colcon_pkg']
[14.613s] [34mcolcon.colcon_core.package_identification[0m [1;30mLevel 1[0m _identify(src/aruco_node) by extension 'colcon_pkg'
[14.613s] [34mcolcon.colcon_core.package_identification[0m [1;30mLevel 1[0m _identify(src/aruco_node) by extensions ['colcon_meta']
[14.614s] [34mcolcon.colcon_core.package_identification[0m [1;30mLevel 1[0m _identify(src/aruco_node) by extension 'colcon_meta'
[14.614s] [34mcolcon.colcon_core.package_identification[0m [1;30mLevel 1[0m _identify(src/aruco_node) by extensions ['ros']
[14.614s] [34mcolcon.colcon_core.package_identification[0m [1;30mLevel 1[0m _identify(src/aruco_node) by extension 'ros'
[14.615s] [34mcolcon.colcon_core.package_identification[0m [1;30mDEBUG[0m [32mPackage 'src/aruco_node' with type 'ros.ament_python' and name 'aruco_node'[0m
[14.616s] [34mcolcon.colcon_core.package_identification[0m [1;30mLevel 1[0m _identify(src/base_driver) by extensions ['ignore', 'ignore_ament_install']
[14.616s] [34mcolcon.colcon_core.package_identification[0m [1;30mLevel 1[0m _identify(src/base_driver) by extension 'ignore'
[14.616s] [34mcolcon.colcon_core.package_identification[0m [1;30mLevel 1[0m _identify(src/base_driver) by extension 'ignore_ament_install'
[14.616s] [34mcolcon.colcon_core.package_identification[0m [1;30mLevel 1[0m _identify(src/base_driver) by extensions ['colcon_pkg']
[14.616s] [34mcolcon.colcon_core.package_identification[0m [1;30mLevel 1[0m _identify(src/base_driver) by extension 'colcon_pkg'
[14.616s] [34mcolcon.colcon_core.package_identification[0m [1;30mLevel 1[0m _identify(src/base_driver) by extensions ['colcon_meta']
[14.616s] [34mcolcon.colcon_core.package_identification[0m [1;30mLevel 1[0m _identify(src/base_driver) by extension 'colcon_meta'
[14.617s] [34mcolcon.colcon_core.package_identification[0m [1;30mLevel 1[0m _identify(src/base_driver) by extensions ['ros']
[14.617s] [34mcolcon.colcon_core.package_identification[0m [1;30mLevel 1[0m _identify(src/base_driver) by extension 'ros'
[14.618s] [34mcolcon.colcon_core.package_identification[0m [1;30mDEBUG[0m [32mPackage 'src/base_driver' with type 'ros.ament_cmake' and name 'base_driver'[0m
[14.618s] [34mcolcon.colcon_core.package_identification[0m [1;30mLevel 1[0m _identify(src/d1_sdk) by extensions ['ignore', 'ignore_ament_install']
[14.619s] [34mcolcon.colcon_core.package_identification[0m [1;30mLevel 1[0m _identify(src/d1_sdk) by extension 'ignore'
[14.619s] [34mcolcon.colcon_core.package_identification[0m [1;30mLevel 1[0m _identify(src/d1_sdk) ignored
[14.619s] [34mcolcon.colcon_core.package_identification[0m [1;30mLevel 1[0m _identify(src/go2_bringup) by extensions ['ignore', 'ignore_ament_install']
[14.619s] [34mcolcon.colcon_core.package_identification[0m [1;30mLevel 1[0m _identify(src/go2_bringup) by extension 'ignore'
[14.619s] [34mcolcon.colcon_core.package_identification[0m [1;30mLevel 1[0m _identify(src/go2_bringup) by extension 'ignore_ament_install'
[14.619s] [34mcolcon.colcon_core.package_identification[0m [1;30mLevel 1[0m _identify(src/go2_bringup) by extensions ['colcon_pkg']
[14.619s] [34mcolcon.colcon_core.package_identification[0m [1;30mLevel 1[0m _identify(src/go2_bringup) by extension 'colcon_pkg'
[14.620s] [34mcolcon.colcon_core.package_identification[0m [1;30mLevel 1[0m _identify(src/go2_bringup) by extensions ['colcon_meta']
[14.620s] [34mcolcon.colcon_core.package_identification[0m [1;30mLevel 1[0m _identify(src/go2_bringup) by extension 'colcon_meta'
[14.620s] [34mcolcon.colcon_core.package_identification[0m [1;30mLevel 1[0m _identify(src/go2_bringup) by extensions ['ros']
[14.620s] [34mcolcon.colcon_core.package_identification[0m [1;30mLevel 1[0m _identify(src/go2_bringup) by extension 'ros'
[14.621s] [34mcolcon.colcon_core.package_identification[0m [1;30mDEBUG[0m [32mPackage 'src/go2_bringup' with type 'ros.ament_python' and name 'go2_bringup'[0m
[14.622s] [34mcolcon.colcon_core.package_identification[0m [1;30mLevel 1[0m _identify(src/navigation_node) by extensions ['ignore', 'ignore_ament_install']
[14.622s] [34mcolcon.colcon_core.package_identification[0m [1;30mLevel 1[0m _identify(src/navigation_node) by extension 'ignore'
[14.622s] [34mcolcon.colcon_core.package_identification[0m [1;30mLevel 1[0m _identify(src/navigation_node) by extension 'ignore_ament_install'
[14.622s] [34mcolcon.colcon_core.package_identification[0m [1;30mLevel 1[0m _identify(src/navigation_node) by extensions ['colcon_pkg']
[14.622s] [34mcolcon.colcon_core.package_identification[0m [1;30mLevel 1[0m _identify(src/navigation_node) by extension 'colcon_pkg'
[14.622s] [34mcolcon.colcon_core.package_identification[0m [1;30mLevel 1[0m _identify(src/navigation_node) by extensions ['colcon_meta']
[14.622s] [34mcolcon.colcon_core.package_identification[0m [1;30mLevel 1[0m _identify(src/navigation_node) by extension 'colcon_meta'
[14.623s] [34mcolcon.colcon_core.package_identification[0m [1;30mLevel 1[0m _identify(src/navigation_node) by extensions ['ros']
[14.623s] [34mcolcon.colcon_core.package_identification[0m [1;30mLevel 1[0m _identify(src/navigation_node) by extension 'ros'
[14.624s] [34mcolcon.colcon_core.package_identification[0m [1;30mDEBUG[0m [32mPackage 'src/navigation_node' with type 'ros.ament_python' and name 'navigation_node'[0m
[14.624s] [34mcolcon.colcon_core.package_identification[0m [1;30mLevel 1[0m _identify(src/navigation_node_three) by extensions ['ignore', 'ignore_ament_install']
[14.624s] [34mcolcon.colcon_core.package_identification[0m [1;30mLevel 1[0m _identify(src/navigation_node_three) by extension 'ignore'
[14.625s] [34mcolcon.colcon_core.package_identification[0m [1;30mLevel 1[0m _identify(src/navigation_node_three) by extension 'ignore_ament_install'
[14.625s] [34mcolcon.colcon_core.package_identification[0m [1;30mLevel 1[0m _identify(src/navigation_node_three) by extensions ['colcon_pkg']
[14.625s] [34mcolcon.colcon_core.package_identification[0m [1;30mLevel 1[0m _identify(src/navigation_node_three) by extension 'colcon_pkg'
[14.625s] [34mcolcon.colcon_core.package_identification[0m [1;30mLevel 1[0m _identify(src/navigation_node_three) by extensions ['colcon_meta']
[14.625s] [34mcolcon.colcon_core.package_identification[0m [1;30mLevel 1[0m _identify(src/navigation_node_three) by extension 'colcon_meta'
[14.625s] [34mcolcon.colcon_core.package_identification[0m [1;30mLevel 1[0m _identify(src/navigation_node_three) by extensions ['ros']
[14.625s] [34mcolcon.colcon_core.package_identification[0m [1;30mLevel 1[0m _identify(src/navigation_node_three) by extension 'ros'
[14.627s] [34mcolcon.colcon_core.package_identification[0m [1;30mDEBUG[0m [32mPackage 'src/navigation_node_three' with type 'ros.ament_python' and name 'navigation_node_three'[0m
[14.627s] [34mcolcon.colcon_core.package_identification[0m [1;30mLevel 1[0m _identify(src/navigation_node_two) by extensions ['ignore', 'ignore_ament_install']
[14.627s] [34mcolcon.colcon_core.package_identification[0m [1;30mLevel 1[0m _identify(src/navigation_node_two) by extension 'ignore'
[14.628s] [34mcolcon.colcon_core.package_identification[0m [1;30mLevel 1[0m _identify(src/navigation_node_two) by extension 'ignore_ament_install'
[14.628s] [34mcolcon.colcon_core.package_identification[0m [1;30mLevel 1[0m _identify(src/navigation_node_two) by extensions ['colcon_pkg']
[14.628s] [34mcolcon.colcon_core.package_identification[0m [1;30mLevel 1[0m _identify(src/navigation_node_two) by extension 'colcon_pkg'
[14.628s] [34mcolcon.colcon_core.package_identification[0m [1;30mLevel 1[0m _identify(src/navigation_node_two) by extensions ['colcon_meta']
[14.628s] [34mcolcon.colcon_core.package_identification[0m [1;30mLevel 1[0m _identify(src/navigation_node_two) by extension 'colcon_meta'
[14.628s] [34mcolcon.colcon_core.package_identification[0m [1;30mLevel 1[0m _identify(src/navigation_node_two) by extensions ['ros']
[14.628s] [34mcolcon.colcon_core.package_identification[0m [1;30mLevel 1[0m _identify(src/navigation_node_two) by extension 'ros'
[14.630s] [34mcolcon.colcon_core.package_identification[0m [1;30mDEBUG[0m [32mPackage 'src/navigation_node_two' with type 'ros.ament_python' and name 'navigation_node_two'[0m
[14.630s] [34mcolcon.colcon_core.package_identification[0m [1;30mLevel 1[0m _identify(src/navigation_return_node) by extensions ['ignore', 'ignore_ament_install']
[14.630s] [34mcolcon.colcon_core.package_identification[0m [1;30mLevel 1[0m _identify(src/navigation_return_node) by extension 'ignore'
[14.630s] [34mcolcon.colcon_core.package_identification[0m [1;30mLevel 1[0m _identify(src/navigation_return_node) by extension 'ignore_ament_install'
[14.630s] [34mcolcon.colcon_core.package_identification[0m [1;30mLevel 1[0m _identify(src/navigation_return_node) by extensions ['colcon_pkg']
[14.631s] [34mcolcon.colcon_core.package_identification[0m [1;30mLevel 1[0m _identify(src/navigation_return_node) by extension 'colcon_pkg'
[14.631s] [34mcolcon.colcon_core.package_identification[0m [1;30mLevel 1[0m _identify(src/navigation_return_node) by extensions ['colcon_meta']
[14.631s] [34mcolcon.colcon_core.package_identification[0m [1;30mLevel 1[0m _identify(src/navigation_return_node) by extension 'colcon_meta'
[14.631s] [34mcolcon.colcon_core.package_identification[0m [1;30mLevel 1[0m _identify(src/navigation_return_node) by extensions ['ros']
[14.631s] [34mcolcon.colcon_core.package_identification[0m [1;30mLevel 1[0m _identify(src/navigation_return_node) by extension 'ros'
[14.634s] [34mcolcon.colcon_core.package_identification[0m [1;30mDEBUG[0m [32mPackage 'src/navigation_return_node' with type 'ros.ament_python' and name 'navigation_return_node'[0m
[14.635s] [34mcolcon.colcon_core.package_identification[0m [1;30mLevel 1[0m _identify(src/realsense-ros) by extensions ['ignore', 'ignore_ament_install']
[14.635s] [34mcolcon.colcon_core.package_identification[0m [1;30mLevel 1[0m _identify(src/realsense-ros) by extension 'ignore'
[14.635s] [34mcolcon.colcon_core.package_identification[0m [1;30mLevel 1[0m _identify(src/realsense-ros) ignored
[14.635s] [34mcolcon.colcon_core.package_identification[0m [1;30mLevel 1[0m _identify(src/unitree_sdk2) by extensions ['ignore', 'ignore_ament_install']
[14.636s] [34mcolcon.colcon_core.package_identification[0m [1;30mLevel 1[0m _identify(src/unitree_sdk2) by extension 'ignore'
[14.636s] [34mcolcon.colcon_core.package_identification[0m [1;30mLevel 1[0m _identify(src/unitree_sdk2) ignored
[14.636s] [34mcolcon.colcon_core.package_identification[0m [1;30mLevel 1[0m _identify(src/unitree_sdk2_python) by extensions ['ignore', 'ignore_ament_install']
[14.636s] [34mcolcon.colcon_core.package_identification[0m [1;30mLevel 1[0m _identify(src/unitree_sdk2_python) by extension 'ignore'
[14.636s] [34mcolcon.colcon_core.package_identification[0m [1;30mLevel 1[0m _identify(src/unitree_sdk2_python) ignored
[14.637s] [34mcolcon.colcon_core.package_identification[0m [1;30mLevel 1[0m _identify(src/vision_node) by extensions ['ignore', 'ignore_ament_install']
[14.637s] [34mcolcon.colcon_core.package_identification[0m [1;30mLevel 1[0m _identify(src/vision_node) by extension 'ignore'
[14.637s] [34mcolcon.colcon_core.package_identification[0m [1;30mLevel 1[0m _identify(src/vision_node) by extension 'ignore_ament_install'
[14.637s] [34mcolcon.colcon_core.package_identification[0m [1;30mLevel 1[0m _identify(src/vision_node) by extensions ['colcon_pkg']
[14.637s] [34mcolcon.colcon_core.package_identification[0m [1;30mLevel 1[0m _identify(src/vision_node) by extension 'colcon_pkg'
[14.637s] [34mcolcon.colcon_core.package_identification[0m [1;30mLevel 1[0m _identify(src/vision_node) by extensions ['colcon_meta']
[14.637s] [34mcolcon.colcon_core.package_identification[0m [1;30mLevel 1[0m _identify(src/vision_node) by extension 'colcon_meta'
[14.637s] [34mcolcon.colcon_core.package_identification[0m [1;30mLevel 1[0m _identify(src/vision_node) by extensions ['ros']
[14.638s] [34mcolcon.colcon_core.package_identification[0m [1;30mLevel 1[0m _identify(src/vision_node) by extension 'ros'
[14.640s] [34mcolcon.colcon_core.package_identification[0m [1;30mDEBUG[0m [32mPackage 'src/vision_node' with type 'ros.ament_python' and name 'vision_node'[0m
[14.640s] [34mcolcon.colcon_core.package_discovery[0m [1;30mLevel 1[0m discover_packages(recursive) using defaults
[14.640s] [34mcolcon.colcon_core.package_discovery[0m [1;30mLevel 1[0m discover_packages(ignore) discover
[14.640s] [34mcolcon.colcon_core.package_discovery[0m [1;30mLevel 1[0m discover_packages(ignore) using defaults
[14.640s] [34mcolcon.colcon_core.package_discovery[0m [1;30mLevel 1[0m discover_packages(path) discover
[14.640s] [34mcolcon.colcon_core.package_discovery[0m [1;30mLevel 1[0m discover_packages(path) using defaults
[15.953s] [34mcolcon.colcon_core.package_discovery[0m [1;30mLevel 1[0m discover_packages(prefix_path) check parameters
[15.953s] [34mcolcon.colcon_core.package_discovery[0m [1;30mLevel 1[0m discover_packages(prefix_path) discover
[16.609s] [34mcolcon.colcon_installed_package_information.package_discovery[0m [1;30mDEBUG[0m [32mFound 14 installed packages in /home/unitree/106a_final/install[0m
[16.804s] [34mcolcon.colcon_installed_package_information.package_discovery[0m [1;30mDEBUG[0m [32mFound 2 installed packages in /home/unitree/cyclonedds_ws/install[0m
[17.229s] [34mcolcon.colcon_installed_package_information.package_discovery[0m [1;30mDEBUG[0m [32mFound 292 installed packages in /opt/ros/foxy[0m
[17.245s] [34mcolcon.colcon_core.package_discovery[0m [1;30mLevel 1[0m discover_packages(prefix_path) using defaults
[17.919s] [34mcolcon.colcon_core.verb[0m [1;30mLevel 5[0m set package 'arm_control' build argument 'cmake_args' from command line to 'None'
[17.919s] [34mcolcon.colcon_core.verb[0m [1;30mLevel 5[0m set package 'arm_control' build argument 'cmake_target' from command line to 'None'
[17.919s] [34mcolcon.colcon_core.verb[0m [1;30mLevel 5[0m set package 'arm_control' build argument 'cmake_target_skip_unavailable' from command line to 'False'
[17.919s] [34mcolcon.colcon_core.verb[0m [1;30mLevel 5[0m set package 'arm_control' build argument 'cmake_clean_cache' from command line to 'False'
[17.920s] [34mcolcon.colcon_core.verb[0m [1;30mLevel 5[0m set package 'arm_control' build argument 'cmake_clean_first' from command line to 'False'
[17.920s] [34mcolcon.colcon_core.verb[0m [1;30mLevel 5[0m set package 'arm_control' build argument 'cmake_force_configure' from command line to 'False'
[17.920s] [34mcolcon.colcon_core.verb[0m [1;30mLevel 5[0m set package 'arm_control' build argument 'ament_cmake_args' from command line to 'None'
[17.920s] [34mcolcon.colcon_core.verb[0m [1;30mLevel 5[0m set package 'arm_control' build argument 'catkin_cmake_args' from command line to 'None'
[17.920s] [34mcolcon.colcon_core.verb[0m [1;30mLevel 5[0m set package 'arm_control' build argument 'catkin_skip_building_tests' from command line to 'False'
[17.920s] [34mcolcon.colcon_core.verb[0m [1;30mDEBUG[0m [32mBuilding package 'arm_control' with the following arguments: {'ament_cmake_args': None, 'build_base': '/home/unitree/106a_final/build/arm_control', 'catkin_cmake_args': None, 'catkin_skip_building_tests': False, 'cmake_args': None, 'cmake_clean_cache': False, 'cmake_clean_first': False, 'cmake_force_configure': False, 'cmake_target': None, 'cmake_target_skip_unavailable': False, 'install_base': '/home/unitree/106a_final/install/arm_control', 'merge_install': False, 'path': '/home/unitree/106a_final/src/arm_control', 'symlink_install': False, 'test_result_base': None}[0m
[18.041s] [34mcolcon.colcon_core.verb[0m [1;30mLevel 5[0m set package 'arm_driver' build argument 'cmake_args' from command line to 'None'
[18.041s] [34mcolcon.colcon_core.verb[0m [1;30mLevel 5[0m set package 'arm_driver' build argument 'cmake_target' from command line to 'None'
[18.041s] [34mcolcon.colcon_core.verb[0m [1;30mLevel 5[0m set package 'arm_driver' build argument 'cmake_target_skip_unavailable' from command line to 'False'
[18.041s] [34mcolcon.colcon_core.verb[0m [1;30mLevel 5[0m set package 'arm_driver' build argument 'cmake_clean_cache' from command line to 'False'
[18.041s] [34mcolcon.colcon_core.verb[0m [1;30mLevel 5[0m set package 'arm_driver' build argument 'cmake_clean_first' from command line to 'False'
[18.041s] [34mcolcon.colcon_core.verb[0m [1;30mLevel 5[0m set package 'arm_driver' build argument 'cmake_force_configure' from command line to 'False'
[18.041s] [34mcolcon.colcon_core.verb[0m [1;30mLevel 5[0m set package 'arm_driver' build argument 'ament_cmake_args' from command line to 'None'
[18.041s] [34mcolcon.colcon_core.verb[0m [1;30mLevel 5[0m set package 'arm_driver' build argument 'catkin_cmake_args' from command line to 'None'
[18.041s] [34mcolcon.colcon_core.verb[0m [1;30mLevel 5[0m set package 'arm_driver' build argument 'catkin_skip_building_tests' from command line to 'False'
[18.041s] [34mcolcon.colcon_core.verb[0m [1;30mDEBUG[0m [32mBuilding package 'arm_driver' with the following arguments: {'ament_cmake_args': None, 'build_base': '/home/unitree/106a_final/build/arm_driver', 'catkin_cmake_args': None, 'catkin_skip_building_tests': False, 'cmake_args': None, 'cmake_clean_cache': False, 'cmake_clean_first': False, 'cmake_force_configure': False, 'cmake_target': None, 'cmake_target_skip_unavailable': False, 'install_base': '/home/unitree/106a_final/install/arm_driver', 'merge_install': False, 'path': '/home/unitree/106a_final/src/arm_driver', 'symlink_install': False, 'test_result_base': None}[0m
[18.143s] [34mcolcon.colcon_core.verb[0m [1;30mLevel 5[0m set package 'aruco_node' build argument 'cmake_args' from command line to 'None'
[18.143s] [34mcolcon.colcon_core.verb[0m [1;30mLevel 5[0m set package 'aruco_node' build argument 'cmake_target' from command line to 'None'
[18.143s] [34mcolcon.colcon_core.verb[0m [1;30mLevel 5[0m set package 'aruco_node' build argument 'cmake_target_skip_unavailable' from command line to 'False'
[18.143s] [34mcolcon.colcon_core.verb[0m [1;30mLevel 5[0m set package 'aruco_node' build argument 'cmake_clean_cache' from command line to 'False'
[18.143s] [34mcolcon.colcon_core.verb[0m [1;30mLevel 5[0m set package 'aruco_node' build argument 'cmake_clean_first' from command line to 'False'
[18.143s] [34mcolcon.colcon_core.verb[0m [1;30mLevel 5[0m set package 'aruco_node' build argument 'cmake_force_configure' from command line to 'False'
[18.143s] [34mcolcon.colcon_core.verb[0m [1;30mLevel 5[0m set package 'aruco_node' build argument 'ament_cmake_args' from command line to 'None'
[18.143s] [34mcolcon.colcon_core.verb[0m [1;30mLevel 5[0m set package 'aruco_node' build argument 'catkin_cmake_args' from command line to 'None'
[18.144s] [34mcolcon.colcon_core.verb[0m [1;30mLevel 5[0m set package 'aruco_node' build argument 'catkin_skip_building_tests' from command line to 'False'
[18.144s] [34mcolcon.colcon_core.verb[0m [1;30mDEBUG[0m [32mBuilding package 'aruco_node' with the following arguments: {'ament_cmake_args': None, 'build_base': '/home/unitree/106a_final/build/aruco_node', 'catkin_cmake_args': None, 'catkin_skip_building_tests': False, 'cmake_args': None, 'cmake_clean_cache': False, 'cmake_clean_first': False, 'cmake_force_configure': False, 'cmake_target': None, 'cmake_target_skip_unavailable': False, 'install_base': '/home/unitree/106a_final/install/aruco_node', 'merge_install': False, 'path': '/home/unitree/106a_final/src/aruco_node', 'symlink_install': False, 'test_result_base': None}[0m
[18.641s] [34mcolcon.colcon_core.verb[0m [1;30mLevel 5[0m set package 'base_driver' build argument 'cmake_args' from command line to 'None'
[18.641s] [34mcolcon.colcon_core.verb[0m [1;30mLevel 5[0m set package 'base_driver' build argument 'cmake_target' from command line to 'None'
[18.642s] [34mcolcon.colcon_core.verb[0m [1;30mLevel 5[0m set package 'base_driver' build argument 'cmake_target_skip_unavailable' from command line to 'False'
[18.643s] [34mcolcon.colcon_core.verb[0m [1;30mLevel 5[0m set package 'base_driver' build argument 'cmake_clean_cache' from command line to 'False'
[18.644s] [34mcolcon.colcon_core.verb[0m [1;30mLevel 5[0m set package 'base_driver' build argument 'cmake_clean_first' from command line to 'False'
[18.644s] [34mcolcon.colcon_core.verb[0m [1;30mLevel 5[0m set package 'base_driver' build argument 'cmake_force_configure' from command line to 'False'
[18.644s] [34mcolcon.colcon_core.verb[0m [1;30mLevel 5[0m set package 'base_driver' build argument 'ament_cmake_args' from command line to 'None'
[18.644s] [34mcolcon.colcon_core.verb[0m [1;30mLevel 5[0m set package 'base_driver' build argument 'catkin_cmake_args' from command line to 'None'
[18.644s] [34mcolcon.colcon_core.verb[0m [1;30mLevel 5[0m set package 'base_driver' build argument 'catkin_skip_building_tests' from command line to 'False'
[18.644s] [34mcolcon.colcon_core.verb[0m [1;30mDEBUG[0m [32mBuilding package 'base_driver' with the following arguments: {'ament_cmake_args': None, 'build_base': '/home/unitree/106a_final/build/base_driver', 'catkin_cmake_args': None, 'catkin_skip_building_tests': False, 'cmake_args': None, 'cmake_clean_cache': False, 'cmake_clean_first': False, 'cmake_force_configure': False, 'cmake_target': None, 'cmake_target_skip_unavailable': False, 'install_base': '/home/unitree/106a_final/install/base_driver', 'merge_install': False, 'path': '/home/unitree/106a_final/src/base_driver', 'symlink_install': False, 'test_result_base': None}[0m
[18.992s] [34mcolcon.colcon_core.verb[0m [1;30mLevel 5[0m set package 'navigation_node' build argument 'cmake_args' from command line to 'None'
[18.992s] [34mcolcon.colcon_core.verb[0m [1;30mLevel 5[0m set package 'navigation_node' build argument 'cmake_target' from command line to 'None'
[18.992s] [34mcolcon.colcon_core.verb[0m [1;30mLevel 5[0m set package 'navigation_node' build argument 'cmake_target_skip_unavailable' from command line to 'False'
[18.993s] [34mcolcon.colcon_core.verb[0m [1;30mLevel 5[0m set package 'navigation_node' build argument 'cmake_clean_cache' from command line to 'False'
[18.993s] [34mcolcon.colcon_core.verb[0m [1;30mLevel 5[0m set package 'navigation_node' build argument 'cmake_clean_first' from command line to 'False'
[18.993s] [34mcolcon.colcon_core.verb[0m [1;30mLevel 5[0m set package 'navigation_node' build argument 'cmake_force_configure' from command line to 'False'
[18.993s] [34mcolcon.colcon_core.verb[0m [1;30mLevel 5[0m set package 'navigation_node' build argument 'ament_cmake_args' from command line to 'None'
[18.993s] [34mcolcon.colcon_core.verb[0m [1;30mLevel 5[0m set package 'navigation_node' build argument 'catkin_cmake_args' from command line to 'None'
[18.994s] [34mcolcon.colcon_core.verb[0m [1;30mLevel 5[0m set package 'navigation_node' build argument 'catkin_skip_building_tests' from command line to 'False'
[18.994s] [34mcolcon.colcon_core.verb[0m [1;30mDEBUG[0m [32mBuilding package 'navigation_node' with the following arguments: {'ament_cmake_args': None, 'build_base': '/home/unitree/106a_final/build/navigation_node', 'catkin_cmake_args': None, 'catkin_skip_building_tests': False, 'cmake_args': None, 'cmake_clean_cache': False, 'cmake_clean_first': False, 'cmake_force_configure': False, 'cmake_target': None, 'cmake_target_skip_unavailable': False, 'install_base': '/home/unitree/106a_final/install/navigation_node', 'merge_install': False, 'path': '/home/unitree/106a_final/src/navigation_node', 'symlink_install': False, 'test_result_base': None}[0m
[19.276s] [34mcolcon.colcon_core.verb[0m [1;30mLevel 5[0m set package 'navigation_node_three' build argument 'cmake_args' from command line to 'None'
[19.276s] [34mcolcon.colcon_core.verb[0m [1;30mLevel 5[0m set package 'navigation_node_three' build argument 'cmake_target' from command line to 'None'
[19.276s] [34mcolcon.colcon_core.verb[0m [1;30mLevel 5[0m set package 'navigation_node_three' build argument 'cmake_target_skip_unavailable' from command line to 'False'
[19.276s] [34mcolcon.colcon_core.verb[0m [1;30mLevel 5[0m set package 'navigation_node_three' build argument 'cmake_clean_cache' from command line to 'False'
[19.276s] [34mcolcon.colcon_core.verb[0m [1;30mLevel 5[0m set package 'navigation_node_three' build argument 'cmake_clean_first' from command line to 'False'
[19.276s] [34mcolcon.colcon_core.verb[0m [1;30mLevel 5[0m set package 'navigation_node_three' build argument 'cmake_force_configure' from command line to 'False'
[19.276s] [34mcolcon.colcon_core.verb[0m [1;30mLevel 5[0m set package 'navigation_node_three' build argument 'ament_cmake_args' from command line to 'None'
[19.276s] [34mcolcon.colcon_core.verb[0m [1;30mLevel 5[0m set package 'navigation_node_three' build argument 'catkin_cmake_args' from command line to 'None'
[19.276s] [34mcolcon.colcon_core.verb[0m [1;30mLevel 5[0m set package 'navigation_node_three' build argument 'catkin_skip_building_tests' from command line to 'False'
[19.276s] [34mcolcon.colcon_core.verb[0m [1;30mDEBUG[0m [32mBuilding package 'navigation_node_three' with the following arguments: {'ament_cmake_args': None, 'build_base': '/home/unitree/106a_final/build/navigation_node_three', 'catkin_cmake_args': None, 'catkin_skip_building_tests': False, 'cmake_args': None, 'cmake_clean_cache': False, 'cmake_clean_first': False, 'cmake_force_configure': False, 'cmake_target': None, 'cmake_target_skip_unavailable': False, 'install_base': '/home/unitree/106a_final/install/navigation_node_three', 'merge_install': False, 'path': '/home/unitree/106a_final/src/navigation_node_three', 'symlink_install': False, 'test_result_base': None}[0m
[19.412s] [34mcolcon.colcon_core.verb[0m [1;30mLevel 5[0m set package 'navigation_node_two' build argument 'cmake_args' from command line to 'None'
[19.413s] [34mcolcon.colcon_core.verb[0m [1;30mLevel 5[0m set package 'navigation_node_two' build argument 'cmake_target' from command line to 'None'
[19.413s] [34mcolcon.colcon_core.verb[0m [1;30mLevel 5[0m set package 'navigation_node_two' build argument 'cmake_target_skip_unavailable' from command line to 'False'
[19.413s] [34mcolcon.colcon_core.verb[0m [1;30mLevel 5[0m set package 'navigation_node_two' build argument 'cmake_clean_cache' from command line to 'False'
[19.413s] [34mcolcon.colcon_core.verb[0m [1;30mLevel 5[0m set package 'navigation_node_two' build argument 'cmake_clean_first' from command line to 'False'
[19.413s] [34mcolcon.colcon_core.verb[0m [1;30mLevel 5[0m set package 'navigation_node_two' build argument 'cmake_force_configure' from command line to 'False'
[19.413s] [34mcolcon.colcon_core.verb[0m [1;30mLevel 5[0m set package 'navigation_node_two' build argument 'ament_cmake_args' from command line to 'None'
[19.413s] [34mcolcon.colcon_core.verb[0m [1;30mLevel 5[0m set package 'navigation_node_two' build argument 'catkin_cmake_args' from command line to 'None'
[19.413s] [34mcolcon.colcon_core.verb[0m [1;30mLevel 5[0m set package 'navigation_node_two' build argument 'catkin_skip_building_tests' from command line to 'False'
[19.413s] [34mcolcon.colcon_core.verb[0m [1;30mDEBUG[0m [32mBuilding package 'navigation_node_two' with the following arguments: {'ament_cmake_args': None, 'build_base': '/home/unitree/106a_final/build/navigation_node_two', 'catkin_cmake_args': None, 'catkin_skip_building_tests': False, 'cmake_args': None, 'cmake_clean_cache': False, 'cmake_clean_first': False, 'cmake_force_configure': False, 'cmake_target': None, 'cmake_target_skip_unavailable': False, 'install_base': '/home/unitree/106a_final/install/navigation_node_two', 'merge_install': False, 'path': '/home/unitree/106a_final/src/navigation_node_two', 'symlink_install': False, 'test_result_base': None}[0m
[19.584s] [34mcolcon.colcon_core.verb[0m [1;30mLevel 5[0m set package 'navigation_return_node' build argument 'cmake_args' from command line to 'None'
[19.584s] [34mcolcon.colcon_core.verb[0m [1;30mLevel 5[0m set package 'navigation_return_node' build argument 'cmake_target' from command line to 'None'
[19.584s] [34mcolcon.colcon_core.verb[0m [1;30mLevel 5[0m set package 'navigation_return_node' build argument 'cmake_target_skip_unavailable' from command line to 'False'
[19.584s] [34mcolcon.colcon_core.verb[0m [1;30mLevel 5[0m set package 'navigation_return_node' build argument 'cmake_clean_cache' from command line to 'False'
[19.584s] [34mcolcon.colcon_core.verb[0m [1;30mLevel 5[0m set package 'navigation_return_node' build argument 'cmake_clean_first' from command line to 'False'
[19.584s] [34mcolcon.colcon_core.verb[0m [1;30mLevel 5[0m set package 'navigation_return_node' build argument 'cmake_force_configure' from command line to 'False'
[19.584s] [34mcolcon.colcon_core.verb[0m [1;30mLevel 5[0m set package 'navigation_return_node' build argument 'ament_cmake_args' from command line to 'None'
[19.584s] [34mcolcon.colcon_core.verb[0m [1;30mLevel 5[0m set package 'navigation_return_node' build argument 'catkin_cmake_args' from command line to 'None'
[19.584s] [34mcolcon.colcon_core.verb[0m [1;30mLevel 5[0m set package 'navigation_return_node' build argument 'catkin_skip_building_tests' from command line to 'False'
[19.584s] [34mcolcon.colcon_core.verb[0m [1;30mDEBUG[0m [32mBuilding package 'navigation_return_node' with the following arguments: {'ament_cmake_args': None, 'build_base': '/home/unitree/106a_final/build/navigation_return_node', 'catkin_cmake_args': None, 'catkin_skip_building_tests': False, 'cmake_args': None, 'cmake_clean_cache': False, 'cmake_clean_first': False, 'cmake_force_configure': False, 'cmake_target': None, 'cmake_target_skip_unavailable': False, 'install_base': '/home/unitree/106a_final/install/navigation_return_node', 'merge_install': False, 'path': '/home/unitree/106a_final/src/navigation_return_node', 'symlink_install': False, 'test_result_base': None}[0m
[19.750s] [34mcolcon.colcon_core.verb[0m [1;30mLevel 5[0m set package 'vision_node' build argument 'cmake_args' from command line to 'None'
[19.750s] [34mcolcon.colcon_core.verb[0m [1;30mLevel 5[0m set package 'vision_node' build argument 'cmake_target' from command line to 'None'
[19.750s] [34mcolcon.colcon_core.verb[0m [1;30mLevel 5[0m set package 'vision_node' build argument 'cmake_target_skip_unavailable' from command line to 'False'
[19.750s] [34mcolcon.colcon_core.verb[0m [1;30mLevel 5[0m set package 'vision_node' build argument 'cmake_clean_cache' from command line to 'False'
[19.750s] [34mcolcon.colcon_core.verb[0m [1;30mLevel 5[0m set package 'vision_node' build argument 'cmake_clean_first' from command line to 'False'
[19.750s] [34mcolcon.colcon_core.verb[0m [1;30mLevel 5[0m set package 'vision_node' build argument 'cmake_force_configure' from command line to 'False'
[19.750s] [34mcolcon.colcon_core.verb[0m [1;30mLevel 5[0m set package 'vision_node' build argument 'ament_cmake_args' from command line to 'None'
[19.750s] [34mcolcon.colcon_core.verb[0m [1;30mLevel 5[0m set package 'vision_node' build argument 'catkin_cmake_args' from command line to 'None'
[19.750s] [34mcolcon.colcon_core.verb[0m [1;30mLevel 5[0m set package 'vision_node' build argument 'catkin_skip_building_tests' from command line to 'False'
[19.750s] [34mcolcon.colcon_core.verb[0m [1;30mDEBUG[0m [32mBuilding package 'vision_node' with the following arguments: {'ament_cmake_args': None, 'build_base': '/home/unitree/106a_final/build/vision_node', 'catkin_cmake_args': None, 'catkin_skip_building_tests': False, 'cmake_args': None, 'cmake_clean_cache': False, 'cmake_clean_first': False, 'cmake_force_configure': False, 'cmake_target': None, 'cmake_target_skip_unavailable': False, 'install_base': '/home/unitree/106a_final/install/vision_node', 'merge_install': False, 'path': '/home/unitree/106a_final/src/vision_node', 'symlink_install': False, 'test_result_base': None}[0m
[19.877s] [34mcolcon.colcon_core.verb[0m [1;30mLevel 5[0m set package 'go2_bringup' build argument 'cmake_args' from command line to 'None'
[19.877s] [34mcolcon.colcon_core.verb[0m [1;30mLevel 5[0m set package 'go2_bringup' build argument 'cmake_target' from command line to 'None'
[19.877s] [34mcolcon.colcon_core.verb[0m [1;30mLevel 5[0m set package 'go2_bringup' build argument 'cmake_target_skip_unavailable' from command line to 'False'
[19.877s] [34mcolcon.colcon_core.verb[0m [1;30mLevel 5[0m set package 'go2_bringup' build argument 'cmake_clean_cache' from command line to 'False'
[19.877s] [34mcolcon.colcon_core.verb[0m [1;30mLevel 5[0m set package 'go2_bringup' build argument 'cmake_clean_first' from command line to 'False'
[19.878s] [34mcolcon.colcon_core.verb[0m [1;30mLevel 5[0m set package 'go2_bringup' build argument 'cmake_force_configure' from command line to 'False'
[19.878s] [34mcolcon.colcon_core.verb[0m [1;30mLevel 5[0m set package 'go2_bringup' build argument 'ament_cmake_args' from command line to 'None'
[19.878s] [34mcolcon.colcon_core.verb[0m [1;30mLevel 5[0m set package 'go2_bringup' build argument 'catkin_cmake_args' from command line to 'None'
[19.878s] [34mcolcon.colcon_core.verb[0m [1;30mLevel 5[0m set package 'go2_bringup' build argument 'catkin_skip_building_tests' from command line to 'False'
[19.878s] [34mcolcon.colcon_core.verb[0m [1;30mDEBUG[0m [32mBuilding package 'go2_bringup' with the following arguments: {'ament_cmake_args': None, 'build_base': '/home/unitree/106a_final/build/go2_bringup', 'catkin_cmake_args': None, 'catkin_skip_building_tests': False, 'cmake_args': None, 'cmake_clean_cache': False, 'cmake_clean_first': False, 'cmake_force_configure': False, 'cmake_target': None, 'cmake_target_skip_unavailable': False, 'install_base': '/home/unitree/106a_final/install/go2_bringup', 'merge_install': False, 'path': '/home/unitree/106a_final/src/go2_bringup', 'symlink_install': False, 'test_result_base': None}[0m
[20.125s] [34mcolcon.colcon_core.executor[0m [1;30mINFO[0m Executing jobs using 'parallel' executor
[20.318s] [34mcolcon.colcon_parallel_executor.executor.parallel[0m [1;30mDEBUG[0m [32mrun_until_complete[0m
[20.319s] [34mcolcon.colcon_ros.task.ament_python.build[0m [1;30mINFO[0m Building ROS package in '/home/unitree/106a_final/src/arm_control' with build type 'ament_python'
[20.319s] [34mcolcon.colcon_core.shell[0m [1;30mLevel 1[0m create_environment_hook('arm_control', 'ament_prefix_path')
[20.563s] [34mcolcon.colcon_core.plugin_system[0m [1;30mINFO[0m Skipping extension 'colcon_core.shell.bat': Not used on non-Windows systems
[20.563s] [34mcolcon.colcon_core.shell[0m [1;30mINFO[0m Creating environment hook '/home/unitree/106a_final/install/arm_control/share/arm_control/hook/ament_prefix_path.ps1'
[20.565s] [34mcolcon.colcon_core.shell[0m [1;30mINFO[0m Creating environment descriptor '/home/unitree/106a_final/install/arm_control/share/arm_control/hook/ament_prefix_path.dsv'
[20.566s] [34mcolcon.colcon_core.shell[0m [1;30mINFO[0m Creating environment hook '/home/unitree/106a_final/install/arm_control/share/arm_control/hook/ament_prefix_path.sh'
[20.702s] [34mcolcon.colcon_core.shell[0m [1;30mINFO[0m Skip shell extension 'powershell' for command environment: Not usable outside of PowerShell
[20.703s] [34mcolcon.colcon_core.shell[0m [1;30mDEBUG[0m [32mSkip shell extension 'dsv' for command environment[0m
[21.721s] [34mcolcon.colcon_ros.task.ament_cmake.build[0m [1;30mINFO[0m Building ROS package in '/home/unitree/106a_final/src/arm_driver' with build type 'ament_cmake'
[21.722s] [34mcolcon.colcon_cmake.task.cmake.build[0m [1;30mINFO[0m Building CMake package in '/home/unitree/106a_final/src/arm_driver'
[22.066s] [34mcolcon.colcon_core.shell[0m [1;30mINFO[0m Skip shell extension 'powershell' for command environment: Not usable outside of PowerShell
[22.066s] [34mcolcon.colcon_core.shell[0m [1;30mDEBUG[0m [32mSkip shell extension 'dsv' for command environment[0m
[23.569s] [34mcolcon.colcon_ros.task.ament_python.build[0m [1;30mINFO[0m Building ROS package in '/home/unitree/106a_final/src/aruco_node' with build type 'ament_python'
[23.570s] [34mcolcon.colcon_core.shell[0m [1;30mLevel 1[0m create_environment_hook('aruco_node', 'ament_prefix_path')
[23.819s] [34mcolcon.colcon_core.shell[0m [1;30mINFO[0m Creating environment hook '/home/unitree/106a_final/install/aruco_node/share/aruco_node/hook/ament_prefix_path.ps1'
[23.820s] [34mcolcon.colcon_core.shell[0m [1;30mINFO[0m Creating environment descriptor '/home/unitree/106a_final/install/aruco_node/share/aruco_node/hook/ament_prefix_path.dsv'
[23.821s] [34mcolcon.colcon_core.shell[0m [1;30mINFO[0m Creating environment hook '/home/unitree/106a_final/install/aruco_node/share/aruco_node/hook/ament_prefix_path.sh'
[23.927s] [34mcolcon.colcon_core.shell[0m [1;30mINFO[0m Skip shell extension 'powershell' for command environment: Not usable outside of PowerShell
[23.928s] [34mcolcon.colcon_core.shell[0m [1;30mDEBUG[0m [32mSkip shell extension 'dsv' for command environment[0m
[25.052s] [34mcolcon.colcon_ros.task.ament_cmake.build[0m [1;30mINFO[0m Building ROS package in '/home/unitree/106a_final/src/base_driver' with build type 'ament_cmake'
[25.053s] [34mcolcon.colcon_cmake.task.cmake.build[0m [1;30mINFO[0m Building CMake package in '/home/unitree/106a_final/src/base_driver'
[25.326s] [34mcolcon.colcon_core.shell[0m [1;30mINFO[0m Skip shell extension 'powershell' for command environment: Not usable outside of PowerShell
[25.326s] [34mcolcon.colcon_core.shell[0m [1;30mDEBUG[0m [32mSkip shell extension 'dsv' for command environment[0m
[27.446s] [34mcolcon.colcon_core.task.python.build[0m [1;30mINFO[0m Building Python package in '/home/unitree/106a_final/src/arm_control'
[27.686s] [34mcolcon.colcon_core.shell[0m [1;30mINFO[0m Skip shell extension 'powershell' for command environment: Not usable outside of PowerShell
[27.687s] [34mcolcon.colcon_core.shell[0m [1;30mDEBUG[0m [32mSkip shell extension 'dsv' for command environment[0m
[28.173s] [34mcolcon.colcon_core.event_handler.log_command[0m [1;30mDEBUG[0m [32mInvoking command in '/home/unitree/106a_final/build/arm_driver': CMAKE_PREFIX_PATH=${CMAKE_PREFIX_PATH}:/home/unitree/106a_final/install/go2_bringup:/home/unitree/106a_final/install/vision_node:/home/unitree/106a_final/install/navigation_return_node:/home/unitree/106a_final/install/navigation_node_two:/home/unitree/106a_final/install/navigation_node_three:/home/unitree/106a_final/install/navigation_node:/home/unitree/106a_final/install/navigatigation_node_three:/home/unitree/106a_final/install/aruco_node:/home/unitree/106a_final/install/arm_control:/opt/ros/foxy /usr/bin/cmake --build /home/unitree/106a_final/build/arm_driver -- -j4 -l4[0m
[29.585s] [34mcolcon.colcon_core.task.python.build[0m [1;30mINFO[0m Building Python package in '/home/unitree/106a_final/src/aruco_node'
[29.766s] [34mcolcon.colcon_core.shell[0m [1;30mINFO[0m Skip shell extension 'powershell' for command environment: Not usable outside of PowerShell
[29.766s] [34mcolcon.colcon_core.shell[0m [1;30mDEBUG[0m [32mSkip shell extension 'dsv' for command environment[0m
[30.803s] [34mcolcon.colcon_core.event_handler.log_command[0m [1;30mDEBUG[0m [32mInvoking command in '/home/unitree/106a_final/build/base_driver': CMAKE_PREFIX_PATH=${CMAKE_PREFIX_PATH}:/home/unitree/106a_final/install/go2_bringup:/home/unitree/106a_final/install/vision_node:/home/unitree/106a_final/install/navigation_return_node:/home/unitree/106a_final/install/navigation_node_two:/home/unitree/106a_final/install/navigation_node_three:/home/unitree/106a_final/install/navigation_node:/home/unitree/106a_final/install/navigatigation_node_three:/home/unitree/106a_final/install/aruco_node:/home/unitree/106a_final/install/arm_control:/opt/ros/foxy /usr/bin/cmake --build /home/unitree/106a_final/build/base_driver -- -j4 -l4[0m
[30.941s] [34mcolcon.colcon_core.event_handler.log_command[0m [1;30mDEBUG[0m [32mInvoked command in '/home/unitree/106a_final/build/arm_driver' returned '0': CMAKE_PREFIX_PATH=${CMAKE_PREFIX_PATH}:/home/unitree/106a_final/install/go2_bringup:/home/unitree/106a_final/install/vision_node:/home/unitree/106a_final/install/navigation_return_node:/home/unitree/106a_final/install/navigation_node_two:/home/unitree/106a_final/install/navigation_node_three:/home/unitree/106a_final/install/navigation_node:/home/unitree/106a_final/install/navigatigation_node_three:/home/unitree/106a_final/install/aruco_node:/home/unitree/106a_final/install/arm_control:/opt/ros/foxy /usr/bin/cmake --build /home/unitree/106a_final/build/arm_driver -- -j4 -l4[0m
[31.102s] [34mcolcon.colcon_core.event_handler.log_command[0m [1;30mDEBUG[0m [32mInvoking command in '/home/unitree/106a_final/build/arm_driver': CMAKE_PREFIX_PATH=${CMAKE_PREFIX_PATH}:/home/unitree/106a_final/install/go2_bringup:/home/unitree/106a_final/install/vision_node:/home/unitree/106a_final/install/navigation_return_node:/home/unitree/106a_final/install/navigation_node_two:/home/unitree/106a_final/install/navigation_node_three:/home/unitree/106a_final/install/navigation_node:/home/unitree/106a_final/install/navigatigation_node_three:/home/unitree/106a_final/install/aruco_node:/home/unitree/106a_final/install/arm_control:/opt/ros/foxy /usr/bin/cmake --install /home/unitree/106a_final/build/arm_driver[0m
[31.229s] [34mcolcon.colcon_core.environment[0m [1;30mLevel 1[0m create_environment_scripts_only(arm_driver)
[31.230s] [34mcolcon.colcon_core.event_handler.log_command[0m [1;30mDEBUG[0m [32mInvoked command in '/home/unitree/106a_final/build/arm_driver' returned '0': CMAKE_PREFIX_PATH=${CMAKE_PREFIX_PATH}:/home/unitree/106a_final/install/go2_bringup:/home/unitree/106a_final/install/vision_node:/home/unitree/106a_final/install/navigation_return_node:/home/unitree/106a_final/install/navigation_node_two:/home/unitree/106a_final/install/navigation_node_three:/home/unitree/106a_final/install/navigation_node:/home/unitree/106a_final/install/navigatigation_node_three:/home/unitree/106a_final/install/aruco_node:/home/unitree/106a_final/install/arm_control:/opt/ros/foxy /usr/bin/cmake --install /home/unitree/106a_final/build/arm_driver[0m
[31.633s] [34mcolcon.colcon_core.environment[0m [1;30mLevel 1[0m checking '/home/unitree/106a_final/install/arm_driver' for CMake module files
[31.636s] [34mcolcon.colcon_core.environment[0m [1;30mLevel 1[0m checking '/home/unitree/106a_final/install/arm_driver' for CMake config files
[31.646s] [34mcolcon.colcon_core.shell[0m [1;30mLevel 1[0m create_environment_hook('arm_driver', 'cmake_prefix_path')
[31.903s] [34mcolcon.colcon_core.shell[0m [1;30mINFO[0m Creating environment hook '/home/unitree/106a_final/install/arm_driver/share/arm_driver/hook/cmake_prefix_path.ps1'
[31.905s] [34mcolcon.colcon_core.shell[0m [1;30mINFO[0m Creating environment descriptor '/home/unitree/106a_final/install/arm_driver/share/arm_driver/hook/cmake_prefix_path.dsv'
[31.906s] [34mcolcon.colcon_core.shell[0m [1;30mINFO[0m Creating environment hook '/home/unitree/106a_final/install/arm_driver/share/arm_driver/hook/cmake_prefix_path.sh'
[31.909s] [34mcolcon.colcon_core.environment[0m [1;30mLevel 1[0m checking '/home/unitree/106a_final/install/arm_driver/lib'
[31.909s] [34mcolcon.colcon_core.environment[0m [1;30mLevel 1[0m checking '/home/unitree/106a_final/install/arm_driver/bin'
[31.910s] [34mcolcon.colcon_core.environment[0m [1;30mLevel 1[0m checking '/home/unitree/106a_final/install/arm_driver/lib/pkgconfig/arm_driver.pc'
[31.910s] [34mcolcon.colcon_core.environment[0m [1;30mLevel 1[0m checking '/home/unitree/106a_final/install/arm_driver/lib/python3.8/site-packages'
[31.911s] [34mcolcon.colcon_core.environment[0m [1;30mLevel 1[0m checking '/home/unitree/106a_final/install/arm_driver/bin'
[32.252s] [34mcolcon.colcon_core.shell[0m [1;30mINFO[0m Creating package script '/home/unitree/106a_final/install/arm_driver/share/arm_driver/package.ps1'
[32.263s] [34mcolcon.colcon_core.shell[0m [1;30mINFO[0m Creating package descriptor '/home/unitree/106a_final/install/arm_driver/share/arm_driver/package.dsv'
[32.266s] [34mcolcon.colcon_core.shell[0m [1;30mINFO[0m Creating package script '/home/unitree/106a_final/install/arm_driver/share/arm_driver/package.sh'
[32.270s] [34mcolcon.colcon_core.shell[0m [1;30mINFO[0m Creating package script '/home/unitree/106a_final/install/arm_driver/share/arm_driver/package.bash'
[32.271s] [34mcolcon.colcon_core.shell[0m [1;30mINFO[0m Creating package script '/home/unitree/106a_final/install/arm_driver/share/arm_driver/package.zsh'
[32.273s] [34mcolcon.colcon_core.environment[0m [1;30mLevel 1[0m create_file_with_runtime_dependencies(/home/unitree/106a_final/install/arm_driver/share/colcon-core/packages/arm_driver)
[32.555s] [34mcolcon.colcon_core.environment[0m [1;30mLevel 1[0m create_environment_scripts_only(arm_driver)
[33.096s] [34mcolcon.colcon_core.environment[0m [1;30mLevel 1[0m checking '/home/unitree/106a_final/install/arm_driver' for CMake module files
[33.097s] [34mcolcon.colcon_core.environment[0m [1;30mLevel 1[0m checking '/home/unitree/106a_final/install/arm_driver' for CMake config files
[33.097s] [34mcolcon.colcon_core.shell[0m [1;30mLevel 1[0m create_environment_hook('arm_driver', 'cmake_prefix_path')
[33.219s] [34mcolcon.colcon_core.shell[0m [1;30mINFO[0m Creating environment hook '/home/unitree/106a_final/install/arm_driver/share/arm_driver/hook/cmake_prefix_path.ps1'
[33.221s] [34mcolcon.colcon_core.shell[0m [1;30mINFO[0m Creating environment descriptor '/home/unitree/106a_final/install/arm_driver/share/arm_driver/hook/cmake_prefix_path.dsv'
[33.225s] [34mcolcon.colcon_core.shell[0m [1;30mINFO[0m Creating environment hook '/home/unitree/106a_final/install/arm_driver/share/arm_driver/hook/cmake_prefix_path.sh'
[33.227s] [34mcolcon.colcon_core.environment[0m [1;30mLevel 1[0m checking '/home/unitree/106a_final/install/arm_driver/lib'
[33.227s] [34mcolcon.colcon_core.environment[0m [1;30mLevel 1[0m checking '/home/unitree/106a_final/install/arm_driver/bin'
[33.227s] [34mcolcon.colcon_core.environment[0m [1;30mLevel 1[0m checking '/home/unitree/106a_final/install/arm_driver/lib/pkgconfig/arm_driver.pc'
[33.227s] [34mcolcon.colcon_core.environment[0m [1;30mLevel 1[0m checking '/home/unitree/106a_final/install/arm_driver/lib/python3.8/site-packages'
[33.228s] [34mcolcon.colcon_core.environment[0m [1;30mLevel 1[0m checking '/home/unitree/106a_final/install/arm_driver/bin'
[33.553s] [34mcolcon.colcon_core.shell[0m [1;30mINFO[0m Creating package script '/home/unitree/106a_final/install/arm_driver/share/arm_driver/package.ps1'
[33.555s] [34mcolcon.colcon_core.shell[0m [1;30mINFO[0m Creating package descriptor '/home/unitree/106a_final/install/arm_driver/share/arm_driver/package.dsv'
[33.556s] [34mcolcon.colcon_core.shell[0m [1;30mINFO[0m Creating package script '/home/unitree/106a_final/install/arm_driver/share/arm_driver/package.sh'
[33.559s] [34mcolcon.colcon_core.shell[0m [1;30mINFO[0m Creating package script '/home/unitree/106a_final/install/arm_driver/share/arm_driver/package.bash'
[33.563s] [34mcolcon.colcon_core.shell[0m [1;30mINFO[0m Creating package script '/home/unitree/106a_final/install/arm_driver/share/arm_driver/package.zsh'
[33.566s] [34mcolcon.colcon_core.environment[0m [1;30mLevel 1[0m create_file_with_runtime_dependencies(/home/unitree/106a_final/install/arm_driver/share/colcon-core/packages/arm_driver)
[33.568s] [34mcolcon.colcon_ros.task.ament_python.build[0m [1;30mINFO[0m Building ROS package in '/home/unitree/106a_final/src/navigation_node_three' with build type 'ament_python'
[33.568s] [34mcolcon.colcon_core.shell[0m [1;30mLevel 1[0m create_environment_hook('navigation_node_three', 'ament_prefix_path')
[33.711s] [34mcolcon.colcon_core.shell[0m [1;30mINFO[0m Creating environment hook '/home/unitree/106a_final/install/navigation_node_three/share/navigation_node_three/hook/ament_prefix_path.ps1'
[33.712s] [34mcolcon.colcon_core.shell[0m [1;30mINFO[0m Creating environment descriptor '/home/unitree/106a_final/install/navigation_node_three/share/navigation_node_three/hook/ament_prefix_path.dsv'
[33.713s] [34mcolcon.colcon_core.shell[0m [1;30mINFO[0m Creating environment hook '/home/unitree/106a_final/install/navigation_node_three/share/navigation_node_three/hook/ament_prefix_path.sh'
[33.937s] [34mcolcon.colcon_core.shell[0m [1;30mINFO[0m Skip shell extension 'powershell' for command environment: Not usable outside of PowerShell
[33.937s] [34mcolcon.colcon_core.shell[0m [1;30mDEBUG[0m [32mSkip shell extension 'dsv' for command environment[0m
[34.815s] [34mcolcon.colcon_core.event_handler.log_command[0m [1;30mDEBUG[0m [32mInvoked command in '/home/unitree/106a_final/build/base_driver' returned '0': CMAKE_PREFIX_PATH=${CMAKE_PREFIX_PATH}:/home/unitree/106a_final/install/go2_bringup:/home/unitree/106a_final/install/vision_node:/home/unitree/106a_final/install/navigation_return_node:/home/unitree/106a_final/install/navigation_node_two:/home/unitree/106a_final/install/navigation_node_three:/home/unitree/106a_final/install/navigation_node:/home/unitree/106a_final/install/navigatigation_node_three:/home/unitree/106a_final/install/aruco_node:/home/unitree/106a_final/install/arm_control:/opt/ros/foxy /usr/bin/cmake --build /home/unitree/106a_final/build/base_driver -- -j4 -l4[0m
[34.817s] [34mcolcon.colcon_core.event_handler.log_command[0m [1;30mDEBUG[0m [32mInvoking command in '/home/unitree/106a_final/build/base_driver': CMAKE_PREFIX_PATH=${CMAKE_PREFIX_PATH}:/home/unitree/106a_final/install/go2_bringup:/home/unitree/106a_final/install/vision_node:/home/unitree/106a_final/install/navigation_return_node:/home/unitree/106a_final/install/navigation_node_two:/home/unitree/106a_final/install/navigation_node_three:/home/unitree/106a_final/install/navigation_node:/home/unitree/106a_final/install/navigatigation_node_three:/home/unitree/106a_final/install/aruco_node:/home/unitree/106a_final/install/arm_control:/opt/ros/foxy /usr/bin/cmake --install /home/unitree/106a_final/build/base_driver[0m
[34.840s] [34mcolcon.colcon_core.event_handler.log_command[0m [1;30mDEBUG[0m [32mInvoking command in '/home/unitree/106a_final/src/aruco_node': PYTHONPATH=/home/unitree/106a_final/build/aruco_node/prefix_override:/home/unitree/106a_final/install/aruco_node/lib/python3.8/site-packages:${PYTHONPATH} /usr/bin/python3 setup.py egg_info --egg-base ../../build/aruco_node build --build-base /home/unitree/106a_final/build/aruco_node/build install --record /home/unitree/106a_final/build/aruco_node/install.log --single-version-externally-managed[0m
[34.873s] [34mcolcon.colcon_core.event_handler.log_command[0m [1;30mDEBUG[0m [32mInvoking command in '/home/unitree/106a_final/src/arm_control': PYTHONPATH=/home/unitree/106a_final/build/arm_control/prefix_override:/home/unitree/106a_final/install/arm_control/lib/python3.8/site-packages:${PYTHONPATH} /usr/bin/python3 setup.py egg_info --egg-base ../../build/arm_control build --build-base /home/unitree/106a_final/build/arm_control/build install --record /home/unitree/106a_final/build/arm_control/install.log --install-scripts $base/lib/arm_control --single-version-externally-managed[0m
[36.436s] [34mcolcon.colcon_core.task.python.build[0m [1;30mINFO[0m Building Python package in '/home/unitree/106a_final/src/navigation_node_three'
[36.705s] [34mcolcon.colcon_core.shell[0m [1;30mINFO[0m Skip shell extension 'powershell' for command environment: Not usable outside of PowerShell
[36.707s] [34mcolcon.colcon_core.shell[0m [1;30mDEBUG[0m [32mSkip shell extension 'dsv' for command environment[0m
[37.970s] [34mcolcon.colcon_core.environment[0m [1;30mLevel 1[0m create_environment_scripts_only(base_driver)
[37.971s] [34mcolcon.colcon_core.event_handler.log_command[0m [1;30mDEBUG[0m [32mInvoked command in '/home/unitree/106a_final/build/base_driver' returned '0': CMAKE_PREFIX_PATH=${CMAKE_PREFIX_PATH}:/home/unitree/106a_final/install/go2_bringup:/home/unitree/106a_final/install/vision_node:/home/unitree/106a_final/install/navigation_return_node:/home/unitree/106a_final/install/navigation_node_two:/home/unitree/106a_final/install/navigation_node_three:/home/unitree/106a_final/install/navigation_node:/home/unitree/106a_final/install/navigatigation_node_three:/home/unitree/106a_final/install/aruco_node:/home/unitree/106a_final/install/arm_control:/opt/ros/foxy /usr/bin/cmake --install /home/unitree/106a_final/build/base_driver[0m
[38.340s] [34mcolcon.colcon_core.environment[0m [1;30mLevel 1[0m checking '/home/unitree/106a_final/install/base_driver' for CMake module files
[38.342s] [34mcolcon.colcon_core.environment[0m [1;30mLevel 1[0m checking '/home/unitree/106a_final/install/base_driver' for CMake config files
[38.343s] [34mcolcon.colcon_core.shell[0m [1;30mLevel 1[0m create_environment_hook('base_driver', 'cmake_prefix_path')
[38.471s] [34mcolcon.colcon_core.shell[0m [1;30mINFO[0m Creating environment hook '/home/unitree/106a_final/install/base_driver/share/base_driver/hook/cmake_prefix_path.ps1'
[38.473s] [34mcolcon.colcon_core.shell[0m [1;30mINFO[0m Creating environment descriptor '/home/unitree/106a_final/install/base_driver/share/base_driver/hook/cmake_prefix_path.dsv'
[38.474s] [34mcolcon.colcon_core.shell[0m [1;30mINFO[0m Creating environment hook '/home/unitree/106a_final/install/base_driver/share/base_driver/hook/cmake_prefix_path.sh'
[38.475s] [34mcolcon.colcon_core.environment[0m [1;30mLevel 1[0m checking '/home/unitree/106a_final/install/base_driver/lib'
[38.475s] [34mcolcon.colcon_core.environment[0m [1;30mLevel 1[0m checking '/home/unitree/106a_final/install/base_driver/bin'
[38.476s] [34mcolcon.colcon_core.environment[0m [1;30mLevel 1[0m checking '/home/unitree/106a_final/install/base_driver/lib/pkgconfig/base_driver.pc'
[38.476s] [34mcolcon.colcon_core.environment[0m [1;30mLevel 1[0m checking '/home/unitree/106a_final/install/base_driver/lib/python3.8/site-packages'
[38.476s] [34mcolcon.colcon_core.environment[0m [1;30mLevel 1[0m checking '/home/unitree/106a_final/install/base_driver/bin'
[38.588s] [34mcolcon.colcon_core.shell[0m [1;30mINFO[0m Creating package script '/home/unitree/106a_final/install/base_driver/share/base_driver/package.ps1'
[38.589s] [34mcolcon.colcon_core.shell[0m [1;30mINFO[0m Creating package descriptor '/home/unitree/106a_final/install/base_driver/share/base_driver/package.dsv'
[38.590s] [34mcolcon.colcon_core.shell[0m [1;30mINFO[0m Creating package script '/home/unitree/106a_final/install/base_driver/share/base_driver/package.sh'
[38.592s] [34mcolcon.colcon_core.shell[0m [1;30mINFO[0m Creating package script '/home/unitree/106a_final/install/base_driver/share/base_driver/package.bash'
[38.592s] [34mcolcon.colcon_core.shell[0m [1;30mINFO[0m Creating package script '/home/unitree/106a_final/install/base_driver/share/base_driver/package.zsh'
[38.593s] [34mcolcon.colcon_core.environment[0m [1;30mLevel 1[0m create_file_with_runtime_dependencies(/home/unitree/106a_final/install/base_driver/share/colcon-core/packages/base_driver)
[38.779s] [34mcolcon.colcon_core.environment[0m [1;30mLevel 1[0m create_environment_scripts_only(base_driver)
[38.912s] [34mcolcon.colcon_core.environment[0m [1;30mLevel 1[0m checking '/home/unitree/106a_final/install/base_driver' for CMake module files
[38.914s] [34mcolcon.colcon_core.environment[0m [1;30mLevel 1[0m checking '/home/unitree/106a_final/install/base_driver' for CMake config files
[38.914s] [34mcolcon.colcon_core.shell[0m [1;30mLevel 1[0m create_environment_hook('base_driver', 'cmake_prefix_path')
[39.021s] [34mcolcon.colcon_core.shell[0m [1;30mINFO[0m Creating environment hook '/home/unitree/106a_final/install/base_driver/share/base_driver/hook/cmake_prefix_path.ps1'
[39.022s] [34mcolcon.colcon_core.shell[0m [1;30mINFO[0m Creating environment descriptor '/home/unitree/106a_final/install/base_driver/share/base_driver/hook/cmake_prefix_path.dsv'
[39.023s] [34mcolcon.colcon_core.shell[0m [1;30mINFO[0m Creating environment hook '/home/unitree/106a_final/install/base_driver/share/base_driver/hook/cmake_prefix_path.sh'
[39.024s] [34mcolcon.colcon_core.environment[0m [1;30mLevel 1[0m checking '/home/unitree/106a_final/install/base_driver/lib'
[39.025s] [34mcolcon.colcon_core.environment[0m [1;30mLevel 1[0m checking '/home/unitree/106a_final/install/base_driver/bin'
[39.025s] [34mcolcon.colcon_core.environment[0m [1;30mLevel 1[0m checking '/home/unitree/106a_final/install/base_driver/lib/pkgconfig/base_driver.pc'
[39.025s] [34mcolcon.colcon_core.environment[0m [1;30mLevel 1[0m checking '/home/unitree/106a_final/install/base_driver/lib/python3.8/site-packages'
[39.025s] [34mcolcon.colcon_core.environment[0m [1;30mLevel 1[0m checking '/home/unitree/106a_final/install/base_driver/bin'
[39.213s] [34mcolcon.colcon_core.shell[0m [1;30mINFO[0m Creating package script '/home/unitree/106a_final/install/base_driver/share/base_driver/package.ps1'
[39.215s] [34mcolcon.colcon_core.shell[0m [1;30mINFO[0m Creating package descriptor '/home/unitree/106a_final/install/base_driver/share/base_driver/package.dsv'
[39.218s] [34mcolcon.colcon_core.shell[0m [1;30mINFO[0m Creating package script '/home/unitree/106a_final/install/base_driver/share/base_driver/package.sh'
[39.220s] [34mcolcon.colcon_core.shell[0m [1;30mINFO[0m Creating package script '/home/unitree/106a_final/install/base_driver/share/base_driver/package.bash'
[39.225s] [34mcolcon.colcon_core.shell[0m [1;30mINFO[0m Creating package script '/home/unitree/106a_final/install/base_driver/share/base_driver/package.zsh'
[39.227s] [34mcolcon.colcon_core.environment[0m [1;30mLevel 1[0m create_file_with_runtime_dependencies(/home/unitree/106a_final/install/base_driver/share/colcon-core/packages/base_driver)
[39.232s] [34mcolcon.colcon_core.event_handler.log_command[0m [1;30mDEBUG[0m [32mInvoked command in '/home/unitree/106a_final/src/aruco_node' returned '0': PYTHONPATH=/home/unitree/106a_final/build/aruco_node/prefix_override:/home/unitree/106a_final/install/aruco_node/lib/python3.8/site-packages:${PYTHONPATH} /usr/bin/python3 setup.py egg_info --egg-base ../../build/aruco_node build --build-base /home/unitree/106a_final/build/aruco_node/build install --record /home/unitree/106a_final/build/aruco_node/install.log --single-version-externally-managed[0m
[39.368s] [34mcolcon.colcon_core.environment[0m [1;30mLevel 1[0m checking '/home/unitree/106a_final/install/aruco_node' for CMake module files
[39.369s] [34mcolcon.colcon_core.environment[0m [1;30mLevel 1[0m checking '/home/unitree/106a_final/install/aruco_node' for CMake config files
[39.371s] [34mcolcon.colcon_core.environment[0m [1;30mLevel 1[0m checking '/home/unitree/106a_final/install/aruco_node/lib'
[39.371s] [34mcolcon.colcon_core.environment[0m [1;30mLevel 1[0m checking '/home/unitree/106a_final/install/aruco_node/bin'
[39.371s] [34mcolcon.colcon_core.environment[0m [1;30mLevel 1[0m checking '/home/unitree/106a_final/install/aruco_node/lib/pkgconfig/aruco_node.pc'
[39.371s] [34mcolcon.colcon_core.environment[0m [1;30mLevel 1[0m checking '/home/unitree/106a_final/install/aruco_node/lib/python3.8/site-packages'
[39.372s] [34mcolcon.colcon_core.shell[0m [1;30mLevel 1[0m create_environment_hook('aruco_node', 'pythonpath')
[39.562s] [34mcolcon.colcon_core.shell[0m [1;30mINFO[0m Creating environment hook '/home/unitree/106a_final/install/aruco_node/share/aruco_node/hook/pythonpath.ps1'
[39.567s] [34mcolcon.colcon_core.shell[0m [1;30mINFO[0m Creating environment descriptor '/home/unitree/106a_final/install/aruco_node/share/aruco_node/hook/pythonpath.dsv'
[39.574s] [34mcolcon.colcon_core.shell[0m [1;30mINFO[0m Creating environment hook '/home/unitree/106a_final/install/aruco_node/share/aruco_node/hook/pythonpath.sh'
[39.576s] [34mcolcon.colcon_core.environment[0m [1;30mLevel 1[0m checking '/home/unitree/106a_final/install/aruco_node/bin'
[39.576s] [34mcolcon.colcon_core.environment[0m [1;30mLevel 1[0m create_environment_scripts_only(aruco_node)
[39.880s] [34mcolcon.colcon_core.shell[0m [1;30mINFO[0m Creating package script '/home/unitree/106a_final/install/aruco_node/share/aruco_node/package.ps1'
[39.883s] [34mcolcon.colcon_core.shell[0m [1;30mINFO[0m Creating package descriptor '/home/unitree/106a_final/install/aruco_node/share/aruco_node/package.dsv'
[39.885s] [34mcolcon.colcon_core.shell[0m [1;30mINFO[0m Creating package script '/home/unitree/106a_final/install/aruco_node/share/aruco_node/package.sh'
[39.887s] [34mcolcon.colcon_core.shell[0m [1;30mINFO[0m Creating package script '/home/unitree/106a_final/install/aruco_node/share/aruco_node/package.bash'
[39.890s] [34mcolcon.colcon_core.shell[0m [1;30mINFO[0m Creating package script '/home/unitree/106a_final/install/aruco_node/share/aruco_node/package.zsh'
[39.892s] [34mcolcon.colcon_core.environment[0m [1;30mLevel 1[0m create_file_with_runtime_dependencies(/home/unitree/106a_final/install/aruco_node/share/colcon-core/packages/aruco_node)
[39.896s] [34mcolcon.colcon_core.event_handler.log_command[0m [1;30mDEBUG[0m [32mInvoked command in '/home/unitree/106a_final/src/arm_control' returned '0': PYTHONPATH=/home/unitree/106a_final/build/arm_control/prefix_override:/home/unitree/106a_final/install/arm_control/lib/python3.8/site-packages:${PYTHONPATH} /usr/bin/python3 setup.py egg_info --egg-base ../../build/arm_control build --build-base /home/unitree/106a_final/build/arm_control/build install --record /home/unitree/106a_final/build/arm_control/install.log --install-scripts $base/lib/arm_control --single-version-externally-managed[0m
[40.386s] [34mcolcon.colcon_core.environment[0m [1;30mLevel 1[0m checking '/home/unitree/106a_final/install/arm_control' for CMake module files
[40.387s] [34mcolcon.colcon_core.environment[0m [1;30mLevel 1[0m checking '/home/unitree/106a_final/install/arm_control' for CMake config files
[40.409s] [34mcolcon.colcon_core.environment[0m [1;30mLevel 1[0m checking '/home/unitree/106a_final/install/arm_control/lib'
[40.410s] [34mcolcon.colcon_core.environment[0m [1;30mLevel 1[0m checking '/home/unitree/106a_final/install/arm_control/bin'
[40.410s] [34mcolcon.colcon_core.environment[0m [1;30mLevel 1[0m checking '/home/unitree/106a_final/install/arm_control/lib/pkgconfig/arm_control.pc'
[40.411s] [34mcolcon.colcon_core.environment[0m [1;30mLevel 1[0m checking '/home/unitree/106a_final/install/arm_control/lib/python3.8/site-packages'
[40.411s] [34mcolcon.colcon_core.shell[0m [1;30mLevel 1[0m create_environment_hook('arm_control', 'pythonpath')
[40.829s] [34mcolcon.colcon_core.shell[0m [1;30mINFO[0m Creating environment hook '/home/unitree/106a_final/install/arm_control/share/arm_control/hook/pythonpath.ps1'
[40.831s] [34mcolcon.colcon_core.shell[0m [1;30mINFO[0m Creating environment descriptor '/home/unitree/106a_final/install/arm_control/share/arm_control/hook/pythonpath.dsv'
[40.832s] [34mcolcon.colcon_core.shell[0m [1;30mINFO[0m Creating environment hook '/home/unitree/106a_final/install/arm_control/share/arm_control/hook/pythonpath.sh'
[40.840s] [34mcolcon.colcon_core.environment[0m [1;30mLevel 1[0m checking '/home/unitree/106a_final/install/arm_control/bin'
[40.841s] [34mcolcon.colcon_core.environment[0m [1;30mLevel 1[0m create_environment_scripts_only(arm_control)
[41.072s] [34mcolcon.colcon_core.shell[0m [1;30mINFO[0m Creating package script '/home/unitree/106a_final/install/arm_control/share/arm_control/package.ps1'
[41.073s] [34mcolcon.colcon_core.shell[0m [1;30mINFO[0m Creating package descriptor '/home/unitree/106a_final/install/arm_control/share/arm_control/package.dsv'
[41.075s] [34mcolcon.colcon_core.shell[0m [1;30mINFO[0m Creating package script '/home/unitree/106a_final/install/arm_control/share/arm_control/package.sh'
[41.084s] [34mcolcon.colcon_core.shell[0m [1;30mINFO[0m Creating package script '/home/unitree/106a_final/install/arm_control/share/arm_control/package.bash'
[41.085s] [34mcolcon.colcon_core.shell[0m [1;30mINFO[0m Creating package script '/home/unitree/106a_final/install/arm_control/share/arm_control/package.zsh'
[41.086s] [34mcolcon.colcon_core.environment[0m [1;30mLevel 1[0m create_file_with_runtime_dependencies(/home/unitree/106a_final/install/arm_control/share/colcon-core/packages/arm_control)
[41.087s] [34mcolcon.colcon_ros.task.ament_python.build[0m [1;30mINFO[0m Building ROS package in '/home/unitree/106a_final/src/navigation_return_node' with build type 'ament_python'
[41.088s] [34mcolcon.colcon_core.shell[0m [1;30mLevel 1[0m create_environment_hook('navigation_return_node', 'ament_prefix_path')
[41.238s] [34mcolcon.colcon_core.shell[0m [1;30mINFO[0m Creating environment hook '/home/unitree/106a_final/install/navigation_return_node/share/navigation_return_node/hook/ament_prefix_path.ps1'
[41.240s] [34mcolcon.colcon_core.shell[0m [1;30mINFO[0m Creating environment descriptor '/home/unitree/106a_final/install/navigation_return_node/share/navigation_return_node/hook/ament_prefix_path.dsv'
[41.242s] [34mcolcon.colcon_core.shell[0m [1;30mINFO[0m Creating environment hook '/home/unitree/106a_final/install/navigation_return_node/share/navigation_return_node/hook/ament_prefix_path.sh'
[41.610s] [34mcolcon.colcon_core.shell[0m [1;30mINFO[0m Skip shell extension 'powershell' for command environment: Not usable outside of PowerShell
[41.610s] [34mcolcon.colcon_core.shell[0m [1;30mDEBUG[0m [32mSkip shell extension 'dsv' for command environment[0m
[42.385s] [34mcolcon.colcon_ros.task.ament_python.build[0m [1;30mINFO[0m Building ROS package in '/home/unitree/106a_final/src/vision_node' with build type 'ament_python'
[42.386s] [34mcolcon.colcon_core.shell[0m [1;30mLevel 1[0m create_environment_hook('vision_node', 'ament_prefix_path')
[42.659s] [34mcolcon.colcon_core.shell[0m [1;30mINFO[0m Creating environment hook '/home/unitree/106a_final/install/vision_node/share/vision_node/hook/ament_prefix_path.ps1'
[42.661s] [34mcolcon.colcon_core.shell[0m [1;30mINFO[0m Creating environment descriptor '/home/unitree/106a_final/install/vision_node/share/vision_node/hook/ament_prefix_path.dsv'
[42.662s] [34mcolcon.colcon_core.shell[0m [1;30mINFO[0m Creating environment hook '/home/unitree/106a_final/install/vision_node/share/vision_node/hook/ament_prefix_path.sh'
[42.890s] [34mcolcon.colcon_core.shell[0m [1;30mINFO[0m Skip shell extension 'powershell' for command environment: Not usable outside of PowerShell
[42.890s] [34mcolcon.colcon_core.shell[0m [1;30mDEBUG[0m [32mSkip shell extension 'dsv' for command environment[0m
[43.942s] [34mcolcon.colcon_ros.task.ament_python.build[0m [1;30mINFO[0m Building ROS package in '/home/unitree/106a_final/src/navigation_node' with build type 'ament_python'
[43.943s] [34mcolcon.colcon_core.shell[0m [1;30mLevel 1[0m create_environment_hook('navigation_node', 'ament_prefix_path')
[44.058s] [34mcolcon.colcon_core.shell[0m [1;30mINFO[0m Creating environment hook '/home/unitree/106a_final/install/navigation_node/share/navigation_node/hook/ament_prefix_path.ps1'
[44.060s] [34mcolcon.colcon_core.shell[0m [1;30mINFO[0m Creating environment descriptor '/home/unitree/106a_final/install/navigation_node/share/navigation_node/hook/ament_prefix_path.dsv'
[44.061s] [34mcolcon.colcon_core.shell[0m [1;30mINFO[0m Creating environment hook '/home/unitree/106a_final/install/navigation_node/share/navigation_node/hook/ament_prefix_path.sh'
[44.450s] [34mcolcon.colcon_core.shell[0m [1;30mINFO[0m Skip shell extension 'powershell' for command environment: Not usable outside of PowerShell
[44.451s] [34mcolcon.colcon_core.shell[0m [1;30mDEBUG[0m [32mSkip shell extension 'dsv' for command environment[0m
[46.145s] [34mcolcon.colcon_core.task.python.build[0m [1;30mINFO[0m Building Python package in '/home/unitree/106a_final/src/navigation_return_node'
[46.266s] [34mcolcon.colcon_core.shell[0m [1;30mINFO[0m Skip shell extension 'powershell' for command environment: Not usable outside of PowerShell
[46.266s] [34mcolcon.colcon_core.shell[0m [1;30mDEBUG[0m [32mSkip shell extension 'dsv' for command environment[0m
[48.672s] [34mcolcon.colcon_core.task.python.build[0m [1;30mINFO[0m Building Python package in '/home/unitree/106a_final/src/vision_node'
[48.823s] [34mcolcon.colcon_core.shell[0m [1;30mINFO[0m Skip shell extension 'powershell' for command environment: Not usable outside of PowerShell
[48.823s] [34mcolcon.colcon_core.shell[0m [1;30mDEBUG[0m [32mSkip shell extension 'dsv' for command environment[0m
[51.699s] [34mcolcon.colcon_core.task.python.build[0m [1;30mINFO[0m Building Python package in '/home/unitree/106a_final/src/navigation_node'
[51.952s] [34mcolcon.colcon_core.shell[0m [1;30mINFO[0m Skip shell extension 'powershell' for command environment: Not usable outside of PowerShell
[51.952s] [34mcolcon.colcon_core.shell[0m [1;30mDEBUG[0m [32mSkip shell extension 'dsv' for command environment[0m
[53.042s] [34mcolcon.colcon_core.event_handler.log_command[0m [1;30mDEBUG[0m [32mInvoking command in '/home/unitree/106a_final/src/navigation_node_three': PYTHONPATH=/home/unitree/106a_final/build/navigation_node_three/prefix_override:/home/unitree/106a_final/install/navigation_node_three/lib/python3.8/site-packages:${PYTHONPATH} /usr/bin/python3 setup.py egg_info --egg-base ../../build/navigation_node_three build --build-base /home/unitree/106a_final/build/navigation_node_three/build install --record /home/unitree/106a_final/build/navigation_node_three/install.log --install-scripts $base/lib/navigation_node_three --single-version-externally-managed[0m
[55.325s] [34mcolcon.colcon_core.event_handler.log_command[0m [1;30mDEBUG[0m [32mInvoked command in '/home/unitree/106a_final/src/navigation_node_three' returned '0': PYTHONPATH=/home/unitree/106a_final/build/navigation_node_three/prefix_override:/home/unitree/106a_final/install/navigation_node_three/lib/python3.8/site-packages:${PYTHONPATH} /usr/bin/python3 setup.py egg_info --egg-base ../../build/navigation_node_three build --build-base /home/unitree/106a_final/build/navigation_node_three/build install --record /home/unitree/106a_final/build/navigation_node_three/install.log --install-scripts $base/lib/navigation_node_three --single-version-externally-managed[0m
[55.658s] [34mcolcon.colcon_core.environment[0m [1;30mLevel 1[0m checking '/home/unitree/106a_final/install/navigation_node_three' for CMake module files
[55.659s] [34mcolcon.colcon_core.environment[0m [1;30mLevel 1[0m checking '/home/unitree/106a_final/install/navigation_node_three' for CMake config files
[55.661s] [34mcolcon.colcon_core.environment[0m [1;30mLevel 1[0m checking '/home/unitree/106a_final/install/navigation_node_three/lib'
[55.661s] [34mcolcon.colcon_core.environment[0m [1;30mLevel 1[0m checking '/home/unitree/106a_final/install/navigation_node_three/bin'
[55.661s] [34mcolcon.colcon_core.environment[0m [1;30mLevel 1[0m checking '/home/unitree/106a_final/install/navigation_node_three/lib/pkgconfig/navigation_node_three.pc'
[55.662s] [34mcolcon.colcon_core.environment[0m [1;30mLevel 1[0m checking '/home/unitree/106a_final/install/navigation_node_three/lib/python3.8/site-packages'
[55.662s] [34mcolcon.colcon_core.shell[0m [1;30mLevel 1[0m create_environment_hook('navigation_node_three', 'pythonpath')
[55.776s] [34mcolcon.colcon_core.shell[0m [1;30mINFO[0m Creating environment hook '/home/unitree/106a_final/install/navigation_node_three/share/navigation_node_three/hook/pythonpath.ps1'
[55.777s] [34mcolcon.colcon_core.shell[0m [1;30mINFO[0m Creating environment descriptor '/home/unitree/106a_final/install/navigation_node_three/share/navigation_node_three/hook/pythonpath.dsv'
[55.779s] [34mcolcon.colcon_core.shell[0m [1;30mINFO[0m Creating environment hook '/home/unitree/106a_final/install/navigation_node_three/share/navigation_node_three/hook/pythonpath.sh'
[55.781s] [34mcolcon.colcon_core.environment[0m [1;30mLevel 1[0m checking '/home/unitree/106a_final/install/navigation_node_three/bin'
[55.781s] [34mcolcon.colcon_core.environment[0m [1;30mLevel 1[0m create_environment_scripts_only(navigation_node_three)
[55.933s] [34mcolcon.colcon_core.shell[0m [1;30mINFO[0m Creating package script '/home/unitree/106a_final/install/navigation_node_three/share/navigation_node_three/package.ps1'
[55.936s] [34mcolcon.colcon_core.shell[0m [1;30mINFO[0m Creating package descriptor '/home/unitree/106a_final/install/navigation_node_three/share/navigation_node_three/package.dsv'
[55.937s] [34mcolcon.colcon_core.shell[0m [1;30mINFO[0m Creating package script '/home/unitree/106a_final/install/navigation_node_three/share/navigation_node_three/package.sh'
[55.939s] [34mcolcon.colcon_core.shell[0m [1;30mINFO[0m Creating package script '/home/unitree/106a_final/install/navigation_node_three/share/navigation_node_three/package.bash'
[55.940s] [34mcolcon.colcon_core.shell[0m [1;30mINFO[0m Creating package script '/home/unitree/106a_final/install/navigation_node_three/share/navigation_node_three/package.zsh'
[55.941s] [34mcolcon.colcon_core.environment[0m [1;30mLevel 1[0m create_file_with_runtime_dependencies(/home/unitree/106a_final/install/navigation_node_three/share/colcon-core/packages/navigation_node_three)
[55.947s] [34mcolcon.colcon_ros.task.ament_python.build[0m [1;30mINFO[0m Building ROS package in '/home/unitree/106a_final/src/navigation_node_two' with build type 'ament_python'
[55.947s] [34mcolcon.colcon_core.shell[0m [1;30mLevel 1[0m create_environment_hook('navigation_node_two', 'ament_prefix_path')
[56.221s] [34mcolcon.colcon_core.shell[0m [1;30mINFO[0m Creating environment hook '/home/unitree/106a_final/install/navigation_node_two/share/navigation_node_two/hook/ament_prefix_path.ps1'
[56.223s] [34mcolcon.colcon_core.shell[0m [1;30mINFO[0m Creating environment descriptor '/home/unitree/106a_final/install/navigation_node_two/share/navigation_node_two/hook/ament_prefix_path.dsv'
[56.227s] [34mcolcon.colcon_core.shell[0m [1;30mINFO[0m Creating environment hook '/home/unitree/106a_final/install/navigation_node_two/share/navigation_node_two/hook/ament_prefix_path.sh'
[56.623s] [34mcolcon.colcon_core.shell[0m [1;30mINFO[0m Skip shell extension 'powershell' for command environment: Not usable outside of PowerShell
[56.624s] [34mcolcon.colcon_core.shell[0m [1;30mDEBUG[0m [32mSkip shell extension 'dsv' for command environment[0m
[57.637s] [34mcolcon.colcon_core.event_handler.log_command[0m [1;30mDEBUG[0m [32mInvoking command in '/home/unitree/106a_final/src/navigation_return_node': PYTHONPATH=/home/unitree/106a_final/build/navigation_return_node/prefix_override:/home/unitree/106a_final/install/navigation_return_node/lib/python3.8/site-packages:${PYTHONPATH} /usr/bin/python3 setup.py egg_info --egg-base ../../build/navigation_return_node build --build-base /home/unitree/106a_final/build/navigation_return_node/build install --record /home/unitree/106a_final/build/navigation_return_node/install.log --install-scripts $base/lib/navigation_return_node --single-version-externally-managed[0m
[57.668s] [34mcolcon.colcon_core.event_handler.log_command[0m [1;30mDEBUG[0m [32mInvoking command in '/home/unitree/106a_final/src/navigation_node': PYTHONPATH=/home/unitree/106a_final/build/navigation_node/prefix_override:/home/unitree/106a_final/install/navigation_node/lib/python3.8/site-packages:${PYTHONPATH} /usr/bin/python3 setup.py egg_info --egg-base ../../build/navigation_node build --build-base /home/unitree/106a_final/build/navigation_node/build install --record /home/unitree/106a_final/build/navigation_node/install.log --install-scripts $base/lib/navigation_node --single-version-externally-managed[0m
[57.716s] [34mcolcon.colcon_core.event_handler.log_command[0m [1;30mDEBUG[0m [32mInvoking command in '/home/unitree/106a_final/src/vision_node': PYTHONPATH=/home/unitree/106a_final/build/vision_node/prefix_override:/home/unitree/106a_final/install/vision_node/lib/python3.8/site-packages:${PYTHONPATH} /usr/bin/python3 setup.py egg_info --egg-base ../../build/vision_node build --build-base /home/unitree/106a_final/build/vision_node/build install --record /home/unitree/106a_final/build/vision_node/install.log --install-scripts $base/lib/vision_node --single-version-externally-managed[0m
[60.061s] [34mcolcon.colcon_core.task.python.build[0m [1;30mINFO[0m Building Python package in '/home/unitree/106a_final/src/navigation_node_two'
[60.185s] [34mcolcon.colcon_core.shell[0m [1;30mINFO[0m Skip shell extension 'powershell' for command environment: Not usable outside of PowerShell
[60.185s] [34mcolcon.colcon_core.shell[0m [1;30mDEBUG[0m [32mSkip shell extension 'dsv' for command environment[0m
[60.647s] [34mcolcon.colcon_core.event_handler.log_command[0m [1;30mDEBUG[0m [32mInvoked command in '/home/unitree/106a_final/src/navigation_return_node' returned '0': PYTHONPATH=/home/unitree/106a_final/build/navigation_return_node/prefix_override:/home/unitree/106a_final/install/navigation_return_node/lib/python3.8/site-packages:${PYTHONPATH} /usr/bin/python3 setup.py egg_info --egg-base ../../build/navigation_return_node build --build-base /home/unitree/106a_final/build/navigation_return_node/build install --record /home/unitree/106a_final/build/navigation_return_node/install.log --install-scripts $base/lib/navigation_return_node --single-version-externally-managed[0m
[60.900s] [34mcolcon.colcon_core.environment[0m [1;30mLevel 1[0m checking '/home/unitree/106a_final/install/navigation_return_node' for CMake module files
[60.901s] [34mcolcon.colcon_core.environment[0m [1;30mLevel 1[0m checking '/home/unitree/106a_final/install/navigation_return_node' for CMake config files
[60.928s] [34mcolcon.colcon_core.environment[0m [1;30mLevel 1[0m checking '/home/unitree/106a_final/install/navigation_return_node/lib'
[60.929s] [34mcolcon.colcon_core.environment[0m [1;30mLevel 1[0m checking '/home/unitree/106a_final/install/navigation_return_node/bin'
[60.929s] [34mcolcon.colcon_core.environment[0m [1;30mLevel 1[0m checking '/home/unitree/106a_final/install/navigation_return_node/lib/pkgconfig/navigation_return_node.pc'
[60.929s] [34mcolcon.colcon_core.environment[0m [1;30mLevel 1[0m checking '/home/unitree/106a_final/install/navigation_return_node/lib/python3.8/site-packages'
[60.930s] [34mcolcon.colcon_core.shell[0m [1;30mLevel 1[0m create_environment_hook('navigation_return_node', 'pythonpath')
[61.335s] [34mcolcon.colcon_core.shell[0m [1;30mINFO[0m Creating environment hook '/home/unitree/106a_final/install/navigation_return_node/share/navigation_return_node/hook/pythonpath.ps1'
[61.355s] [34mcolcon.colcon_core.shell[0m [1;30mINFO[0m Creating environment descriptor '/home/unitree/106a_final/install/navigation_return_node/share/navigation_return_node/hook/pythonpath.dsv'
[61.362s] [34mcolcon.colcon_core.shell[0m [1;30mINFO[0m Creating environment hook '/home/unitree/106a_final/install/navigation_return_node/share/navigation_return_node/hook/pythonpath.sh'
[61.364s] [34mcolcon.colcon_core.environment[0m [1;30mLevel 1[0m checking '/home/unitree/106a_final/install/navigation_return_node/bin'
[61.365s] [34mcolcon.colcon_core.environment[0m [1;30mLevel 1[0m create_environment_scripts_only(navigation_return_node)
[61.579s] [34mcolcon.colcon_core.shell[0m [1;30mINFO[0m Creating package script '/home/unitree/106a_final/install/navigation_return_node/share/navigation_return_node/package.ps1'
[61.583s] [34mcolcon.colcon_core.shell[0m [1;30mINFO[0m Creating package descriptor '/home/unitree/106a_final/install/navigation_return_node/share/navigation_return_node/package.dsv'
[61.585s] [34mcolcon.colcon_core.shell[0m [1;30mINFO[0m Creating package script '/home/unitree/106a_final/install/navigation_return_node/share/navigation_return_node/package.sh'
[61.586s] [34mcolcon.colcon_core.shell[0m [1;30mINFO[0m Creating package script '/home/unitree/106a_final/install/navigation_return_node/share/navigation_return_node/package.bash'
[61.587s] [34mcolcon.colcon_core.shell[0m [1;30mINFO[0m Creating package script '/home/unitree/106a_final/install/navigation_return_node/share/navigation_return_node/package.zsh'
[61.591s] [34mcolcon.colcon_core.environment[0m [1;30mLevel 1[0m create_file_with_runtime_dependencies(/home/unitree/106a_final/install/navigation_return_node/share/colcon-core/packages/navigation_return_node)
[61.601s] [34mcolcon.colcon_core.event_handler.log_command[0m [1;30mDEBUG[0m [32mInvoked command in '/home/unitree/106a_final/src/navigation_node' returned '0': PYTHONPATH=/home/unitree/106a_final/build/navigation_node/prefix_override:/home/unitree/106a_final/install/navigation_node/lib/python3.8/site-packages:${PYTHONPATH} /usr/bin/python3 setup.py egg_info --egg-base ../../build/navigation_node build --build-base /home/unitree/106a_final/build/navigation_node/build install --record /home/unitree/106a_final/build/navigation_node/install.log --install-scripts $base/lib/navigation_node --single-version-externally-managed[0m
[61.883s] [34mcolcon.colcon_core.environment[0m [1;30mLevel 1[0m checking '/home/unitree/106a_final/install/navigation_node' for CMake module files
[61.884s] [34mcolcon.colcon_core.environment[0m [1;30mLevel 1[0m checking '/home/unitree/106a_final/install/navigation_node' for CMake config files
[61.885s] [34mcolcon.colcon_core.environment[0m [1;30mLevel 1[0m checking '/home/unitree/106a_final/install/navigation_node/lib'
[61.886s] [34mcolcon.colcon_core.environment[0m [1;30mLevel 1[0m checking '/home/unitree/106a_final/install/navigation_node/bin'
[61.886s] [34mcolcon.colcon_core.environment[0m [1;30mLevel 1[0m checking '/home/unitree/106a_final/install/navigation_node/lib/pkgconfig/navigation_node.pc'
[61.887s] [34mcolcon.colcon_core.environment[0m [1;30mLevel 1[0m checking '/home/unitree/106a_final/install/navigation_node/lib/python3.8/site-packages'
[61.887s] [34mcolcon.colcon_core.shell[0m [1;30mLevel 1[0m create_environment_hook('navigation_node', 'pythonpath')
[62.161s] [34mcolcon.colcon_core.shell[0m [1;30mINFO[0m Creating environment hook '/home/unitree/106a_final/install/navigation_node/share/navigation_node/hook/pythonpath.ps1'
[62.163s] [34mcolcon.colcon_core.shell[0m [1;30mINFO[0m Creating environment descriptor '/home/unitree/106a_final/install/navigation_node/share/navigation_node/hook/pythonpath.dsv'
[62.164s] [34mcolcon.colcon_core.shell[0m [1;30mINFO[0m Creating environment hook '/home/unitree/106a_final/install/navigation_node/share/navigation_node/hook/pythonpath.sh'
[62.165s] [34mcolcon.colcon_core.environment[0m [1;30mLevel 1[0m checking '/home/unitree/106a_final/install/navigation_node/bin'
[62.165s] [34mcolcon.colcon_core.environment[0m [1;30mLevel 1[0m create_environment_scripts_only(navigation_node)
[62.380s] [34mcolcon.colcon_core.shell[0m [1;30mINFO[0m Creating package script '/home/unitree/106a_final/install/navigation_node/share/navigation_node/package.ps1'
[62.382s] [34mcolcon.colcon_core.shell[0m [1;30mINFO[0m Creating package descriptor '/home/unitree/106a_final/install/navigation_node/share/navigation_node/package.dsv'
[62.383s] [34mcolcon.colcon_core.shell[0m [1;30mINFO[0m Creating package script '/home/unitree/106a_final/install/navigation_node/share/navigation_node/package.sh'
[62.384s] [34mcolcon.colcon_core.shell[0m [1;30mINFO[0m Creating package script '/home/unitree/106a_final/install/navigation_node/share/navigation_node/package.bash'
[62.385s] [34mcolcon.colcon_core.shell[0m [1;30mINFO[0m Creating package script '/home/unitree/106a_final/install/navigation_node/share/navigation_node/package.zsh'
[62.386s] [34mcolcon.colcon_core.environment[0m [1;30mLevel 1[0m create_file_with_runtime_dependencies(/home/unitree/106a_final/install/navigation_node/share/colcon-core/packages/navigation_node)
[62.388s] [34mcolcon.colcon_core.event_handler.log_command[0m [1;30mDEBUG[0m [32mInvoked command in '/home/unitree/106a_final/src/vision_node' returned '0': PYTHONPATH=/home/unitree/106a_final/build/vision_node/prefix_override:/home/unitree/106a_final/install/vision_node/lib/python3.8/site-packages:${PYTHONPATH} /usr/bin/python3 setup.py egg_info --egg-base ../../build/vision_node build --build-base /home/unitree/106a_final/build/vision_node/build install --record /home/unitree/106a_final/build/vision_node/install.log --install-scripts $base/lib/vision_node --single-version-externally-managed[0m
[62.495s] [34mcolcon.colcon_core.environment[0m [1;30mLevel 1[0m checking '/home/unitree/106a_final/install/vision_node' for CMake module files
[62.496s] [34mcolcon.colcon_core.environment[0m [1;30mLevel 1[0m checking '/home/unitree/106a_final/install/vision_node' for CMake config files
[62.498s] [34mcolcon.colcon_core.environment[0m [1;30mLevel 1[0m checking '/home/unitree/106a_final/install/vision_node/lib'
[62.499s] [34mcolcon.colcon_core.environment[0m [1;30mLevel 1[0m checking '/home/unitree/106a_final/install/vision_node/bin'
[62.499s] [34mcolcon.colcon_core.environment[0m [1;30mLevel 1[0m checking '/home/unitree/106a_final/install/vision_node/lib/pkgconfig/vision_node.pc'
[62.500s] [34mcolcon.colcon_core.environment[0m [1;30mLevel 1[0m checking '/home/unitree/106a_final/install/vision_node/lib/python3.8/site-packages'
[62.500s] [34mcolcon.colcon_core.shell[0m [1;30mLevel 1[0m create_environment_hook('vision_node', 'pythonpath')
[62.892s] [34mcolcon.colcon_core.shell[0m [1;30mINFO[0m Creating environment hook '/home/unitree/106a_final/install/vision_node/share/vision_node/hook/pythonpath.ps1'
[62.894s] [34mcolcon.colcon_core.shell[0m [1;30mINFO[0m Creating environment descriptor '/home/unitree/106a_final/install/vision_node/share/vision_node/hook/pythonpath.dsv'
[62.895s] [34mcolcon.colcon_core.shell[0m [1;30mINFO[0m Creating environment hook '/home/unitree/106a_final/install/vision_node/share/vision_node/hook/pythonpath.sh'
[62.898s] [34mcolcon.colcon_core.environment[0m [1;30mLevel 1[0m checking '/home/unitree/106a_final/install/vision_node/bin'
[62.898s] [34mcolcon.colcon_core.environment[0m [1;30mLevel 1[0m create_environment_scripts_only(vision_node)
[63.195s] [34mcolcon.colcon_core.shell[0m [1;30mINFO[0m Creating package script '/home/unitree/106a_final/install/vision_node/share/vision_node/package.ps1'
[63.197s] [34mcolcon.colcon_core.shell[0m [1;30mINFO[0m Creating package descriptor '/home/unitree/106a_final/install/vision_node/share/vision_node/package.dsv'
[63.205s] [34mcolcon.colcon_core.shell[0m [1;30mINFO[0m Creating package script '/home/unitree/106a_final/install/vision_node/share/vision_node/package.sh'
[63.207s] [34mcolcon.colcon_core.shell[0m [1;30mINFO[0m Creating package script '/home/unitree/106a_final/install/vision_node/share/vision_node/package.bash'
[63.208s] [34mcolcon.colcon_core.shell[0m [1;30mINFO[0m Creating package script '/home/unitree/106a_final/install/vision_node/share/vision_node/package.zsh'
[63.210s] [34mcolcon.colcon_core.environment[0m [1;30mLevel 1[0m create_file_with_runtime_dependencies(/home/unitree/106a_final/install/vision_node/share/colcon-core/packages/vision_node)
[63.215s] [34mcolcon.colcon_ros.task.ament_python.build[0m [1;30mINFO[0m Building ROS package in '/home/unitree/106a_final/src/go2_bringup' with build type 'ament_python'
[63.217s] [34mcolcon.colcon_core.shell[0m [1;30mLevel 1[0m create_environment_hook('go2_bringup', 'ament_prefix_path')
[63.510s] [34mcolcon.colcon_core.shell[0m [1;30mINFO[0m Creating environment hook '/home/unitree/106a_final/install/go2_bringup/share/go2_bringup/hook/ament_prefix_path.ps1'
[63.513s] [34mcolcon.colcon_core.shell[0m [1;30mINFO[0m Creating environment descriptor '/home/unitree/106a_final/install/go2_bringup/share/go2_bringup/hook/ament_prefix_path.dsv'
[63.514s] [34mcolcon.colcon_core.shell[0m [1;30mINFO[0m Creating environment hook '/home/unitree/106a_final/install/go2_bringup/share/go2_bringup/hook/ament_prefix_path.sh'
[63.870s] [34mcolcon.colcon_core.shell[0m [1;30mINFO[0m Skip shell extension 'powershell' for command environment: Not usable outside of PowerShell
[63.871s] [34mcolcon.colcon_core.shell[0m [1;30mDEBUG[0m [32mSkip shell extension 'dsv' for command environment[0m
[66.015s] [34mcolcon.colcon_core.task.python.build[0m [1;30mINFO[0m Building Python package in '/home/unitree/106a_final/src/go2_bringup'
[66.430s] [34mcolcon.colcon_core.shell[0m [1;30mINFO[0m Skip shell extension 'powershell' for command environment: Not usable outside of PowerShell
[66.431s] [34mcolcon.colcon_core.shell[0m [1;30mDEBUG[0m [32mSkip shell extension 'dsv' for command environment[0m
[67.097s] [34mcolcon.colcon_core.event_handler.log_command[0m [1;30mDEBUG[0m [32mInvoking command in '/home/unitree/106a_final/src/navigation_node_two': PYTHONPATH=/home/unitree/106a_final/build/navigation_node_two/prefix_override:/home/unitree/106a_final/install/navigation_node_two/lib/python3.8/site-packages:${PYTHONPATH} /usr/bin/python3 setup.py egg_info --egg-base ../../build/navigation_node_two build --build-base /home/unitree/106a_final/build/navigation_node_two/build install --record /home/unitree/106a_final/build/navigation_node_two/install.log --install-scripts $base/lib/navigation_node_two --single-version-externally-managed[0m
[69.154s] [34mcolcon.colcon_core.event_handler.log_command[0m [1;30mDEBUG[0m [32mInvoked command in '/home/unitree/106a_final/src/navigation_node_two' returned '0': PYTHONPATH=/home/unitree/106a_final/build/navigation_node_two/prefix_override:/home/unitree/106a_final/install/navigation_node_two/lib/python3.8/site-packages:${PYTHONPATH} /usr/bin/python3 setup.py egg_info --egg-base ../../build/navigation_node_two build --build-base /home/unitree/106a_final/build/navigation_node_two/build install --record /home/unitree/106a_final/build/navigation_node_two/install.log --install-scripts $base/lib/navigation_node_two --single-version-externally-managed[0m
[69.362s] [34mcolcon.colcon_core.environment[0m [1;30mLevel 1[0m checking '/home/unitree/106a_final/install/navigation_node_two' for CMake module files
[69.363s] [34mcolcon.colcon_core.environment[0m [1;30mLevel 1[0m checking '/home/unitree/106a_final/install/navigation_node_two' for CMake config files
[69.365s] [34mcolcon.colcon_core.environment[0m [1;30mLevel 1[0m checking '/home/unitree/106a_final/install/navigation_node_two/lib'
[69.366s] [34mcolcon.colcon_core.environment[0m [1;30mLevel 1[0m checking '/home/unitree/106a_final/install/navigation_node_two/bin'
[69.366s] [34mcolcon.colcon_core.environment[0m [1;30mLevel 1[0m checking '/home/unitree/106a_final/install/navigation_node_two/lib/pkgconfig/navigation_node_two.pc'
[69.366s] [34mcolcon.colcon_core.environment[0m [1;30mLevel 1[0m checking '/home/unitree/106a_final/install/navigation_node_two/lib/python3.8/site-packages'
[69.366s] [34mcolcon.colcon_core.shell[0m [1;30mLevel 1[0m create_environment_hook('navigation_node_two', 'pythonpath')
[69.464s] [34mcolcon.colcon_core.shell[0m [1;30mINFO[0m Creating environment hook '/home/unitree/106a_final/install/navigation_node_two/share/navigation_node_two/hook/pythonpath.ps1'
[69.465s] [34mcolcon.colcon_core.shell[0m [1;30mINFO[0m Creating environment descriptor '/home/unitree/106a_final/install/navigation_node_two/share/navigation_node_two/hook/pythonpath.dsv'
[69.468s] [34mcolcon.colcon_core.shell[0m [1;30mINFO[0m Creating environment hook '/home/unitree/106a_final/install/navigation_node_two/share/navigation_node_two/hook/pythonpath.sh'
[69.470s] [34mcolcon.colcon_core.environment[0m [1;30mLevel 1[0m checking '/home/unitree/106a_final/install/navigation_node_two/bin'
[69.470s] [34mcolcon.colcon_core.environment[0m [1;30mLevel 1[0m create_environment_scripts_only(navigation_node_two)
[69.569s] [34mcolcon.colcon_core.shell[0m [1;30mINFO[0m Creating package script '/home/unitree/106a_final/install/navigation_node_two/share/navigation_node_two/package.ps1'
[69.572s] [34mcolcon.colcon_core.shell[0m [1;30mINFO[0m Creating package descriptor '/home/unitree/106a_final/install/navigation_node_two/share/navigation_node_two/package.dsv'
[69.573s] [34mcolcon.colcon_core.shell[0m [1;30mINFO[0m Creating package script '/home/unitree/106a_final/install/navigation_node_two/share/navigation_node_two/package.sh'
[69.575s] [34mcolcon.colcon_core.shell[0m [1;30mINFO[0m Creating package script '/home/unitree/106a_final/install/navigation_node_two/share/navigation_node_two/package.bash'
[69.575s] [34mcolcon.colcon_core.shell[0m [1;30mINFO[0m Creating package script '/home/unitree/106a_final/install/navigation_node_two/share/navigation_node_two/package.zsh'
[69.576s] [34mcolcon.colcon_core.environment[0m [1;30mLevel 1[0m create_file_with_runtime_dependencies(/home/unitree/106a_final/install/navigation_node_two/share/colcon-core/packages/navigation_node_two)
[69.588s] [34mcolcon.colcon_core.event_handler.log_command[0m [1;30mDEBUG[0m [32mInvoking command in '/home/unitree/106a_final/src/go2_bringup': AMENT_PREFIX_PATH=/home/unitree/106a_final/install/vision_node:/home/unitree/106a_final/install/navigation_return_node:/home/unitree/106a_final/install/navigation_node_three:/home/unitree/106a_final/install/aruco_node:/home/unitree/106a_final/install/arm_control:/home/unitree/106a_final/install/go2_bringup:/home/unitree/106a_final/install/realsense2_description:/home/unitree/106a_final/install/realsense2_camera:/home/unitree/106a_final/install/realsense2_camera_msgs:/home/unitree/106a_final/install/navigation_node_two:/home/unitree/106a_final/install/navigation_node:/home/unitree/106a_final/install/navigatigation_node_three:/home/unitree/106a_final/install/base_driver:/home/unitree/106a_final/install/arm_driver:/home/unitree/cyclonedds_ws/install/rmw_cyclonedds_cpp:/opt/ros/foxy CMAKE_PREFIX_PATH=/home/unitree/106a_final/install/base_driver:/home/unitree/106a_final/install/arm_driver:/home/unitree/106a_final/install/realsense2_description:/home/unitree/106a_final/install/realsense2_camera:/home/unitree/106a_final/install/realsense2_camera_msgs:/home/unitree/cyclonedds_ws/install/rmw_cyclonedds_cpp:/home/unitree/cyclonedds_ws/install/cyclonedds PYTHONPATH=/home/unitree/106a_final/build/go2_bringup/prefix_override:/home/unitree/106a_final/install/go2_bringup/lib/python3.8/site-packages:/home/unitree/106a_final/install/vision_node/lib/python3.8/site-packages:/home/unitree/106a_final/install/navigation_return_node/lib/python3.8/site-packages:/home/unitree/106a_final/install/navigation_node_three/lib/python3.8/site-packages:/home/unitree/106a_final/install/aruco_node/lib/python3.8/site-packages:/home/unitree/106a_final/install/arm_control/lib/python3.8/site-packages:/home/unitree/106a_final/install/go2_bringup/lib/python3.8/site-packages:/home/unitree/106a_final/install/realsense2_camera_msgs/lib/python3.8/site-packages:/home/unitree/106a_final/install/navigation_node_two/lib/python3.8/site-packages:/home/unitree/106a_final/install/navigation_node/lib/python3.8/site-packages:/home/unitree/106a_final/install/navigatigation_node_three/lib/python3.8/site-packages:/opt/ros/foxy/lib/python3.8/site-packages /usr/bin/python3 setup.py egg_info --egg-base ../../build/go2_bringup build --build-base /home/unitree/106a_final/build/go2_bringup/build install --record /home/unitree/106a_final/build/go2_bringup/install.log --install-scripts $base/lib/go2_bringup --single-version-externally-managed[0m
[71.188s] [34mcolcon.colcon_core.event_handler.log_command[0m [1;30mDEBUG[0m [32mInvoked command in '/home/unitree/106a_final/src/go2_bringup' returned '0': AMENT_PREFIX_PATH=/home/unitree/106a_final/install/vision_node:/home/unitree/106a_final/install/navigation_return_node:/home/unitree/106a_final/install/navigation_node_three:/home/unitree/106a_final/install/aruco_node:/home/unitree/106a_final/install/arm_control:/home/unitree/106a_final/install/go2_bringup:/home/unitree/106a_final/install/realsense2_description:/home/unitree/106a_final/install/realsense2_camera:/home/unitree/106a_final/install/realsense2_camera_msgs:/home/unitree/106a_final/install/navigation_node_two:/home/unitree/106a_final/install/navigation_node:/home/unitree/106a_final/install/navigatigation_node_three:/home/unitree/106a_final/install/base_driver:/home/unitree/106a_final/install/arm_driver:/home/unitree/cyclonedds_ws/install/rmw_cyclonedds_cpp:/opt/ros/foxy CMAKE_PREFIX_PATH=/home/unitree/106a_final/install/base_driver:/home/unitree/106a_final/install/arm_driver:/home/unitree/106a_final/install/realsense2_description:/home/unitree/106a_final/install/realsense2_camera:/home/unitree/106a_final/install/realsense2_camera_msgs:/home/unitree/cyclonedds_ws/install/rmw_cyclonedds_cpp:/home/unitree/cyclonedds_ws/install/cyclonedds PYTHONPATH=/home/unitree/106a_final/build/go2_bringup/prefix_override:/home/unitree/106a_final/install/go2_bringup/lib/python3.8/site-packages:/home/unitree/106a_final/install/vision_node/lib/python3.8/site-packages:/home/unitree/106a_final/install/navigation_return_node/lib/python3.8/site-packages:/home/unitree/106a_final/install/navigation_node_three/lib/python3.8/site-packages:/home/unitree/106a_final/install/aruco_node/lib/python3.8/site-packages:/home/unitree/106a_final/install/arm_control/lib/python3.8/site-packages:/home/unitree/106a_final/install/go2_bringup/lib/python3.8/site-packages:/home/unitree/106a_final/install/realsense2_camera_msgs/lib/python3.8/site-packages:/home/unitree/106a_final/install/navigation_node_two/lib/python3.8/site-packages:/home/unitree/106a_final/install/navigation_node/lib/python3.8/site-packages:/home/unitree/106a_final/install/navigatigation_node_three/lib/python3.8/site-packages:/opt/ros/foxy/lib/python3.8/site-packages /usr/bin/python3 setup.py egg_info --egg-base ../../build/go2_bringup build --build-base /home/unitree/106a_final/build/go2_bringup/build install --record /home/unitree/106a_final/build/go2_bringup/install.log --install-scripts $base/lib/go2_bringup --single-version-externally-managed[0m
[71.549s] [34mcolcon.colcon_core.environment[0m [1;30mLevel 1[0m checking '/home/unitree/106a_final/install/go2_bringup' for CMake module files
[71.557s] [34mcolcon.colcon_core.environment[0m [1;30mLevel 1[0m checking '/home/unitree/106a_final/install/go2_bringup' for CMake config files
[71.558s] [34mcolcon.colcon_core.environment[0m [1;30mLevel 1[0m checking '/home/unitree/106a_final/install/go2_bringup/lib'
[71.559s] [34mcolcon.colcon_core.environment[0m [1;30mLevel 1[0m checking '/home/unitree/106a_final/install/go2_bringup/bin'
[71.559s] [34mcolcon.colcon_core.environment[0m [1;30mLevel 1[0m checking '/home/unitree/106a_final/install/go2_bringup/lib/pkgconfig/go2_bringup.pc'
[71.563s] [34mcolcon.colcon_core.environment[0m [1;30mLevel 1[0m checking '/home/unitree/106a_final/install/go2_bringup/lib/python3.8/site-packages'
[71.564s] [34mcolcon.colcon_core.shell[0m [1;30mLevel 1[0m create_environment_hook('go2_bringup', 'pythonpath')
[71.909s] [34mcolcon.colcon_core.shell[0m [1;30mINFO[0m Creating environment hook '/home/unitree/106a_final/install/go2_bringup/share/go2_bringup/hook/pythonpath.ps1'
[71.911s] [34mcolcon.colcon_core.shell[0m [1;30mINFO[0m Creating environment descriptor '/home/unitree/106a_final/install/go2_bringup/share/go2_bringup/hook/pythonpath.dsv'
[71.924s] [34mcolcon.colcon_core.shell[0m [1;30mINFO[0m Creating environment hook '/home/unitree/106a_final/install/go2_bringup/share/go2_bringup/hook/pythonpath.sh'
[71.926s] [34mcolcon.colcon_core.environment[0m [1;30mLevel 1[0m checking '/home/unitree/106a_final/install/go2_bringup/bin'
[71.927s] [34mcolcon.colcon_core.environment[0m [1;30mLevel 1[0m create_environment_scripts_only(go2_bringup)
[72.123s] [34mcolcon.colcon_core.shell[0m [1;30mINFO[0m Creating package script '/home/unitree/106a_final/install/go2_bringup/share/go2_bringup/package.ps1'
[72.125s] [34mcolcon.colcon_core.shell[0m [1;30mINFO[0m Creating package descriptor '/home/unitree/106a_final/install/go2_bringup/share/go2_bringup/package.dsv'
[72.126s] [34mcolcon.colcon_core.shell[0m [1;30mINFO[0m Creating package script '/home/unitree/106a_final/install/go2_bringup/share/go2_bringup/package.sh'
[72.128s] [34mcolcon.colcon_core.shell[0m [1;30mINFO[0m Creating package script '/home/unitree/106a_final/install/go2_bringup/share/go2_bringup/package.bash'
[72.129s] [34mcolcon.colcon_core.shell[0m [1;30mINFO[0m Creating package script '/home/unitree/106a_final/install/go2_bringup/share/go2_bringup/package.zsh'
[72.129s] [34mcolcon.colcon_core.environment[0m [1;30mLevel 1[0m create_file_with_runtime_dependencies(/home/unitree/106a_final/install/go2_bringup/share/colcon-core/packages/go2_bringup)
[72.132s] [34mcolcon.colcon_parallel_executor.executor.parallel[0m [1;30mDEBUG[0m [32mclosing loop[0m
[72.134s] [34mcolcon.colcon_parallel_executor.executor.parallel[0m [1;30mDEBUG[0m [32mloop closed[0m
[72.134s] [34mcolcon.colcon_parallel_executor.executor.parallel[0m [1;30mDEBUG[0m [32mrun_until_complete finished with '0'[0m
[72.135s] [34mcolcon.colcon_core.event_reactor[0m [1;30mDEBUG[0m [32mjoining thread[0m
[72.251s] [34mcolcon.colcon_core.plugin_system[0m [1;30mINFO[0m Skipping extension 'colcon_notification.desktop_notification.terminal_notifier': Not used on non-Darwin systems
[72.253s] [34mcolcon.colcon_core.plugin_system[0m [1;30mINFO[0m Skipping extension 'colcon_notification.desktop_notification.win32': Not used on non-Windows systems
[72.253s] [34mcolcon.colcon_notification.desktop_notification[0m [1;30mINFO[0m Sending desktop notification using 'notify2'
[72.364s] [34mcolcon.colcon_core.event_reactor[0m [1;30mDEBUG[0m [32mjoined thread[0m
[72.781s] [34mcolcon.colcon_core.shell[0m [1;30mINFO[0m Creating prefix script '/home/unitree/106a_final/install/local_setup.ps1'
[72.784s] [34mcolcon.colcon_core.shell[0m [1;30mINFO[0m Creating prefix util module '/home/unitree/106a_final/install/_local_setup_util_ps1.py'
[72.789s] [34mcolcon.colcon_core.shell[0m [1;30mINFO[0m Creating prefix chain script '/home/unitree/106a_final/install/setup.ps1'
[73.030s] [34mcolcon.colcon_core.shell[0m [1;30mINFO[0m Creating prefix script '/home/unitree/106a_final/install/local_setup.sh'
[73.032s] [34mcolcon.colcon_core.shell[0m [1;30mINFO[0m Creating prefix util module '/home/unitree/106a_final/install/_local_setup_util_sh.py'
[73.033s] [34mcolcon.colcon_core.shell[0m [1;30mINFO[0m Creating prefix chain script '/home/unitree/106a_final/install/setup.sh'
[73.218s] [34mcolcon.colcon_core.shell[0m [1;30mINFO[0m Creating prefix script '/home/unitree/106a_final/install/local_setup.bash'
[73.219s] [34mcolcon.colcon_core.shell[0m [1;30mINFO[0m Creating prefix chain script '/home/unitree/106a_final/install/setup.bash'
[73.429s] [34mcolcon.colcon_core.shell[0m [1;30mINFO[0m Creating prefix script '/home/unitree/106a_final/install/local_setup.zsh'
[73.430s] [34mcolcon.colcon_core.shell[0m [1;30mINFO[0m Creating prefix chain script '/home/unitree/106a_final/install/setup.zsh'
