[12.692s] [34mcolcon[0m [1;30mDEBUG[0m [32mCommand line arguments: ['/usr/bin/colcon', 'build'][0m
[12.693s] [34mcolcon[0m [1;30mDEBUG[0m [32mParsed command line arguments: Namespace(allow_overriding=[], ament_cmake_args=None, base_paths=['.'], build_base='build', catkin_cmake_args=None, catkin_skip_building_tests=False, cmake_args=None, cmake_clean_cache=False, cmake_clean_first=False, cmake_force_configure=False, cmake_target=None, cmake_target_skip_unavailable=False, continue_on_error=False, event_handlers=None, executor='parallel', ignore_user_meta=False, install_base='install', log_base=None, log_level=None, main=<bound method BuildVerb.main of <colcon_core.verb.build.BuildVerb object at 0xffff9c26d460>>, merge_install=False, metas=['./colcon.meta'], packages_above=None, packages_above_and_dependencies=None, packages_above_depth=None, packages_end=None, packages_ignore=None, packages_ignore_regex=None, packages_select=None, packages_select_build_failed=False, packages_select_by_dep=None, packages_select_regex=None, packages_select_test_failures=False, packages_skip=None, packages_skip_build_finished=False, packages_skip_by_dep=None, packages_skip_regex=None, packages_skip_test_passed=False, packages_skip_up_to=None, packages_start=None, packages_up_to=None, packages_up_to_regex=None, parallel_workers=4, paths=None, symlink_install=False, test_result_base=None, verb_extension=<colcon_core.verb.build.BuildVerb object at 0xffff9c26d460>, verb_name='build', verb_parser=<colcon_defaults.argument_parser.defaults.DefaultArgumentsDecorator object at 0xffff9c134130>)[0m
[14.124s] [34mcolcon.colcon_core.package_discovery[0m [1;30mLevel 1[0m discover_packages(colcon_meta) check parameters
[14.125s] [34mcolcon.colcon_core.package_discovery[0m [1;30mLevel 1[0m discover_packages(recursive) check parameters
[14.125s] [34mcolcon.colcon_core.package_discovery[0m [1;30mLevel 1[0m discover_packages(ignore) check parameters
[14.125s] [34mcolcon.colcon_core.package_discovery[0m [1;30mLevel 1[0m discover_packages(path) check parameters
[14.125s] [34mcolcon.colcon_core.package_discovery[0m [1;30mLevel 1[0m discover_packages(colcon_meta) discover
[14.125s] [34mcolcon.colcon_core.package_discovery[0m [1;30mLevel 1[0m discover_packages(recursive) discover
[14.125s] [34mcolcon.colcon_core.package_discovery[0m [1;30mINFO[0m Crawling recursively for packages in '/home/unitree/106a_final'
[14.126s] [34mcolcon.colcon_core.package_identification[0m [1;30mLevel 1[0m _identify(.) by extensions ['ignore', 'ignore_ament_install']
[14.126s] [34mcolcon.colcon_core.package_identification[0m [1;30mLevel 1[0m _identify(.) by extension 'ignore'
[14.126s] [34mcolcon.colcon_core.package_identification[0m [1;30mLevel 1[0m _identify(.) by extension 'ignore_ament_install'
[14.126s] [34mcolcon.colcon_core.package_identification[0m [1;30mLevel 1[0m _identify(.) by extensions ['colcon_pkg']
[14.126s] [34mcolcon.colcon_core.package_identification[0m [1;30mLevel 1[0m _identify(.) by extension 'colcon_pkg'
[14.126s] [34mcolcon.colcon_core.package_identification[0m [1;30mLevel 1[0m _identify(.) by extensions ['colcon_meta']
[14.126s] [34mcolcon.colcon_core.package_identification[0m [1;30mLevel 1[0m _identify(.) by extension 'colcon_meta'
[14.126s] [34mcolcon.colcon_core.package_identification[0m [1;30mLevel 1[0m _identify(.) by extensions ['ros']
[14.127s] [34mcolcon.colcon_core.package_identification[0m [1;30mLevel 1[0m _identify(.) by extension 'ros'
[14.226s] [34mcolcon.colcon_core.package_identification[0m [1;30mLevel 1[0m _identify(.) by extensions ['cmake', 'python']
[14.226s] [34mcolcon.colcon_core.package_identification[0m [1;30mLevel 1[0m _identify(.) by extension 'cmake'
[14.227s] [34mcolcon.colcon_core.package_identification[0m [1;30mLevel 1[0m _identify(.) by extension 'python'
[14.227s] [34mcolcon.colcon_core.package_identification[0m [1;30mLevel 1[0m _identify(.) by extensions ['python_setup_py']
[14.227s] [34mcolcon.colcon_core.package_identification[0m [1;30mLevel 1[0m _identify(.) by extension 'python_setup_py'
[14.227s] [34mcolcon.colcon_core.package_identification[0m [1;30mLevel 1[0m _identify(build) by extensions ['ignore', 'ignore_ament_install']
[14.228s] [34mcolcon.colcon_core.package_identification[0m [1;30mLevel 1[0m _identify(build) by extension 'ignore'
[14.228s] [34mcolcon.colcon_core.package_identification[0m [1;30mLevel 1[0m _identify(build) ignored
[14.229s] [34mcolcon.colcon_core.package_identification[0m [1;30mLevel 1[0m _identify(install) by extensions ['ignore', 'ignore_ament_install']
[14.229s] [34mcolcon.colcon_core.package_identification[0m [1;30mLevel 1[0m _identify(install) by extension 'ignore'
[14.229s] [34mcolcon.colcon_core.package_identification[0m [1;30mLevel 1[0m _identify(install) ignored
[14.231s] [34mcolcon.colcon_core.package_identification[0m [1;30mLevel 1[0m _identify(log) by extensions ['ignore', 'ignore_ament_install']
[14.231s] [34mcolcon.colcon_core.package_identification[0m [1;30mLevel 1[0m _identify(log) by extension 'ignore'
[14.231s] [34mcolcon.colcon_core.package_identification[0m [1;30mLevel 1[0m _identify(log) ignored
[14.232s] [34mcolcon.colcon_core.package_identification[0m [1;30mLevel 1[0m _identify(src) by extensions ['ignore', 'ignore_ament_install']
[14.232s] [34mcolcon.colcon_core.package_identification[0m [1;30mLevel 1[0m _identify(src) by extension 'ignore'
[14.232s] [34mcolcon.colcon_core.package_identification[0m [1;30mLevel 1[0m _identify(src) by extension 'ignore_ament_install'
[14.232s] [34mcolcon.colcon_core.package_identification[0m [1;30mLevel 1[0m _identify(src) by extensions ['colcon_pkg']
[14.232s] [34mcolcon.colcon_core.package_identification[0m [1;30mLevel 1[0m _identify(src) by extension 'colcon_pkg'
[14.232s] [34mcolcon.colcon_core.package_identification[0m [1;30mLevel 1[0m _identify(src) by extensions ['colcon_meta']
[14.232s] [34mcolcon.colcon_core.package_identification[0m [1;30mLevel 1[0m _identify(src) by extension 'colcon_meta'
[14.232s] [34mcolcon.colcon_core.package_identification[0m [1;30mLevel 1[0m _identify(src) by extensions ['ros']
[14.233s] [34mcolcon.colcon_core.package_identification[0m [1;30mLevel 1[0m _identify(src) by extension 'ros'
[14.233s] [34mcolcon.colcon_core.package_identification[0m [1;30mLevel 1[0m _identify(src) by extensions ['cmake', 'python']
[14.233s] [34mcolcon.colcon_core.package_identification[0m [1;30mLevel 1[0m _identify(src) by extension 'cmake'
[14.233s] [34mcolcon.colcon_core.package_identification[0m [1;30mLevel 1[0m _identify(src) by extension 'python'
[14.233s] [34mcolcon.colcon_core.package_identification[0m [1;30mLevel 1[0m _identify(src) by extensions ['python_setup_py']
[14.233s] [34mcolcon.colcon_core.package_identification[0m [1;30mLevel 1[0m _identify(src) by extension 'python_setup_py'
[14.233s] [34mcolcon.colcon_core.package_identification[0m [1;30mLevel 1[0m _identify(src/arm_control) by extensions ['ignore', 'ignore_ament_install']
[14.234s] [34mcolcon.colcon_core.package_identification[0m [1;30mLevel 1[0m _identify(src/arm_control) by extension 'ignore'
[14.234s] [34mcolcon.colcon_core.package_identification[0m [1;30mLevel 1[0m _identify(src/arm_control) by extension 'ignore_ament_install'
[14.234s] [34mcolcon.colcon_core.package_identification[0m [1;30mLevel 1[0m _identify(src/arm_control) by extensions ['colcon_pkg']
[14.234s] [34mcolcon.colcon_core.package_identification[0m [1;30mLevel 1[0m _identify(src/arm_control) by extension 'colcon_pkg'
[14.234s] [34mcolcon.colcon_core.package_identification[0m [1;30mLevel 1[0m _identify(src/arm_control) by extensions ['colcon_meta']
[14.234s] [34mcolcon.colcon_core.package_identification[0m [1;30mLevel 1[0m _identify(src/arm_control) by extension 'colcon_meta'
[14.234s] [34mcolcon.colcon_core.package_identification[0m [1;30mLevel 1[0m _identify(src/arm_control) by extensions ['ros']
[14.234s] [34mcolcon.colcon_core.package_identification[0m [1;30mLevel 1[0m _identify(src/arm_control) by extension 'ros'
[14.269s] [34mcolcon.colcon_core.package_identification[0m [1;30mDEBUG[0m [32mPackage 'src/arm_control' with type 'ros.ament_python' and name 'arm_control'[0m
[14.280s] [34mcolcon.colcon_core.package_identification[0m [1;30mLevel 1[0m _identify(src/arm_driver) by extensions ['ignore', 'ignore_ament_install']
[14.281s] [34mcolcon.colcon_core.package_identification[0m [1;30mLevel 1[0m _identify(src/arm_driver) by extension 'ignore'
[14.281s] [34mcolcon.colcon_core.package_identification[0m [1;30mLevel 1[0m _identify(src/arm_driver) by extension 'ignore_ament_install'
[14.281s] [34mcolcon.colcon_core.package_identification[0m [1;30mLevel 1[0m _identify(src/arm_driver) by extensions ['colcon_pkg']
[14.281s] [34mcolcon.colcon_core.package_identification[0m [1;30mLevel 1[0m _identify(src/arm_driver) by extension 'colcon_pkg'
[14.281s] [34mcolcon.colcon_core.package_identification[0m [1;30mLevel 1[0m _identify(src/arm_driver) by extensions ['colcon_meta']
[14.281s] [34mcolcon.colcon_core.package_identification[0m [1;30mLevel 1[0m _identify(src/arm_driver) by extension 'colcon_meta'
[14.282s] [34mcolcon.colcon_core.package_identification[0m [1;30mLevel 1[0m _identify(src/arm_driver) by extensions ['ros']
[14.291s] [34mcolcon.colcon_core.package_identification[0m [1;30mLevel 1[0m _identify(src/arm_driver) by extension 'ros'
[14.295s] [34mcolcon.colcon_core.package_identification[0m [1;30mDEBUG[0m [32mPackage 'src/arm_driver' with type 'ros.ament_cmake' and name 'arm_driver'[0m
[14.296s] [34mcolcon.colcon_core.package_identification[0m [1;30mLevel 1[0m _identify(src/aruco_node) by extensions ['ignore', 'ignore_ament_install']
[14.296s] [34mcolcon.colcon_core.package_identification[0m [1;30mLevel 1[0m _identify(src/aruco_node) by extension 'ignore'
[14.296s] [34mcolcon.colcon_core.package_identification[0m [1;30mLevel 1[0m _identify(src/aruco_node) by extension 'ignore_ament_install'
[14.297s] [34mcolcon.colcon_core.package_identification[0m [1;30mLevel 1[0m _identify(src/aruco_node) by extensions ['colcon_pkg']
[14.297s] [34mcolcon.colcon_core.package_identification[0m [1;30mLevel 1[0m _identify(src/aruco_node) by extension 'colcon_pkg'
[14.297s] [34mcolcon.colcon_core.package_identification[0m [1;30mLevel 1[0m _identify(src/aruco_node) by extensions ['colcon_meta']
[14.297s] [34mcolcon.colcon_core.package_identification[0m [1;30mLevel 1[0m _identify(src/aruco_node) by extension 'colcon_meta'
[14.297s] [34mcolcon.colcon_core.package_identification[0m [1;30mLevel 1[0m _identify(src/aruco_node) by extensions ['ros']
[14.297s] [34mcolcon.colcon_core.package_identification[0m [1;30mLevel 1[0m _identify(src/aruco_node) by extension 'ros'
[14.300s] [34mcolcon.colcon_core.package_identification[0m [1;30mDEBUG[0m [32mPackage 'src/aruco_node' with type 'ros.ament_python' and name 'aruco_node'[0m
[14.301s] [34mcolcon.colcon_core.package_identification[0m [1;30mLevel 1[0m _identify(src/base_driver) by extensions ['ignore', 'ignore_ament_install']
[14.301s] [34mcolcon.colcon_core.package_identification[0m [1;30mLevel 1[0m _identify(src/base_driver) by extension 'ignore'
[14.301s] [34mcolcon.colcon_core.package_identification[0m [1;30mLevel 1[0m _identify(src/base_driver) by extension 'ignore_ament_install'
[14.302s] [34mcolcon.colcon_core.package_identification[0m [1;30mLevel 1[0m _identify(src/base_driver) by extensions ['colcon_pkg']
[14.302s] [34mcolcon.colcon_core.package_identification[0m [1;30mLevel 1[0m _identify(src/base_driver) by extension 'colcon_pkg'
[14.302s] [34mcolcon.colcon_core.package_identification[0m [1;30mLevel 1[0m _identify(src/base_driver) by extensions ['colcon_meta']
[14.302s] [34mcolcon.colcon_core.package_identification[0m [1;30mLevel 1[0m _identify(src/base_driver) by extension 'colcon_meta'
[14.302s] [34mcolcon.colcon_core.package_identification[0m [1;30mLevel 1[0m _identify(src/base_driver) by extensions ['ros']
[14.302s] [34mcolcon.colcon_core.package_identification[0m [1;30mLevel 1[0m _identify(src/base_driver) by extension 'ros'
[14.305s] [34mcolcon.colcon_core.package_identification[0m [1;30mDEBUG[0m [32mPackage 'src/base_driver' with type 'ros.ament_cmake' and name 'base_driver'[0m
[14.306s] [34mcolcon.colcon_core.package_identification[0m [1;30mLevel 1[0m _identify(src/d1_sdk) by extensions ['ignore', 'ignore_ament_install']
[14.306s] [34mcolcon.colcon_core.package_identification[0m [1;30mLevel 1[0m _identify(src/d1_sdk) by extension 'ignore'
[14.306s] [34mcolcon.colcon_core.package_identification[0m [1;30mLevel 1[0m _identify(src/d1_sdk) ignored
[14.307s] [34mcolcon.colcon_core.package_identification[0m [1;30mLevel 1[0m _identify(src/go2_bringup) by extensions ['ignore', 'ignore_ament_install']
[14.313s] [34mcolcon.colcon_core.package_identification[0m [1;30mLevel 1[0m _identify(src/go2_bringup) by extension 'ignore'
[14.313s] [34mcolcon.colcon_core.package_identification[0m [1;30mLevel 1[0m _identify(src/go2_bringup) by extension 'ignore_ament_install'
[14.313s] [34mcolcon.colcon_core.package_identification[0m [1;30mLevel 1[0m _identify(src/go2_bringup) by extensions ['colcon_pkg']
[14.313s] [34mcolcon.colcon_core.package_identification[0m [1;30mLevel 1[0m _identify(src/go2_bringup) by extension 'colcon_pkg'
[14.314s] [34mcolcon.colcon_core.package_identification[0m [1;30mLevel 1[0m _identify(src/go2_bringup) by extensions ['colcon_meta']
[14.314s] [34mcolcon.colcon_core.package_identification[0m [1;30mLevel 1[0m _identify(src/go2_bringup) by extension 'colcon_meta'
[14.314s] [34mcolcon.colcon_core.package_identification[0m [1;30mLevel 1[0m _identify(src/go2_bringup) by extensions ['ros']
[14.314s] [34mcolcon.colcon_core.package_identification[0m [1;30mLevel 1[0m _identify(src/go2_bringup) by extension 'ros'
[14.320s] [34mcolcon.colcon_core.package_identification[0m [1;30mDEBUG[0m [32mPackage 'src/go2_bringup' with type 'ros.ament_python' and name 'go2_bringup'[0m
[14.320s] [34mcolcon.colcon_core.package_identification[0m [1;30mLevel 1[0m _identify(src/navigation_node) by extensions ['ignore', 'ignore_ament_install']
[14.321s] [34mcolcon.colcon_core.package_identification[0m [1;30mLevel 1[0m _identify(src/navigation_node) by extension 'ignore'
[14.321s] [34mcolcon.colcon_core.package_identification[0m [1;30mLevel 1[0m _identify(src/navigation_node) by extension 'ignore_ament_install'
[14.321s] [34mcolcon.colcon_core.package_identification[0m [1;30mLevel 1[0m _identify(src/navigation_node) by extensions ['colcon_pkg']
[14.321s] [34mcolcon.colcon_core.package_identification[0m [1;30mLevel 1[0m _identify(src/navigation_node) by extension 'colcon_pkg'
[14.321s] [34mcolcon.colcon_core.package_identification[0m [1;30mLevel 1[0m _identify(src/navigation_node) by extensions ['colcon_meta']
[14.321s] [34mcolcon.colcon_core.package_identification[0m [1;30mLevel 1[0m _identify(src/navigation_node) by extension 'colcon_meta'
[14.322s] [34mcolcon.colcon_core.package_identification[0m [1;30mLevel 1[0m _identify(src/navigation_node) by extensions ['ros']
[14.322s] [34mcolcon.colcon_core.package_identification[0m [1;30mLevel 1[0m _identify(src/navigation_node) by extension 'ros'
[14.325s] [34mcolcon.colcon_core.package_identification[0m [1;30mDEBUG[0m [32mPackage 'src/navigation_node' with type 'ros.ament_python' and name 'navigation_node'[0m
[14.326s] [34mcolcon.colcon_core.package_identification[0m [1;30mLevel 1[0m _identify(src/navigation_node_three) by extensions ['ignore', 'ignore_ament_install']
[14.326s] [34mcolcon.colcon_core.package_identification[0m [1;30mLevel 1[0m _identify(src/navigation_node_three) by extension 'ignore'
[14.327s] [34mcolcon.colcon_core.package_identification[0m [1;30mLevel 1[0m _identify(src/navigation_node_three) by extension 'ignore_ament_install'
[14.327s] [34mcolcon.colcon_core.package_identification[0m [1;30mLevel 1[0m _identify(src/navigation_node_three) by extensions ['colcon_pkg']
[14.327s] [34mcolcon.colcon_core.package_identification[0m [1;30mLevel 1[0m _identify(src/navigation_node_three) by extension 'colcon_pkg'
[14.327s] [34mcolcon.colcon_core.package_identification[0m [1;30mLevel 1[0m _identify(src/navigation_node_three) by extensions ['colcon_meta']
[14.327s] [34mcolcon.colcon_core.package_identification[0m [1;30mLevel 1[0m _identify(src/navigation_node_three) by extension 'colcon_meta'
[14.327s] [34mcolcon.colcon_core.package_identification[0m [1;30mLevel 1[0m _identify(src/navigation_node_three) by extensions ['ros']
[14.327s] [34mcolcon.colcon_core.package_identification[0m [1;30mLevel 1[0m _identify(src/navigation_node_three) by extension 'ros'
[14.330s] [34mcolcon.colcon_core.package_identification[0m [1;30mDEBUG[0m [32mPackage 'src/navigation_node_three' with type 'ros.ament_python' and name 'navigation_node_three'[0m
[14.331s] [34mcolcon.colcon_core.package_identification[0m [1;30mLevel 1[0m _identify(src/navigation_node_two) by extensions ['ignore', 'ignore_ament_install']
[14.331s] [34mcolcon.colcon_core.package_identification[0m [1;30mLevel 1[0m _identify(src/navigation_node_two) by extension 'ignore'
[14.331s] [34mcolcon.colcon_core.package_identification[0m [1;30mLevel 1[0m _identify(src/navigation_node_two) by extension 'ignore_ament_install'
[14.331s] [34mcolcon.colcon_core.package_identification[0m [1;30mLevel 1[0m _identify(src/navigation_node_two) by extensions ['colcon_pkg']
[14.331s] [34mcolcon.colcon_core.package_identification[0m [1;30mLevel 1[0m _identify(src/navigation_node_two) by extension 'colcon_pkg'
[14.331s] [34mcolcon.colcon_core.package_identification[0m [1;30mLevel 1[0m _identify(src/navigation_node_two) by extensions ['colcon_meta']
[14.332s] [34mcolcon.colcon_core.package_identification[0m [1;30mLevel 1[0m _identify(src/navigation_node_two) by extension 'colcon_meta'
[14.332s] [34mcolcon.colcon_core.package_identification[0m [1;30mLevel 1[0m _identify(src/navigation_node_two) by extensions ['ros']
[14.332s] [34mcolcon.colcon_core.package_identification[0m [1;30mLevel 1[0m _identify(src/navigation_node_two) by extension 'ros'
[14.340s] [34mcolcon.colcon_core.package_identification[0m [1;30mDEBUG[0m [32mPackage 'src/navigation_node_two' with type 'ros.ament_python' and name 'navigation_node_two'[0m
[14.341s] [34mcolcon.colcon_core.package_identification[0m [1;30mLevel 1[0m _identify(src/navigation_return_node) by extensions ['ignore', 'ignore_ament_install']
[14.342s] [34mcolcon.colcon_core.package_identification[0m [1;30mLevel 1[0m _identify(src/navigation_return_node) by extension 'ignore'
[14.342s] [34mcolcon.colcon_core.package_identification[0m [1;30mLevel 1[0m _identify(src/navigation_return_node) by extension 'ignore_ament_install'
[14.343s] [34mcolcon.colcon_core.package_identification[0m [1;30mLevel 1[0m _identify(src/navigation_return_node) by extensions ['colcon_pkg']
[14.343s] [34mcolcon.colcon_core.package_identification[0m [1;30mLevel 1[0m _identify(src/navigation_return_node) by extension 'colcon_pkg'
[14.343s] [34mcolcon.colcon_core.package_identification[0m [1;30mLevel 1[0m _identify(src/navigation_return_node) by extensions ['colcon_meta']
[14.344s] [34mcolcon.colcon_core.package_identification[0m [1;30mLevel 1[0m _identify(src/navigation_return_node) by extension 'colcon_meta'
[14.344s] [34mcolcon.colcon_core.package_identification[0m [1;30mLevel 1[0m _identify(src/navigation_return_node) by extensions ['ros']
[14.345s] [34mcolcon.colcon_core.package_identification[0m [1;30mLevel 1[0m _identify(src/navigation_return_node) by extension 'ros'
[14.350s] [34mcolcon.colcon_core.package_identification[0m [1;30mDEBUG[0m [32mPackage 'src/navigation_return_node' with type 'ros.ament_python' and name 'navigation_return_node'[0m
[14.357s] [34mcolcon.colcon_core.package_identification[0m [1;30mLevel 1[0m _identify(src/realsense-ros) by extensions ['ignore', 'ignore_ament_install']
[14.364s] [34mcolcon.colcon_core.package_identification[0m [1;30mLevel 1[0m _identify(src/realsense-ros) by extension 'ignore'
[14.364s] [34mcolcon.colcon_core.package_identification[0m [1;30mLevel 1[0m _identify(src/realsense-ros) ignored
[14.365s] [34mcolcon.colcon_core.package_identification[0m [1;30mLevel 1[0m _identify(src/unitree_sdk2) by extensions ['ignore', 'ignore_ament_install']
[14.365s] [34mcolcon.colcon_core.package_identification[0m [1;30mLevel 1[0m _identify(src/unitree_sdk2) by extension 'ignore'
[14.365s] [34mcolcon.colcon_core.package_identification[0m [1;30mLevel 1[0m _identify(src/unitree_sdk2) ignored
[14.366s] [34mcolcon.colcon_core.package_identification[0m [1;30mLevel 1[0m _identify(src/unitree_sdk2_python) by extensions ['ignore', 'ignore_ament_install']
[14.366s] [34mcolcon.colcon_core.package_identification[0m [1;30mLevel 1[0m _identify(src/unitree_sdk2_python) by extension 'ignore'
[14.366s] [34mcolcon.colcon_core.package_identification[0m [1;30mLevel 1[0m _identify(src/unitree_sdk2_python) ignored
[14.366s] [34mcolcon.colcon_core.package_identification[0m [1;30mLevel 1[0m _identify(src/vision_node) by extensions ['ignore', 'ignore_ament_install']
[14.366s] [34mcolcon.colcon_core.package_identification[0m [1;30mLevel 1[0m _identify(src/vision_node) by extension 'ignore'
[14.367s] [34mcolcon.colcon_core.package_identification[0m [1;30mLevel 1[0m _identify(src/vision_node) by extension 'ignore_ament_install'
[14.367s] [34mcolcon.colcon_core.package_identification[0m [1;30mLevel 1[0m _identify(src/vision_node) by extensions ['colcon_pkg']
[14.367s] [34mcolcon.colcon_core.package_identification[0m [1;30mLevel 1[0m _identify(src/vision_node) by extension 'colcon_pkg'
[14.367s] [34mcolcon.colcon_core.package_identification[0m [1;30mLevel 1[0m _identify(src/vision_node) by extensions ['colcon_meta']
[14.367s] [34mcolcon.colcon_core.package_identification[0m [1;30mLevel 1[0m _identify(src/vision_node) by extension 'colcon_meta'
[14.367s] [34mcolcon.colcon_core.package_identification[0m [1;30mLevel 1[0m _identify(src/vision_node) by extensions ['ros']
[14.367s] [34mcolcon.colcon_core.package_identification[0m [1;30mLevel 1[0m _identify(src/vision_node) by extension 'ros'
[14.370s] [34mcolcon.colcon_core.package_identification[0m [1;30mDEBUG[0m [32mPackage 'src/vision_node' with type 'ros.ament_python' and name 'vision_node'[0m
[14.370s] [34mcolcon.colcon_core.package_discovery[0m [1;30mLevel 1[0m discover_packages(recursive) using defaults
[14.371s] [34mcolcon.colcon_core.package_discovery[0m [1;30mLevel 1[0m discover_packages(ignore) discover
[14.371s] [34mcolcon.colcon_core.package_discovery[0m [1;30mLevel 1[0m discover_packages(ignore) using defaults
[14.371s] [34mcolcon.colcon_core.package_discovery[0m [1;30mLevel 1[0m discover_packages(path) discover
[14.371s] [34mcolcon.colcon_core.package_discovery[0m [1;30mLevel 1[0m discover_packages(path) using defaults
[15.682s] [34mcolcon.colcon_core.package_discovery[0m [1;30mLevel 1[0m discover_packages(prefix_path) check parameters
[15.683s] [34mcolcon.colcon_core.package_discovery[0m [1;30mLevel 1[0m discover_packages(prefix_path) discover
[15.969s] [34mcolcon.colcon_installed_package_information.package_discovery[0m [1;30mDEBUG[0m [32mFound 14 installed packages in /home/unitree/106a_final/install[0m
[16.175s] [34mcolcon.colcon_installed_package_information.package_discovery[0m [1;30mDEBUG[0m [32mFound 2 installed packages in /home/unitree/cyclonedds_ws/install[0m
[16.366s] [34mcolcon.colcon_installed_package_information.package_discovery[0m [1;30mDEBUG[0m [32mFound 292 installed packages in /opt/ros/foxy[0m
[16.370s] [34mcolcon.colcon_core.package_discovery[0m [1;30mLevel 1[0m discover_packages(prefix_path) using defaults
[17.292s] [34mcolcon.colcon_core.verb[0m [1;30mLevel 5[0m set package 'arm_control' build argument 'cmake_args' from command line to 'None'
[17.292s] [34mcolcon.colcon_core.verb[0m [1;30mLevel 5[0m set package 'arm_control' build argument 'cmake_target' from command line to 'None'
[17.293s] [34mcolcon.colcon_core.verb[0m [1;30mLevel 5[0m set package 'arm_control' build argument 'cmake_target_skip_unavailable' from command line to 'False'
[17.293s] [34mcolcon.colcon_core.verb[0m [1;30mLevel 5[0m set package 'arm_control' build argument 'cmake_clean_cache' from command line to 'False'
[17.293s] [34mcolcon.colcon_core.verb[0m [1;30mLevel 5[0m set package 'arm_control' build argument 'cmake_clean_first' from command line to 'False'
[17.293s] [34mcolcon.colcon_core.verb[0m [1;30mLevel 5[0m set package 'arm_control' build argument 'cmake_force_configure' from command line to 'False'
[17.293s] [34mcolcon.colcon_core.verb[0m [1;30mLevel 5[0m set package 'arm_control' build argument 'ament_cmake_args' from command line to 'None'
[17.293s] [34mcolcon.colcon_core.verb[0m [1;30mLevel 5[0m set package 'arm_control' build argument 'catkin_cmake_args' from command line to 'None'
[17.293s] [34mcolcon.colcon_core.verb[0m [1;30mLevel 5[0m set package 'arm_control' build argument 'catkin_skip_building_tests' from command line to 'False'
[17.293s] [34mcolcon.colcon_core.verb[0m [1;30mDEBUG[0m [32mBuilding package 'arm_control' with the following arguments: {'ament_cmake_args': None, 'build_base': '/home/unitree/106a_final/build/arm_control', 'catkin_cmake_args': None, 'catkin_skip_building_tests': False, 'cmake_args': None, 'cmake_clean_cache': False, 'cmake_clean_first': False, 'cmake_force_configure': False, 'cmake_target': None, 'cmake_target_skip_unavailable': False, 'install_base': '/home/unitree/106a_final/install/arm_control', 'merge_install': False, 'path': '/home/unitree/106a_final/src/arm_control', 'symlink_install': False, 'test_result_base': None}[0m
[17.538s] [34mcolcon.colcon_core.verb[0m [1;30mLevel 5[0m set package 'arm_driver' build argument 'cmake_args' from command line to 'None'
[17.538s] [34mcolcon.colcon_core.verb[0m [1;30mLevel 5[0m set package 'arm_driver' build argument 'cmake_target' from command line to 'None'
[17.538s] [34mcolcon.colcon_core.verb[0m [1;30mLevel 5[0m set package 'arm_driver' build argument 'cmake_target_skip_unavailable' from command line to 'False'
[17.538s] [34mcolcon.colcon_core.verb[0m [1;30mLevel 5[0m set package 'arm_driver' build argument 'cmake_clean_cache' from command line to 'False'
[17.538s] [34mcolcon.colcon_core.verb[0m [1;30mLevel 5[0m set package 'arm_driver' build argument 'cmake_clean_first' from command line to 'False'
[17.538s] [34mcolcon.colcon_core.verb[0m [1;30mLevel 5[0m set package 'arm_driver' build argument 'cmake_force_configure' from command line to 'False'
[17.538s] [34mcolcon.colcon_core.verb[0m [1;30mLevel 5[0m set package 'arm_driver' build argument 'ament_cmake_args' from command line to 'None'
[17.538s] [34mcolcon.colcon_core.verb[0m [1;30mLevel 5[0m set package 'arm_driver' build argument 'catkin_cmake_args' from command line to 'None'
[17.539s] [34mcolcon.colcon_core.verb[0m [1;30mLevel 5[0m set package 'arm_driver' build argument 'catkin_skip_building_tests' from command line to 'False'
[17.539s] [34mcolcon.colcon_core.verb[0m [1;30mDEBUG[0m [32mBuilding package 'arm_driver' with the following arguments: {'ament_cmake_args': None, 'build_base': '/home/unitree/106a_final/build/arm_driver', 'catkin_cmake_args': None, 'catkin_skip_building_tests': False, 'cmake_args': None, 'cmake_clean_cache': False, 'cmake_clean_first': False, 'cmake_force_configure': False, 'cmake_target': None, 'cmake_target_skip_unavailable': False, 'install_base': '/home/unitree/106a_final/install/arm_driver', 'merge_install': False, 'path': '/home/unitree/106a_final/src/arm_driver', 'symlink_install': False, 'test_result_base': None}[0m
[17.812s] [34mcolcon.colcon_core.verb[0m [1;30mLevel 5[0m set package 'aruco_node' build argument 'cmake_args' from command line to 'None'
[17.812s] [34mcolcon.colcon_core.verb[0m [1;30mLevel 5[0m set package 'aruco_node' build argument 'cmake_target' from command line to 'None'
[17.812s] [34mcolcon.colcon_core.verb[0m [1;30mLevel 5[0m set package 'aruco_node' build argument 'cmake_target_skip_unavailable' from command line to 'False'
[17.812s] [34mcolcon.colcon_core.verb[0m [1;30mLevel 5[0m set package 'aruco_node' build argument 'cmake_clean_cache' from command line to 'False'
[17.813s] [34mcolcon.colcon_core.verb[0m [1;30mLevel 5[0m set package 'aruco_node' build argument 'cmake_clean_first' from command line to 'False'
[17.813s] [34mcolcon.colcon_core.verb[0m [1;30mLevel 5[0m set package 'aruco_node' build argument 'cmake_force_configure' from command line to 'False'
[17.813s] [34mcolcon.colcon_core.verb[0m [1;30mLevel 5[0m set package 'aruco_node' build argument 'ament_cmake_args' from command line to 'None'
[17.813s] [34mcolcon.colcon_core.verb[0m [1;30mLevel 5[0m set package 'aruco_node' build argument 'catkin_cmake_args' from command line to 'None'
[17.813s] [34mcolcon.colcon_core.verb[0m [1;30mLevel 5[0m set package 'aruco_node' build argument 'catkin_skip_building_tests' from command line to 'False'
[17.813s] [34mcolcon.colcon_core.verb[0m [1;30mDEBUG[0m [32mBuilding package 'aruco_node' with the following arguments: {'ament_cmake_args': None, 'build_base': '/home/unitree/106a_final/build/aruco_node', 'catkin_cmake_args': None, 'catkin_skip_building_tests': False, 'cmake_args': None, 'cmake_clean_cache': False, 'cmake_clean_first': False, 'cmake_force_configure': False, 'cmake_target': None, 'cmake_target_skip_unavailable': False, 'install_base': '/home/unitree/106a_final/install/aruco_node', 'merge_install': False, 'path': '/home/unitree/106a_final/src/aruco_node', 'symlink_install': False, 'test_result_base': None}[0m
[17.949s] [34mcolcon.colcon_core.verb[0m [1;30mLevel 5[0m set package 'base_driver' build argument 'cmake_args' from command line to 'None'
[17.949s] [34mcolcon.colcon_core.verb[0m [1;30mLevel 5[0m set package 'base_driver' build argument 'cmake_target' from command line to 'None'
[17.950s] [34mcolcon.colcon_core.verb[0m [1;30mLevel 5[0m set package 'base_driver' build argument 'cmake_target_skip_unavailable' from command line to 'False'
[17.950s] [34mcolcon.colcon_core.verb[0m [1;30mLevel 5[0m set package 'base_driver' build argument 'cmake_clean_cache' from command line to 'False'
[17.950s] [34mcolcon.colcon_core.verb[0m [1;30mLevel 5[0m set package 'base_driver' build argument 'cmake_clean_first' from command line to 'False'
[17.950s] [34mcolcon.colcon_core.verb[0m [1;30mLevel 5[0m set package 'base_driver' build argument 'cmake_force_configure' from command line to 'False'
[17.950s] [34mcolcon.colcon_core.verb[0m [1;30mLevel 5[0m set package 'base_driver' build argument 'ament_cmake_args' from command line to 'None'
[17.950s] [34mcolcon.colcon_core.verb[0m [1;30mLevel 5[0m set package 'base_driver' build argument 'catkin_cmake_args' from command line to 'None'
[17.950s] [34mcolcon.colcon_core.verb[0m [1;30mLevel 5[0m set package 'base_driver' build argument 'catkin_skip_building_tests' from command line to 'False'
[17.950s] [34mcolcon.colcon_core.verb[0m [1;30mDEBUG[0m [32mBuilding package 'base_driver' with the following arguments: {'ament_cmake_args': None, 'build_base': '/home/unitree/106a_final/build/base_driver', 'catkin_cmake_args': None, 'catkin_skip_building_tests': False, 'cmake_args': None, 'cmake_clean_cache': False, 'cmake_clean_first': False, 'cmake_force_configure': False, 'cmake_target': None, 'cmake_target_skip_unavailable': False, 'install_base': '/home/unitree/106a_final/install/base_driver', 'merge_install': False, 'path': '/home/unitree/106a_final/src/base_driver', 'symlink_install': False, 'test_result_base': None}[0m
[18.083s] [34mcolcon.colcon_core.verb[0m [1;30mLevel 5[0m set package 'navigation_node' build argument 'cmake_args' from command line to 'None'
[18.083s] [34mcolcon.colcon_core.verb[0m [1;30mLevel 5[0m set package 'navigation_node' build argument 'cmake_target' from command line to 'None'
[18.083s] [34mcolcon.colcon_core.verb[0m [1;30mLevel 5[0m set package 'navigation_node' build argument 'cmake_target_skip_unavailable' from command line to 'False'
[18.083s] [34mcolcon.colcon_core.verb[0m [1;30mLevel 5[0m set package 'navigation_node' build argument 'cmake_clean_cache' from command line to 'False'
[18.084s] [34mcolcon.colcon_core.verb[0m [1;30mLevel 5[0m set package 'navigation_node' build argument 'cmake_clean_first' from command line to 'False'
[18.084s] [34mcolcon.colcon_core.verb[0m [1;30mLevel 5[0m set package 'navigation_node' build argument 'cmake_force_configure' from command line to 'False'
[18.084s] [34mcolcon.colcon_core.verb[0m [1;30mLevel 5[0m set package 'navigation_node' build argument 'ament_cmake_args' from command line to 'None'
[18.084s] [34mcolcon.colcon_core.verb[0m [1;30mLevel 5[0m set package 'navigation_node' build argument 'catkin_cmake_args' from command line to 'None'
[18.084s] [34mcolcon.colcon_core.verb[0m [1;30mLevel 5[0m set package 'navigation_node' build argument 'catkin_skip_building_tests' from command line to 'False'
[18.084s] [34mcolcon.colcon_core.verb[0m [1;30mDEBUG[0m [32mBuilding package 'navigation_node' with the following arguments: {'ament_cmake_args': None, 'build_base': '/home/unitree/106a_final/build/navigation_node', 'catkin_cmake_args': None, 'catkin_skip_building_tests': False, 'cmake_args': None, 'cmake_clean_cache': False, 'cmake_clean_first': False, 'cmake_force_configure': False, 'cmake_target': None, 'cmake_target_skip_unavailable': False, 'install_base': '/home/unitree/106a_final/install/navigation_node', 'merge_install': False, 'path': '/home/unitree/106a_final/src/navigation_node', 'symlink_install': False, 'test_result_base': None}[0m
[18.319s] [34mcolcon.colcon_core.verb[0m [1;30mLevel 5[0m set package 'navigation_node_three' build argument 'cmake_args' from command line to 'None'
[18.320s] [34mcolcon.colcon_core.verb[0m [1;30mLevel 5[0m set package 'navigation_node_three' build argument 'cmake_target' from command line to 'None'
[18.320s] [34mcolcon.colcon_core.verb[0m [1;30mLevel 5[0m set package 'navigation_node_three' build argument 'cmake_target_skip_unavailable' from command line to 'False'
[18.320s] [34mcolcon.colcon_core.verb[0m [1;30mLevel 5[0m set package 'navigation_node_three' build argument 'cmake_clean_cache' from command line to 'False'
[18.320s] [34mcolcon.colcon_core.verb[0m [1;30mLevel 5[0m set package 'navigation_node_three' build argument 'cmake_clean_first' from command line to 'False'
[18.320s] [34mcolcon.colcon_core.verb[0m [1;30mLevel 5[0m set package 'navigation_node_three' build argument 'cmake_force_configure' from command line to 'False'
[18.320s] [34mcolcon.colcon_core.verb[0m [1;30mLevel 5[0m set package 'navigation_node_three' build argument 'ament_cmake_args' from command line to 'None'
[18.320s] [34mcolcon.colcon_core.verb[0m [1;30mLevel 5[0m set package 'navigation_node_three' build argument 'catkin_cmake_args' from command line to 'None'
[18.320s] [34mcolcon.colcon_core.verb[0m [1;30mLevel 5[0m set package 'navigation_node_three' build argument 'catkin_skip_building_tests' from command line to 'False'
[18.320s] [34mcolcon.colcon_core.verb[0m [1;30mDEBUG[0m [32mBuilding package 'navigation_node_three' with the following arguments: {'ament_cmake_args': None, 'build_base': '/home/unitree/106a_final/build/navigation_node_three', 'catkin_cmake_args': None, 'catkin_skip_building_tests': False, 'cmake_args': None, 'cmake_clean_cache': False, 'cmake_clean_first': False, 'cmake_force_configure': False, 'cmake_target': None, 'cmake_target_skip_unavailable': False, 'install_base': '/home/unitree/106a_final/install/navigation_node_three', 'merge_install': False, 'path': '/home/unitree/106a_final/src/navigation_node_three', 'symlink_install': False, 'test_result_base': None}[0m
[18.597s] [34mcolcon.colcon_core.verb[0m [1;30mLevel 5[0m set package 'navigation_node_two' build argument 'cmake_args' from command line to 'None'
[18.598s] [34mcolcon.colcon_core.verb[0m [1;30mLevel 5[0m set package 'navigation_node_two' build argument 'cmake_target' from command line to 'None'
[18.598s] [34mcolcon.colcon_core.verb[0m [1;30mLevel 5[0m set package 'navigation_node_two' build argument 'cmake_target_skip_unavailable' from command line to 'False'
[18.598s] [34mcolcon.colcon_core.verb[0m [1;30mLevel 5[0m set package 'navigation_node_two' build argument 'cmake_clean_cache' from command line to 'False'
[18.598s] [34mcolcon.colcon_core.verb[0m [1;30mLevel 5[0m set package 'navigation_node_two' build argument 'cmake_clean_first' from command line to 'False'
[18.598s] [34mcolcon.colcon_core.verb[0m [1;30mLevel 5[0m set package 'navigation_node_two' build argument 'cmake_force_configure' from command line to 'False'
[18.599s] [34mcolcon.colcon_core.verb[0m [1;30mLevel 5[0m set package 'navigation_node_two' build argument 'ament_cmake_args' from command line to 'None'
[18.599s] [34mcolcon.colcon_core.verb[0m [1;30mLevel 5[0m set package 'navigation_node_two' build argument 'catkin_cmake_args' from command line to 'None'
[18.599s] [34mcolcon.colcon_core.verb[0m [1;30mLevel 5[0m set package 'navigation_node_two' build argument 'catkin_skip_building_tests' from command line to 'False'
[18.599s] [34mcolcon.colcon_core.verb[0m [1;30mDEBUG[0m [32mBuilding package 'navigation_node_two' with the following arguments: {'ament_cmake_args': None, 'build_base': '/home/unitree/106a_final/build/navigation_node_two', 'catkin_cmake_args': None, 'catkin_skip_building_tests': False, 'cmake_args': None, 'cmake_clean_cache': False, 'cmake_clean_first': False, 'cmake_force_configure': False, 'cmake_target': None, 'cmake_target_skip_unavailable': False, 'install_base': '/home/unitree/106a_final/install/navigation_node_two', 'merge_install': False, 'path': '/home/unitree/106a_final/src/navigation_node_two', 'symlink_install': False, 'test_result_base': None}[0m
[18.926s] [34mcolcon.colcon_core.verb[0m [1;30mLevel 5[0m set package 'navigation_return_node' build argument 'cmake_args' from command line to 'None'
[18.927s] [34mcolcon.colcon_core.verb[0m [1;30mLevel 5[0m set package 'navigation_return_node' build argument 'cmake_target' from command line to 'None'
[18.927s] [34mcolcon.colcon_core.verb[0m [1;30mLevel 5[0m set package 'navigation_return_node' build argument 'cmake_target_skip_unavailable' from command line to 'False'
[18.927s] [34mcolcon.colcon_core.verb[0m [1;30mLevel 5[0m set package 'navigation_return_node' build argument 'cmake_clean_cache' from command line to 'False'
[18.927s] [34mcolcon.colcon_core.verb[0m [1;30mLevel 5[0m set package 'navigation_return_node' build argument 'cmake_clean_first' from command line to 'False'
[18.927s] [34mcolcon.colcon_core.verb[0m [1;30mLevel 5[0m set package 'navigation_return_node' build argument 'cmake_force_configure' from command line to 'False'
[18.927s] [34mcolcon.colcon_core.verb[0m [1;30mLevel 5[0m set package 'navigation_return_node' build argument 'ament_cmake_args' from command line to 'None'
[18.927s] [34mcolcon.colcon_core.verb[0m [1;30mLevel 5[0m set package 'navigation_return_node' build argument 'catkin_cmake_args' from command line to 'None'
[18.927s] [34mcolcon.colcon_core.verb[0m [1;30mLevel 5[0m set package 'navigation_return_node' build argument 'catkin_skip_building_tests' from command line to 'False'
[18.927s] [34mcolcon.colcon_core.verb[0m [1;30mDEBUG[0m [32mBuilding package 'navigation_return_node' with the following arguments: {'ament_cmake_args': None, 'build_base': '/home/unitree/106a_final/build/navigation_return_node', 'catkin_cmake_args': None, 'catkin_skip_building_tests': False, 'cmake_args': None, 'cmake_clean_cache': False, 'cmake_clean_first': False, 'cmake_force_configure': False, 'cmake_target': None, 'cmake_target_skip_unavailable': False, 'install_base': '/home/unitree/106a_final/install/navigation_return_node', 'merge_install': False, 'path': '/home/unitree/106a_final/src/navigation_return_node', 'symlink_install': False, 'test_result_base': None}[0m
[19.221s] [34mcolcon.colcon_core.verb[0m [1;30mLevel 5[0m set package 'vision_node' build argument 'cmake_args' from command line to 'None'
[19.221s] [34mcolcon.colcon_core.verb[0m [1;30mLevel 5[0m set package 'vision_node' build argument 'cmake_target' from command line to 'None'
[19.221s] [34mcolcon.colcon_core.verb[0m [1;30mLevel 5[0m set package 'vision_node' build argument 'cmake_target_skip_unavailable' from command line to 'False'
[19.221s] [34mcolcon.colcon_core.verb[0m [1;30mLevel 5[0m set package 'vision_node' build argument 'cmake_clean_cache' from command line to 'False'
[19.221s] [34mcolcon.colcon_core.verb[0m [1;30mLevel 5[0m set package 'vision_node' build argument 'cmake_clean_first' from command line to 'False'
[19.221s] [34mcolcon.colcon_core.verb[0m [1;30mLevel 5[0m set package 'vision_node' build argument 'cmake_force_configure' from command line to 'False'
[19.222s] [34mcolcon.colcon_core.verb[0m [1;30mLevel 5[0m set package 'vision_node' build argument 'ament_cmake_args' from command line to 'None'
[19.222s] [34mcolcon.colcon_core.verb[0m [1;30mLevel 5[0m set package 'vision_node' build argument 'catkin_cmake_args' from command line to 'None'
[19.222s] [34mcolcon.colcon_core.verb[0m [1;30mLevel 5[0m set package 'vision_node' build argument 'catkin_skip_building_tests' from command line to 'False'
[19.222s] [34mcolcon.colcon_core.verb[0m [1;30mDEBUG[0m [32mBuilding package 'vision_node' with the following arguments: {'ament_cmake_args': None, 'build_base': '/home/unitree/106a_final/build/vision_node', 'catkin_cmake_args': None, 'catkin_skip_building_tests': False, 'cmake_args': None, 'cmake_clean_cache': False, 'cmake_clean_first': False, 'cmake_force_configure': False, 'cmake_target': None, 'cmake_target_skip_unavailable': False, 'install_base': '/home/unitree/106a_final/install/vision_node', 'merge_install': False, 'path': '/home/unitree/106a_final/src/vision_node', 'symlink_install': False, 'test_result_base': None}[0m
[19.344s] [34mcolcon.colcon_core.verb[0m [1;30mLevel 5[0m set package 'go2_bringup' build argument 'cmake_args' from command line to 'None'
[19.344s] [34mcolcon.colcon_core.verb[0m [1;30mLevel 5[0m set package 'go2_bringup' build argument 'cmake_target' from command line to 'None'
[19.344s] [34mcolcon.colcon_core.verb[0m [1;30mLevel 5[0m set package 'go2_bringup' build argument 'cmake_target_skip_unavailable' from command line to 'False'
[19.344s] [34mcolcon.colcon_core.verb[0m [1;30mLevel 5[0m set package 'go2_bringup' build argument 'cmake_clean_cache' from command line to 'False'
[19.344s] [34mcolcon.colcon_core.verb[0m [1;30mLevel 5[0m set package 'go2_bringup' build argument 'cmake_clean_first' from command line to 'False'
[19.344s] [34mcolcon.colcon_core.verb[0m [1;30mLevel 5[0m set package 'go2_bringup' build argument 'cmake_force_configure' from command line to 'False'
[19.344s] [34mcolcon.colcon_core.verb[0m [1;30mLevel 5[0m set package 'go2_bringup' build argument 'ament_cmake_args' from command line to 'None'
[19.344s] [34mcolcon.colcon_core.verb[0m [1;30mLevel 5[0m set package 'go2_bringup' build argument 'catkin_cmake_args' from command line to 'None'
[19.345s] [34mcolcon.colcon_core.verb[0m [1;30mLevel 5[0m set package 'go2_bringup' build argument 'catkin_skip_building_tests' from command line to 'False'
[19.345s] [34mcolcon.colcon_core.verb[0m [1;30mDEBUG[0m [32mBuilding package 'go2_bringup' with the following arguments: {'ament_cmake_args': None, 'build_base': '/home/unitree/106a_final/build/go2_bringup', 'catkin_cmake_args': None, 'catkin_skip_building_tests': False, 'cmake_args': None, 'cmake_clean_cache': False, 'cmake_clean_first': False, 'cmake_force_configure': False, 'cmake_target': None, 'cmake_target_skip_unavailable': False, 'install_base': '/home/unitree/106a_final/install/go2_bringup', 'merge_install': False, 'path': '/home/unitree/106a_final/src/go2_bringup', 'symlink_install': False, 'test_result_base': None}[0m
[19.599s] [34mcolcon.colcon_core.executor[0m [1;30mINFO[0m Executing jobs using 'parallel' executor
[19.823s] [34mcolcon.colcon_parallel_executor.executor.parallel[0m [1;30mDEBUG[0m [32mrun_until_complete[0m
[19.825s] [34mcolcon.colcon_ros.task.ament_python.build[0m [1;30mINFO[0m Building ROS package in '/home/unitree/106a_final/src/arm_control' with build type 'ament_python'
[19.825s] [34mcolcon.colcon_core.shell[0m [1;30mLevel 1[0m create_environment_hook('arm_control', 'ament_prefix_path')
[20.127s] [34mcolcon.colcon_core.plugin_system[0m [1;30mINFO[0m Skipping extension 'colcon_core.shell.bat': Not used on non-Windows systems
[20.131s] [34mcolcon.colcon_core.shell[0m [1;30mINFO[0m Creating environment hook '/home/unitree/106a_final/install/arm_control/share/arm_control/hook/ament_prefix_path.ps1'
[20.137s] [34mcolcon.colcon_core.shell[0m [1;30mINFO[0m Creating environment descriptor '/home/unitree/106a_final/install/arm_control/share/arm_control/hook/ament_prefix_path.dsv'
[20.145s] [34mcolcon.colcon_core.shell[0m [1;30mINFO[0m Creating environment hook '/home/unitree/106a_final/install/arm_control/share/arm_control/hook/ament_prefix_path.sh'
[20.469s] [34mcolcon.colcon_core.shell[0m [1;30mINFO[0m Skip shell extension 'powershell' for command environment: Not usable outside of PowerShell
[20.469s] [34mcolcon.colcon_core.shell[0m [1;30mDEBUG[0m [32mSkip shell extension 'dsv' for command environment[0m
[21.917s] [34mcolcon.colcon_ros.task.ament_cmake.build[0m [1;30mINFO[0m Building ROS package in '/home/unitree/106a_final/src/arm_driver' with build type 'ament_cmake'
[21.923s] [34mcolcon.colcon_cmake.task.cmake.build[0m [1;30mINFO[0m Building CMake package in '/home/unitree/106a_final/src/arm_driver'
[22.304s] [34mcolcon.colcon_core.shell[0m [1;30mINFO[0m Skip shell extension 'powershell' for command environment: Not usable outside of PowerShell
[22.304s] [34mcolcon.colcon_core.shell[0m [1;30mDEBUG[0m [32mSkip shell extension 'dsv' for command environment[0m
[23.289s] [34mcolcon.colcon_ros.task.ament_python.build[0m [1;30mINFO[0m Building ROS package in '/home/unitree/106a_final/src/aruco_node' with build type 'ament_python'
[23.291s] [34mcolcon.colcon_core.shell[0m [1;30mLevel 1[0m create_environment_hook('aruco_node', 'ament_prefix_path')
[23.525s] [34mcolcon.colcon_core.shell[0m [1;30mINFO[0m Creating environment hook '/home/unitree/106a_final/install/aruco_node/share/aruco_node/hook/ament_prefix_path.ps1'
[23.527s] [34mcolcon.colcon_core.shell[0m [1;30mINFO[0m Creating environment descriptor '/home/unitree/106a_final/install/aruco_node/share/aruco_node/hook/ament_prefix_path.dsv'
[23.531s] [34mcolcon.colcon_core.shell[0m [1;30mINFO[0m Creating environment hook '/home/unitree/106a_final/install/aruco_node/share/aruco_node/hook/ament_prefix_path.sh'
[23.716s] [34mcolcon.colcon_core.shell[0m [1;30mINFO[0m Skip shell extension 'powershell' for command environment: Not usable outside of PowerShell
[23.717s] [34mcolcon.colcon_core.shell[0m [1;30mDEBUG[0m [32mSkip shell extension 'dsv' for command environment[0m
[24.833s] [34mcolcon.colcon_ros.task.ament_cmake.build[0m [1;30mINFO[0m Building ROS package in '/home/unitree/106a_final/src/base_driver' with build type 'ament_cmake'
[24.838s] [34mcolcon.colcon_cmake.task.cmake.build[0m [1;30mINFO[0m Building CMake package in '/home/unitree/106a_final/src/base_driver'
[25.086s] [34mcolcon.colcon_core.shell[0m [1;30mINFO[0m Skip shell extension 'powershell' for command environment: Not usable outside of PowerShell
[25.086s] [34mcolcon.colcon_core.shell[0m [1;30mDEBUG[0m [32mSkip shell extension 'dsv' for command environment[0m
[27.190s] [34mcolcon.colcon_core.task.python.build[0m [1;30mINFO[0m Building Python package in '/home/unitree/106a_final/src/arm_control'
[27.551s] [34mcolcon.colcon_core.shell[0m [1;30mINFO[0m Skip shell extension 'powershell' for command environment: Not usable outside of PowerShell
[27.554s] [34mcolcon.colcon_core.shell[0m [1;30mDEBUG[0m [32mSkip shell extension 'dsv' for command environment[0m
[28.520s] [34mcolcon.colcon_core.event_handler.log_command[0m [1;30mDEBUG[0m [32mInvoking command in '/home/unitree/106a_final/build/arm_driver': CMAKE_PREFIX_PATH=${CMAKE_PREFIX_PATH}:/home/unitree/106a_final/install/go2_bringup:/home/unitree/106a_final/install/vision_node:/home/unitree/106a_final/install/navigation_return_node:/home/unitree/106a_final/install/navigation_node_two:/home/unitree/106a_final/install/navigation_node_three:/home/unitree/106a_final/install/navigation_node:/home/unitree/106a_final/install/navigatigation_node_three:/home/unitree/106a_final/install/aruco_node:/home/unitree/106a_final/install/arm_control:/opt/ros/foxy /usr/bin/cmake --build /home/unitree/106a_final/build/arm_driver -- -j4 -l4[0m
[30.592s] [34mcolcon.colcon_core.task.python.build[0m [1;30mINFO[0m Building Python package in '/home/unitree/106a_final/src/aruco_node'
[30.767s] [34mcolcon.colcon_core.shell[0m [1;30mINFO[0m Skip shell extension 'powershell' for command environment: Not usable outside of PowerShell
[30.767s] [34mcolcon.colcon_core.shell[0m [1;30mDEBUG[0m [32mSkip shell extension 'dsv' for command environment[0m
[32.007s] [34mcolcon.colcon_core.event_handler.log_command[0m [1;30mDEBUG[0m [32mInvoking command in '/home/unitree/106a_final/build/base_driver': CMAKE_PREFIX_PATH=${CMAKE_PREFIX_PATH}:/home/unitree/106a_final/install/go2_bringup:/home/unitree/106a_final/install/vision_node:/home/unitree/106a_final/install/navigation_return_node:/home/unitree/106a_final/install/navigation_node_two:/home/unitree/106a_final/install/navigation_node_three:/home/unitree/106a_final/install/navigation_node:/home/unitree/106a_final/install/navigatigation_node_three:/home/unitree/106a_final/install/aruco_node:/home/unitree/106a_final/install/arm_control:/opt/ros/foxy /usr/bin/cmake --build /home/unitree/106a_final/build/base_driver -- -j4 -l4[0m
[32.067s] [34mcolcon.colcon_core.event_handler.log_command[0m [1;30mDEBUG[0m [32mInvoked command in '/home/unitree/106a_final/build/arm_driver' returned '0': CMAKE_PREFIX_PATH=${CMAKE_PREFIX_PATH}:/home/unitree/106a_final/install/go2_bringup:/home/unitree/106a_final/install/vision_node:/home/unitree/106a_final/install/navigation_return_node:/home/unitree/106a_final/install/navigation_node_two:/home/unitree/106a_final/install/navigation_node_three:/home/unitree/106a_final/install/navigation_node:/home/unitree/106a_final/install/navigatigation_node_three:/home/unitree/106a_final/install/aruco_node:/home/unitree/106a_final/install/arm_control:/opt/ros/foxy /usr/bin/cmake --build /home/unitree/106a_final/build/arm_driver -- -j4 -l4[0m
[32.158s] [34mcolcon.colcon_core.event_handler.log_command[0m [1;30mDEBUG[0m [32mInvoking command in '/home/unitree/106a_final/build/arm_driver': CMAKE_PREFIX_PATH=${CMAKE_PREFIX_PATH}:/home/unitree/106a_final/install/go2_bringup:/home/unitree/106a_final/install/vision_node:/home/unitree/106a_final/install/navigation_return_node:/home/unitree/106a_final/install/navigation_node_two:/home/unitree/106a_final/install/navigation_node_three:/home/unitree/106a_final/install/navigation_node:/home/unitree/106a_final/install/navigatigation_node_three:/home/unitree/106a_final/install/aruco_node:/home/unitree/106a_final/install/arm_control:/opt/ros/foxy /usr/bin/cmake --install /home/unitree/106a_final/build/arm_driver[0m
[32.338s] [34mcolcon.colcon_core.environment[0m [1;30mLevel 1[0m create_environment_scripts_only(arm_driver)
[32.339s] [34mcolcon.colcon_core.event_handler.log_command[0m [1;30mDEBUG[0m [32mInvoked command in '/home/unitree/106a_final/build/arm_driver' returned '0': CMAKE_PREFIX_PATH=${CMAKE_PREFIX_PATH}:/home/unitree/106a_final/install/go2_bringup:/home/unitree/106a_final/install/vision_node:/home/unitree/106a_final/install/navigation_return_node:/home/unitree/106a_final/install/navigation_node_two:/home/unitree/106a_final/install/navigation_node_three:/home/unitree/106a_final/install/navigation_node:/home/unitree/106a_final/install/navigatigation_node_three:/home/unitree/106a_final/install/aruco_node:/home/unitree/106a_final/install/arm_control:/opt/ros/foxy /usr/bin/cmake --install /home/unitree/106a_final/build/arm_driver[0m
[32.827s] [34mcolcon.colcon_core.environment[0m [1;30mLevel 1[0m checking '/home/unitree/106a_final/install/arm_driver' for CMake module files
[32.828s] [34mcolcon.colcon_core.environment[0m [1;30mLevel 1[0m checking '/home/unitree/106a_final/install/arm_driver' for CMake config files
[32.829s] [34mcolcon.colcon_core.shell[0m [1;30mLevel 1[0m create_environment_hook('arm_driver', 'cmake_prefix_path')
[32.961s] [34mcolcon.colcon_core.shell[0m [1;30mINFO[0m Creating environment hook '/home/unitree/106a_final/install/arm_driver/share/arm_driver/hook/cmake_prefix_path.ps1'
[32.962s] [34mcolcon.colcon_core.shell[0m [1;30mINFO[0m Creating environment descriptor '/home/unitree/106a_final/install/arm_driver/share/arm_driver/hook/cmake_prefix_path.dsv'
[32.963s] [34mcolcon.colcon_core.shell[0m [1;30mINFO[0m Creating environment hook '/home/unitree/106a_final/install/arm_driver/share/arm_driver/hook/cmake_prefix_path.sh'
[32.965s] [34mcolcon.colcon_core.environment[0m [1;30mLevel 1[0m checking '/home/unitree/106a_final/install/arm_driver/lib'
[32.965s] [34mcolcon.colcon_core.environment[0m [1;30mLevel 1[0m checking '/home/unitree/106a_final/install/arm_driver/bin'
[32.965s] [34mcolcon.colcon_core.environment[0m [1;30mLevel 1[0m checking '/home/unitree/106a_final/install/arm_driver/lib/pkgconfig/arm_driver.pc'
[32.966s] [34mcolcon.colcon_core.environment[0m [1;30mLevel 1[0m checking '/home/unitree/106a_final/install/arm_driver/lib/python3.8/site-packages'
[33.015s] [34mcolcon.colcon_core.environment[0m [1;30mLevel 1[0m checking '/home/unitree/106a_final/install/arm_driver/bin'
[33.162s] [34mcolcon.colcon_core.shell[0m [1;30mINFO[0m Creating package script '/home/unitree/106a_final/install/arm_driver/share/arm_driver/package.ps1'
[33.186s] [34mcolcon.colcon_core.shell[0m [1;30mINFO[0m Creating package descriptor '/home/unitree/106a_final/install/arm_driver/share/arm_driver/package.dsv'
[33.188s] [34mcolcon.colcon_core.shell[0m [1;30mINFO[0m Creating package script '/home/unitree/106a_final/install/arm_driver/share/arm_driver/package.sh'
[33.197s] [34mcolcon.colcon_core.shell[0m [1;30mINFO[0m Creating package script '/home/unitree/106a_final/install/arm_driver/share/arm_driver/package.bash'
[33.214s] [34mcolcon.colcon_core.shell[0m [1;30mINFO[0m Creating package script '/home/unitree/106a_final/install/arm_driver/share/arm_driver/package.zsh'
[33.226s] [34mcolcon.colcon_core.environment[0m [1;30mLevel 1[0m create_file_with_runtime_dependencies(/home/unitree/106a_final/install/arm_driver/share/colcon-core/packages/arm_driver)
[33.429s] [34mcolcon.colcon_core.environment[0m [1;30mLevel 1[0m create_environment_scripts_only(arm_driver)
[33.575s] [34mcolcon.colcon_core.environment[0m [1;30mLevel 1[0m checking '/home/unitree/106a_final/install/arm_driver' for CMake module files
[33.576s] [34mcolcon.colcon_core.environment[0m [1;30mLevel 1[0m checking '/home/unitree/106a_final/install/arm_driver' for CMake config files
[33.577s] [34mcolcon.colcon_core.shell[0m [1;30mLevel 1[0m create_environment_hook('arm_driver', 'cmake_prefix_path')
[34.203s] [34mcolcon.colcon_core.shell[0m [1;30mINFO[0m Creating environment hook '/home/unitree/106a_final/install/arm_driver/share/arm_driver/hook/cmake_prefix_path.ps1'
[34.208s] [34mcolcon.colcon_core.shell[0m [1;30mINFO[0m Creating environment descriptor '/home/unitree/106a_final/install/arm_driver/share/arm_driver/hook/cmake_prefix_path.dsv'
[34.216s] [34mcolcon.colcon_core.shell[0m [1;30mINFO[0m Creating environment hook '/home/unitree/106a_final/install/arm_driver/share/arm_driver/hook/cmake_prefix_path.sh'
[34.219s] [34mcolcon.colcon_core.environment[0m [1;30mLevel 1[0m checking '/home/unitree/106a_final/install/arm_driver/lib'
[34.219s] [34mcolcon.colcon_core.environment[0m [1;30mLevel 1[0m checking '/home/unitree/106a_final/install/arm_driver/bin'
[34.219s] [34mcolcon.colcon_core.environment[0m [1;30mLevel 1[0m checking '/home/unitree/106a_final/install/arm_driver/lib/pkgconfig/arm_driver.pc'
[34.220s] [34mcolcon.colcon_core.environment[0m [1;30mLevel 1[0m checking '/home/unitree/106a_final/install/arm_driver/lib/python3.8/site-packages'
[34.220s] [34mcolcon.colcon_core.environment[0m [1;30mLevel 1[0m checking '/home/unitree/106a_final/install/arm_driver/bin'
[34.609s] [34mcolcon.colcon_core.shell[0m [1;30mINFO[0m Creating package script '/home/unitree/106a_final/install/arm_driver/share/arm_driver/package.ps1'
[34.637s] [34mcolcon.colcon_core.shell[0m [1;30mINFO[0m Creating package descriptor '/home/unitree/106a_final/install/arm_driver/share/arm_driver/package.dsv'
[34.655s] [34mcolcon.colcon_core.shell[0m [1;30mINFO[0m Creating package script '/home/unitree/106a_final/install/arm_driver/share/arm_driver/package.sh'
[34.661s] [34mcolcon.colcon_core.shell[0m [1;30mINFO[0m Creating package script '/home/unitree/106a_final/install/arm_driver/share/arm_driver/package.bash'
[34.678s] [34mcolcon.colcon_core.shell[0m [1;30mINFO[0m Creating package script '/home/unitree/106a_final/install/arm_driver/share/arm_driver/package.zsh'
[34.682s] [34mcolcon.colcon_core.environment[0m [1;30mLevel 1[0m create_file_with_runtime_dependencies(/home/unitree/106a_final/install/arm_driver/share/colcon-core/packages/arm_driver)
[34.694s] [34mcolcon.colcon_ros.task.ament_python.build[0m [1;30mINFO[0m Building ROS package in '/home/unitree/106a_final/src/navigation_node_three' with build type 'ament_python'
[34.719s] [34mcolcon.colcon_core.shell[0m [1;30mLevel 1[0m create_environment_hook('navigation_node_three', 'ament_prefix_path')
[34.959s] [34mcolcon.colcon_core.shell[0m [1;30mINFO[0m Creating environment hook '/home/unitree/106a_final/install/navigation_node_three/share/navigation_node_three/hook/ament_prefix_path.ps1'
[34.963s] [34mcolcon.colcon_core.shell[0m [1;30mINFO[0m Creating environment descriptor '/home/unitree/106a_final/install/navigation_node_three/share/navigation_node_three/hook/ament_prefix_path.dsv'
[34.971s] [34mcolcon.colcon_core.shell[0m [1;30mINFO[0m Creating environment hook '/home/unitree/106a_final/install/navigation_node_three/share/navigation_node_three/hook/ament_prefix_path.sh'
[35.635s] [34mcolcon.colcon_core.shell[0m [1;30mINFO[0m Skip shell extension 'powershell' for command environment: Not usable outside of PowerShell
[35.635s] [34mcolcon.colcon_core.shell[0m [1;30mDEBUG[0m [32mSkip shell extension 'dsv' for command environment[0m
[36.457s] [34mcolcon.colcon_core.event_handler.log_command[0m [1;30mDEBUG[0m [32mInvoked command in '/home/unitree/106a_final/build/base_driver' returned '0': CMAKE_PREFIX_PATH=${CMAKE_PREFIX_PATH}:/home/unitree/106a_final/install/go2_bringup:/home/unitree/106a_final/install/vision_node:/home/unitree/106a_final/install/navigation_return_node:/home/unitree/106a_final/install/navigation_node_two:/home/unitree/106a_final/install/navigation_node_three:/home/unitree/106a_final/install/navigation_node:/home/unitree/106a_final/install/navigatigation_node_three:/home/unitree/106a_final/install/aruco_node:/home/unitree/106a_final/install/arm_control:/opt/ros/foxy /usr/bin/cmake --build /home/unitree/106a_final/build/base_driver -- -j4 -l4[0m
[36.468s] [34mcolcon.colcon_core.event_handler.log_command[0m [1;30mDEBUG[0m [32mInvoking command in '/home/unitree/106a_final/build/base_driver': CMAKE_PREFIX_PATH=${CMAKE_PREFIX_PATH}:/home/unitree/106a_final/install/go2_bringup:/home/unitree/106a_final/install/vision_node:/home/unitree/106a_final/install/navigation_return_node:/home/unitree/106a_final/install/navigation_node_two:/home/unitree/106a_final/install/navigation_node_three:/home/unitree/106a_final/install/navigation_node:/home/unitree/106a_final/install/navigatigation_node_three:/home/unitree/106a_final/install/aruco_node:/home/unitree/106a_final/install/arm_control:/opt/ros/foxy /usr/bin/cmake --install /home/unitree/106a_final/build/base_driver[0m
[36.487s] [34mcolcon.colcon_core.event_handler.log_command[0m [1;30mDEBUG[0m [32mInvoking command in '/home/unitree/106a_final/src/arm_control': PYTHONPATH=/home/unitree/106a_final/build/arm_control/prefix_override:/home/unitree/106a_final/install/arm_control/lib/python3.8/site-packages:${PYTHONPATH} /usr/bin/python3 setup.py egg_info --egg-base ../../build/arm_control build --build-base /home/unitree/106a_final/build/arm_control/build install --record /home/unitree/106a_final/build/arm_control/install.log --install-scripts $base/lib/arm_control --single-version-externally-managed[0m
[36.547s] [34mcolcon.colcon_core.event_handler.log_command[0m [1;30mDEBUG[0m [32mInvoking command in '/home/unitree/106a_final/src/aruco_node': PYTHONPATH=/home/unitree/106a_final/build/aruco_node/prefix_override:/home/unitree/106a_final/install/aruco_node/lib/python3.8/site-packages:${PYTHONPATH} /usr/bin/python3 setup.py egg_info --egg-base ../../build/aruco_node build --build-base /home/unitree/106a_final/build/aruco_node/build install --record /home/unitree/106a_final/build/aruco_node/install.log --single-version-externally-managed[0m
[38.139s] [34mcolcon.colcon_core.task.python.build[0m [1;30mINFO[0m Building Python package in '/home/unitree/106a_final/src/navigation_node_three'
[38.317s] [34mcolcon.colcon_core.shell[0m [1;30mINFO[0m Skip shell extension 'powershell' for command environment: Not usable outside of PowerShell
[38.318s] [34mcolcon.colcon_core.shell[0m [1;30mDEBUG[0m [32mSkip shell extension 'dsv' for command environment[0m
[39.229s] [34mcolcon.colcon_core.event_handler.log_command[0m [1;30mDEBUG[0m [32mInvoked command in '/home/unitree/106a_final/src/arm_control' returned '0': PYTHONPATH=/home/unitree/106a_final/build/arm_control/prefix_override:/home/unitree/106a_final/install/arm_control/lib/python3.8/site-packages:${PYTHONPATH} /usr/bin/python3 setup.py egg_info --egg-base ../../build/arm_control build --build-base /home/unitree/106a_final/build/arm_control/build install --record /home/unitree/106a_final/build/arm_control/install.log --install-scripts $base/lib/arm_control --single-version-externally-managed[0m
[39.421s] [34mcolcon.colcon_core.environment[0m [1;30mLevel 1[0m checking '/home/unitree/106a_final/install/arm_control' for CMake module files
[39.423s] [34mcolcon.colcon_core.environment[0m [1;30mLevel 1[0m checking '/home/unitree/106a_final/install/arm_control' for CMake config files
[39.425s] [34mcolcon.colcon_core.environment[0m [1;30mLevel 1[0m checking '/home/unitree/106a_final/install/arm_control/lib'
[39.425s] [34mcolcon.colcon_core.environment[0m [1;30mLevel 1[0m checking '/home/unitree/106a_final/install/arm_control/bin'
[39.425s] [34mcolcon.colcon_core.environment[0m [1;30mLevel 1[0m checking '/home/unitree/106a_final/install/arm_control/lib/pkgconfig/arm_control.pc'
[39.426s] [34mcolcon.colcon_core.environment[0m [1;30mLevel 1[0m checking '/home/unitree/106a_final/install/arm_control/lib/python3.8/site-packages'
[39.426s] [34mcolcon.colcon_core.shell[0m [1;30mLevel 1[0m create_environment_hook('arm_control', 'pythonpath')
[39.586s] [34mcolcon.colcon_core.shell[0m [1;30mINFO[0m Creating environment hook '/home/unitree/106a_final/install/arm_control/share/arm_control/hook/pythonpath.ps1'
[39.590s] [34mcolcon.colcon_core.shell[0m [1;30mINFO[0m Creating environment descriptor '/home/unitree/106a_final/install/arm_control/share/arm_control/hook/pythonpath.dsv'
[39.593s] [34mcolcon.colcon_core.shell[0m [1;30mINFO[0m Creating environment hook '/home/unitree/106a_final/install/arm_control/share/arm_control/hook/pythonpath.sh'
[39.595s] [34mcolcon.colcon_core.environment[0m [1;30mLevel 1[0m checking '/home/unitree/106a_final/install/arm_control/bin'
[39.595s] [34mcolcon.colcon_core.environment[0m [1;30mLevel 1[0m create_environment_scripts_only(arm_control)
[39.713s] [34mcolcon.colcon_core.shell[0m [1;30mINFO[0m Creating package script '/home/unitree/106a_final/install/arm_control/share/arm_control/package.ps1'
[39.715s] [34mcolcon.colcon_core.shell[0m [1;30mINFO[0m Creating package descriptor '/home/unitree/106a_final/install/arm_control/share/arm_control/package.dsv'
[39.716s] [34mcolcon.colcon_core.shell[0m [1;30mINFO[0m Creating package script '/home/unitree/106a_final/install/arm_control/share/arm_control/package.sh'
[39.718s] [34mcolcon.colcon_core.shell[0m [1;30mINFO[0m Creating package script '/home/unitree/106a_final/install/arm_control/share/arm_control/package.bash'
[39.719s] [34mcolcon.colcon_core.shell[0m [1;30mINFO[0m Creating package script '/home/unitree/106a_final/install/arm_control/share/arm_control/package.zsh'
[39.720s] [34mcolcon.colcon_core.environment[0m [1;30mLevel 1[0m create_file_with_runtime_dependencies(/home/unitree/106a_final/install/arm_control/share/colcon-core/packages/arm_control)
[39.720s] [34mcolcon.colcon_core.environment[0m [1;30mLevel 1[0m create_environment_scripts_only(base_driver)
[39.723s] [34mcolcon.colcon_core.event_handler.log_command[0m [1;30mDEBUG[0m [32mInvoked command in '/home/unitree/106a_final/build/base_driver' returned '0': CMAKE_PREFIX_PATH=${CMAKE_PREFIX_PATH}:/home/unitree/106a_final/install/go2_bringup:/home/unitree/106a_final/install/vision_node:/home/unitree/106a_final/install/navigation_return_node:/home/unitree/106a_final/install/navigation_node_two:/home/unitree/106a_final/install/navigation_node_three:/home/unitree/106a_final/install/navigation_node:/home/unitree/106a_final/install/navigatigation_node_three:/home/unitree/106a_final/install/aruco_node:/home/unitree/106a_final/install/arm_control:/opt/ros/foxy /usr/bin/cmake --install /home/unitree/106a_final/build/base_driver[0m
[39.827s] [34mcolcon.colcon_core.environment[0m [1;30mLevel 1[0m checking '/home/unitree/106a_final/install/base_driver' for CMake module files
[39.829s] [34mcolcon.colcon_core.environment[0m [1;30mLevel 1[0m checking '/home/unitree/106a_final/install/base_driver' for CMake config files
[39.830s] [34mcolcon.colcon_core.shell[0m [1;30mLevel 1[0m create_environment_hook('base_driver', 'cmake_prefix_path')
[40.177s] [34mcolcon.colcon_core.shell[0m [1;30mINFO[0m Creating environment hook '/home/unitree/106a_final/install/base_driver/share/base_driver/hook/cmake_prefix_path.ps1'
[40.179s] [34mcolcon.colcon_core.shell[0m [1;30mINFO[0m Creating environment descriptor '/home/unitree/106a_final/install/base_driver/share/base_driver/hook/cmake_prefix_path.dsv'
[40.180s] [34mcolcon.colcon_core.shell[0m [1;30mINFO[0m Creating environment hook '/home/unitree/106a_final/install/base_driver/share/base_driver/hook/cmake_prefix_path.sh'
[40.182s] [34mcolcon.colcon_core.environment[0m [1;30mLevel 1[0m checking '/home/unitree/106a_final/install/base_driver/lib'
[40.182s] [34mcolcon.colcon_core.environment[0m [1;30mLevel 1[0m checking '/home/unitree/106a_final/install/base_driver/bin'
[40.182s] [34mcolcon.colcon_core.environment[0m [1;30mLevel 1[0m checking '/home/unitree/106a_final/install/base_driver/lib/pkgconfig/base_driver.pc'
[40.183s] [34mcolcon.colcon_core.environment[0m [1;30mLevel 1[0m checking '/home/unitree/106a_final/install/base_driver/lib/python3.8/site-packages'
[40.183s] [34mcolcon.colcon_core.environment[0m [1;30mLevel 1[0m checking '/home/unitree/106a_final/install/base_driver/bin'
[40.288s] [34mcolcon.colcon_core.shell[0m [1;30mINFO[0m Creating package script '/home/unitree/106a_final/install/base_driver/share/base_driver/package.ps1'
[40.290s] [34mcolcon.colcon_core.shell[0m [1;30mINFO[0m Creating package descriptor '/home/unitree/106a_final/install/base_driver/share/base_driver/package.dsv'
[40.291s] [34mcolcon.colcon_core.shell[0m [1;30mINFO[0m Creating package script '/home/unitree/106a_final/install/base_driver/share/base_driver/package.sh'
[40.292s] [34mcolcon.colcon_core.shell[0m [1;30mINFO[0m Creating package script '/home/unitree/106a_final/install/base_driver/share/base_driver/package.bash'
[40.293s] [34mcolcon.colcon_core.shell[0m [1;30mINFO[0m Creating package script '/home/unitree/106a_final/install/base_driver/share/base_driver/package.zsh'
[40.294s] [34mcolcon.colcon_core.environment[0m [1;30mLevel 1[0m create_file_with_runtime_dependencies(/home/unitree/106a_final/install/base_driver/share/colcon-core/packages/base_driver)
[40.445s] [34mcolcon.colcon_core.environment[0m [1;30mLevel 1[0m create_environment_scripts_only(base_driver)
[40.547s] [34mcolcon.colcon_core.environment[0m [1;30mLevel 1[0m checking '/home/unitree/106a_final/install/base_driver' for CMake module files
[40.548s] [34mcolcon.colcon_core.environment[0m [1;30mLevel 1[0m checking '/home/unitree/106a_final/install/base_driver' for CMake config files
[40.549s] [34mcolcon.colcon_core.shell[0m [1;30mLevel 1[0m create_environment_hook('base_driver', 'cmake_prefix_path')
[40.821s] [34mcolcon.colcon_core.shell[0m [1;30mINFO[0m Creating environment hook '/home/unitree/106a_final/install/base_driver/share/base_driver/hook/cmake_prefix_path.ps1'
[40.824s] [34mcolcon.colcon_core.shell[0m [1;30mINFO[0m Creating environment descriptor '/home/unitree/106a_final/install/base_driver/share/base_driver/hook/cmake_prefix_path.dsv'
[40.825s] [34mcolcon.colcon_core.shell[0m [1;30mINFO[0m Creating environment hook '/home/unitree/106a_final/install/base_driver/share/base_driver/hook/cmake_prefix_path.sh'
[40.870s] [34mcolcon.colcon_core.environment[0m [1;30mLevel 1[0m checking '/home/unitree/106a_final/install/base_driver/lib'
[40.870s] [34mcolcon.colcon_core.environment[0m [1;30mLevel 1[0m checking '/home/unitree/106a_final/install/base_driver/bin'
[40.870s] [34mcolcon.colcon_core.environment[0m [1;30mLevel 1[0m checking '/home/unitree/106a_final/install/base_driver/lib/pkgconfig/base_driver.pc'
[40.871s] [34mcolcon.colcon_core.environment[0m [1;30mLevel 1[0m checking '/home/unitree/106a_final/install/base_driver/lib/python3.8/site-packages'
[40.871s] [34mcolcon.colcon_core.environment[0m [1;30mLevel 1[0m checking '/home/unitree/106a_final/install/base_driver/bin'
[41.208s] [34mcolcon.colcon_core.shell[0m [1;30mINFO[0m Creating package script '/home/unitree/106a_final/install/base_driver/share/base_driver/package.ps1'
[41.210s] [34mcolcon.colcon_core.shell[0m [1;30mINFO[0m Creating package descriptor '/home/unitree/106a_final/install/base_driver/share/base_driver/package.dsv'
[41.212s] [34mcolcon.colcon_core.shell[0m [1;30mINFO[0m Creating package script '/home/unitree/106a_final/install/base_driver/share/base_driver/package.sh'
[41.213s] [34mcolcon.colcon_core.shell[0m [1;30mINFO[0m Creating package script '/home/unitree/106a_final/install/base_driver/share/base_driver/package.bash'
[41.214s] [34mcolcon.colcon_core.shell[0m [1;30mINFO[0m Creating package script '/home/unitree/106a_final/install/base_driver/share/base_driver/package.zsh'
[41.215s] [34mcolcon.colcon_core.environment[0m [1;30mLevel 1[0m create_file_with_runtime_dependencies(/home/unitree/106a_final/install/base_driver/share/colcon-core/packages/base_driver)
[41.218s] [34mcolcon.colcon_core.event_handler.log_command[0m [1;30mDEBUG[0m [32mInvoked command in '/home/unitree/106a_final/src/aruco_node' returned '0': PYTHONPATH=/home/unitree/106a_final/build/aruco_node/prefix_override:/home/unitree/106a_final/install/aruco_node/lib/python3.8/site-packages:${PYTHONPATH} /usr/bin/python3 setup.py egg_info --egg-base ../../build/aruco_node build --build-base /home/unitree/106a_final/build/aruco_node/build install --record /home/unitree/106a_final/build/aruco_node/install.log --single-version-externally-managed[0m
[41.577s] [34mcolcon.colcon_core.environment[0m [1;30mLevel 1[0m checking '/home/unitree/106a_final/install/aruco_node' for CMake module files
[41.578s] [34mcolcon.colcon_core.environment[0m [1;30mLevel 1[0m checking '/home/unitree/106a_final/install/aruco_node' for CMake config files
[41.580s] [34mcolcon.colcon_core.environment[0m [1;30mLevel 1[0m checking '/home/unitree/106a_final/install/aruco_node/lib'
[41.580s] [34mcolcon.colcon_core.environment[0m [1;30mLevel 1[0m checking '/home/unitree/106a_final/install/aruco_node/bin'
[41.580s] [34mcolcon.colcon_core.environment[0m [1;30mLevel 1[0m checking '/home/unitree/106a_final/install/aruco_node/lib/pkgconfig/aruco_node.pc'
[41.581s] [34mcolcon.colcon_core.environment[0m [1;30mLevel 1[0m checking '/home/unitree/106a_final/install/aruco_node/lib/python3.8/site-packages'
[41.582s] [34mcolcon.colcon_core.shell[0m [1;30mLevel 1[0m create_environment_hook('aruco_node', 'pythonpath')
[42.067s] [34mcolcon.colcon_core.shell[0m [1;30mINFO[0m Creating environment hook '/home/unitree/106a_final/install/aruco_node/share/aruco_node/hook/pythonpath.ps1'
[42.068s] [34mcolcon.colcon_core.shell[0m [1;30mINFO[0m Creating environment descriptor '/home/unitree/106a_final/install/aruco_node/share/aruco_node/hook/pythonpath.dsv'
[42.069s] [34mcolcon.colcon_core.shell[0m [1;30mINFO[0m Creating environment hook '/home/unitree/106a_final/install/aruco_node/share/aruco_node/hook/pythonpath.sh'
[42.070s] [34mcolcon.colcon_core.environment[0m [1;30mLevel 1[0m checking '/home/unitree/106a_final/install/aruco_node/bin'
[42.071s] [34mcolcon.colcon_core.environment[0m [1;30mLevel 1[0m create_environment_scripts_only(aruco_node)
[42.312s] [34mcolcon.colcon_core.shell[0m [1;30mINFO[0m Creating package script '/home/unitree/106a_final/install/aruco_node/share/aruco_node/package.ps1'
[42.315s] [34mcolcon.colcon_core.shell[0m [1;30mINFO[0m Creating package descriptor '/home/unitree/106a_final/install/aruco_node/share/aruco_node/package.dsv'
[42.316s] [34mcolcon.colcon_core.shell[0m [1;30mINFO[0m Creating package script '/home/unitree/106a_final/install/aruco_node/share/aruco_node/package.sh'
[42.317s] [34mcolcon.colcon_core.shell[0m [1;30mINFO[0m Creating package script '/home/unitree/106a_final/install/aruco_node/share/aruco_node/package.bash'
[42.318s] [34mcolcon.colcon_core.shell[0m [1;30mINFO[0m Creating package script '/home/unitree/106a_final/install/aruco_node/share/aruco_node/package.zsh'
[42.320s] [34mcolcon.colcon_core.environment[0m [1;30mLevel 1[0m create_file_with_runtime_dependencies(/home/unitree/106a_final/install/aruco_node/share/colcon-core/packages/aruco_node)
[42.326s] [34mcolcon.colcon_ros.task.ament_python.build[0m [1;30mINFO[0m Building ROS package in '/home/unitree/106a_final/src/navigation_return_node' with build type 'ament_python'
[42.327s] [34mcolcon.colcon_core.shell[0m [1;30mLevel 1[0m create_environment_hook('navigation_return_node', 'ament_prefix_path')
[42.666s] [34mcolcon.colcon_core.shell[0m [1;30mINFO[0m Creating environment hook '/home/unitree/106a_final/install/navigation_return_node/share/navigation_return_node/hook/ament_prefix_path.ps1'
[42.668s] [34mcolcon.colcon_core.shell[0m [1;30mINFO[0m Creating environment descriptor '/home/unitree/106a_final/install/navigation_return_node/share/navigation_return_node/hook/ament_prefix_path.dsv'
[42.669s] [34mcolcon.colcon_core.shell[0m [1;30mINFO[0m Creating environment hook '/home/unitree/106a_final/install/navigation_return_node/share/navigation_return_node/hook/ament_prefix_path.sh'
[42.875s] [34mcolcon.colcon_core.shell[0m [1;30mINFO[0m Skip shell extension 'powershell' for command environment: Not usable outside of PowerShell
[42.875s] [34mcolcon.colcon_core.shell[0m [1;30mDEBUG[0m [32mSkip shell extension 'dsv' for command environment[0m
[44.030s] [34mcolcon.colcon_ros.task.ament_python.build[0m [1;30mINFO[0m Building ROS package in '/home/unitree/106a_final/src/vision_node' with build type 'ament_python'
[44.031s] [34mcolcon.colcon_core.shell[0m [1;30mLevel 1[0m create_environment_hook('vision_node', 'ament_prefix_path')
[44.322s] [34mcolcon.colcon_core.shell[0m [1;30mINFO[0m Creating environment hook '/home/unitree/106a_final/install/vision_node/share/vision_node/hook/ament_prefix_path.ps1'
[44.324s] [34mcolcon.colcon_core.shell[0m [1;30mINFO[0m Creating environment descriptor '/home/unitree/106a_final/install/vision_node/share/vision_node/hook/ament_prefix_path.dsv'
[44.325s] [34mcolcon.colcon_core.shell[0m [1;30mINFO[0m Creating environment hook '/home/unitree/106a_final/install/vision_node/share/vision_node/hook/ament_prefix_path.sh'
[44.711s] [34mcolcon.colcon_core.shell[0m [1;30mINFO[0m Skip shell extension 'powershell' for command environment: Not usable outside of PowerShell
[44.711s] [34mcolcon.colcon_core.shell[0m [1;30mDEBUG[0m [32mSkip shell extension 'dsv' for command environment[0m
[45.837s] [34mcolcon.colcon_ros.task.ament_python.build[0m [1;30mINFO[0m Building ROS package in '/home/unitree/106a_final/src/navigation_node' with build type 'ament_python'
[45.838s] [34mcolcon.colcon_core.shell[0m [1;30mLevel 1[0m create_environment_hook('navigation_node', 'ament_prefix_path')
[46.045s] [34mcolcon.colcon_core.shell[0m [1;30mINFO[0m Creating environment hook '/home/unitree/106a_final/install/navigation_node/share/navigation_node/hook/ament_prefix_path.ps1'
[46.047s] [34mcolcon.colcon_core.shell[0m [1;30mINFO[0m Creating environment descriptor '/home/unitree/106a_final/install/navigation_node/share/navigation_node/hook/ament_prefix_path.dsv'
[46.060s] [34mcolcon.colcon_core.shell[0m [1;30mINFO[0m Creating environment hook '/home/unitree/106a_final/install/navigation_node/share/navigation_node/hook/ament_prefix_path.sh'
[46.528s] [34mcolcon.colcon_core.shell[0m [1;30mINFO[0m Skip shell extension 'powershell' for command environment: Not usable outside of PowerShell
[46.528s] [34mcolcon.colcon_core.shell[0m [1;30mDEBUG[0m [32mSkip shell extension 'dsv' for command environment[0m
[48.980s] [34mcolcon.colcon_core.task.python.build[0m [1;30mINFO[0m Building Python package in '/home/unitree/106a_final/src/navigation_return_node'
[49.114s] [34mcolcon.colcon_core.shell[0m [1;30mINFO[0m Skip shell extension 'powershell' for command environment: Not usable outside of PowerShell
[49.115s] [34mcolcon.colcon_core.shell[0m [1;30mDEBUG[0m [32mSkip shell extension 'dsv' for command environment[0m
[50.575s] [34mcolcon.colcon_core.task.python.build[0m [1;30mINFO[0m Building Python package in '/home/unitree/106a_final/src/vision_node'
[50.957s] [34mcolcon.colcon_core.shell[0m [1;30mINFO[0m Skip shell extension 'powershell' for command environment: Not usable outside of PowerShell
[50.957s] [34mcolcon.colcon_core.shell[0m [1;30mDEBUG[0m [32mSkip shell extension 'dsv' for command environment[0m
[53.195s] [34mcolcon.colcon_core.task.python.build[0m [1;30mINFO[0m Building Python package in '/home/unitree/106a_final/src/navigation_node'
[53.549s] [34mcolcon.colcon_core.shell[0m [1;30mINFO[0m Skip shell extension 'powershell' for command environment: Not usable outside of PowerShell
[53.550s] [34mcolcon.colcon_core.shell[0m [1;30mDEBUG[0m [32mSkip shell extension 'dsv' for command environment[0m
[54.676s] [34mcolcon.colcon_core.event_handler.log_command[0m [1;30mDEBUG[0m [32mInvoking command in '/home/unitree/106a_final/src/navigation_node_three': PYTHONPATH=/home/unitree/106a_final/build/navigation_node_three/prefix_override:/home/unitree/106a_final/install/navigation_node_three/lib/python3.8/site-packages:${PYTHONPATH} /usr/bin/python3 setup.py egg_info --egg-base ../../build/navigation_node_three build --build-base /home/unitree/106a_final/build/navigation_node_three/build install --record /home/unitree/106a_final/build/navigation_node_three/install.log --install-scripts $base/lib/navigation_node_three --single-version-externally-managed[0m
[57.303s] [34mcolcon.colcon_core.event_handler.log_command[0m [1;30mDEBUG[0m [32mInvoked command in '/home/unitree/106a_final/src/navigation_node_three' returned '0': PYTHONPATH=/home/unitree/106a_final/build/navigation_node_three/prefix_override:/home/unitree/106a_final/install/navigation_node_three/lib/python3.8/site-packages:${PYTHONPATH} /usr/bin/python3 setup.py egg_info --egg-base ../../build/navigation_node_three build --build-base /home/unitree/106a_final/build/navigation_node_three/build install --record /home/unitree/106a_final/build/navigation_node_three/install.log --install-scripts $base/lib/navigation_node_three --single-version-externally-managed[0m
[57.614s] [34mcolcon.colcon_core.environment[0m [1;30mLevel 1[0m checking '/home/unitree/106a_final/install/navigation_node_three' for CMake module files
[57.616s] [34mcolcon.colcon_core.environment[0m [1;30mLevel 1[0m checking '/home/unitree/106a_final/install/navigation_node_three' for CMake config files
[57.617s] [34mcolcon.colcon_core.environment[0m [1;30mLevel 1[0m checking '/home/unitree/106a_final/install/navigation_node_three/lib'
[57.623s] [34mcolcon.colcon_core.environment[0m [1;30mLevel 1[0m checking '/home/unitree/106a_final/install/navigation_node_three/bin'
[57.626s] [34mcolcon.colcon_core.environment[0m [1;30mLevel 1[0m checking '/home/unitree/106a_final/install/navigation_node_three/lib/pkgconfig/navigation_node_three.pc'
[57.632s] [34mcolcon.colcon_core.environment[0m [1;30mLevel 1[0m checking '/home/unitree/106a_final/install/navigation_node_three/lib/python3.8/site-packages'
[57.633s] [34mcolcon.colcon_core.shell[0m [1;30mLevel 1[0m create_environment_hook('navigation_node_three', 'pythonpath')
[57.835s] [34mcolcon.colcon_core.shell[0m [1;30mINFO[0m Creating environment hook '/home/unitree/106a_final/install/navigation_node_three/share/navigation_node_three/hook/pythonpath.ps1'
[57.837s] [34mcolcon.colcon_core.shell[0m [1;30mINFO[0m Creating environment descriptor '/home/unitree/106a_final/install/navigation_node_three/share/navigation_node_three/hook/pythonpath.dsv'
[57.851s] [34mcolcon.colcon_core.shell[0m [1;30mINFO[0m Creating environment hook '/home/unitree/106a_final/install/navigation_node_three/share/navigation_node_three/hook/pythonpath.sh'
[57.852s] [34mcolcon.colcon_core.environment[0m [1;30mLevel 1[0m checking '/home/unitree/106a_final/install/navigation_node_three/bin'
[57.852s] [34mcolcon.colcon_core.environment[0m [1;30mLevel 1[0m create_environment_scripts_only(navigation_node_three)
[58.139s] [34mcolcon.colcon_core.shell[0m [1;30mINFO[0m Creating package script '/home/unitree/106a_final/install/navigation_node_three/share/navigation_node_three/package.ps1'
[58.147s] [34mcolcon.colcon_core.shell[0m [1;30mINFO[0m Creating package descriptor '/home/unitree/106a_final/install/navigation_node_three/share/navigation_node_three/package.dsv'
[58.153s] [34mcolcon.colcon_core.shell[0m [1;30mINFO[0m Creating package script '/home/unitree/106a_final/install/navigation_node_three/share/navigation_node_three/package.sh'
[58.155s] [34mcolcon.colcon_core.shell[0m [1;30mINFO[0m Creating package script '/home/unitree/106a_final/install/navigation_node_three/share/navigation_node_three/package.bash'
[58.157s] [34mcolcon.colcon_core.shell[0m [1;30mINFO[0m Creating package script '/home/unitree/106a_final/install/navigation_node_three/share/navigation_node_three/package.zsh'
[58.158s] [34mcolcon.colcon_core.environment[0m [1;30mLevel 1[0m create_file_with_runtime_dependencies(/home/unitree/106a_final/install/navigation_node_three/share/colcon-core/packages/navigation_node_three)
[58.172s] [34mcolcon.colcon_ros.task.ament_python.build[0m [1;30mINFO[0m Building ROS package in '/home/unitree/106a_final/src/navigation_node_two' with build type 'ament_python'
[58.172s] [34mcolcon.colcon_core.shell[0m [1;30mLevel 1[0m create_environment_hook('navigation_node_two', 'ament_prefix_path')
[58.532s] [34mcolcon.colcon_core.shell[0m [1;30mINFO[0m Creating environment hook '/home/unitree/106a_final/install/navigation_node_two/share/navigation_node_two/hook/ament_prefix_path.ps1'
[58.548s] [34mcolcon.colcon_core.shell[0m [1;30mINFO[0m Creating environment descriptor '/home/unitree/106a_final/install/navigation_node_two/share/navigation_node_two/hook/ament_prefix_path.dsv'
[58.551s] [34mcolcon.colcon_core.shell[0m [1;30mINFO[0m Creating environment hook '/home/unitree/106a_final/install/navigation_node_two/share/navigation_node_two/hook/ament_prefix_path.sh'
[58.793s] [34mcolcon.colcon_core.shell[0m [1;30mINFO[0m Skip shell extension 'powershell' for command environment: Not usable outside of PowerShell
[58.793s] [34mcolcon.colcon_core.shell[0m [1;30mDEBUG[0m [32mSkip shell extension 'dsv' for command environment[0m
[59.729s] [34mcolcon.colcon_core.event_handler.log_command[0m [1;30mDEBUG[0m [32mInvoking command in '/home/unitree/106a_final/src/navigation_node': PYTHONPATH=/home/unitree/106a_final/build/navigation_node/prefix_override:/home/unitree/106a_final/install/navigation_node/lib/python3.8/site-packages:${PYTHONPATH} /usr/bin/python3 setup.py egg_info --egg-base ../../build/navigation_node build --build-base /home/unitree/106a_final/build/navigation_node/build install --record /home/unitree/106a_final/build/navigation_node/install.log --install-scripts $base/lib/navigation_node --single-version-externally-managed[0m
[59.769s] [34mcolcon.colcon_core.event_handler.log_command[0m [1;30mDEBUG[0m [32mInvoking command in '/home/unitree/106a_final/src/navigation_return_node': PYTHONPATH=/home/unitree/106a_final/build/navigation_return_node/prefix_override:/home/unitree/106a_final/install/navigation_return_node/lib/python3.8/site-packages:${PYTHONPATH} /usr/bin/python3 setup.py egg_info --egg-base ../../build/navigation_return_node build --build-base /home/unitree/106a_final/build/navigation_return_node/build install --record /home/unitree/106a_final/build/navigation_return_node/install.log --install-scripts $base/lib/navigation_return_node --single-version-externally-managed[0m
[59.807s] [34mcolcon.colcon_core.event_handler.log_command[0m [1;30mDEBUG[0m [32mInvoking command in '/home/unitree/106a_final/src/vision_node': PYTHONPATH=/home/unitree/106a_final/build/vision_node/prefix_override:/home/unitree/106a_final/install/vision_node/lib/python3.8/site-packages:${PYTHONPATH} /usr/bin/python3 setup.py egg_info --egg-base ../../build/vision_node build --build-base /home/unitree/106a_final/build/vision_node/build install --record /home/unitree/106a_final/build/vision_node/install.log --install-scripts $base/lib/vision_node --single-version-externally-managed[0m
[61.828s] [34mcolcon.colcon_core.task.python.build[0m [1;30mINFO[0m Building Python package in '/home/unitree/106a_final/src/navigation_node_two'
[62.377s] [34mcolcon.colcon_core.shell[0m [1;30mINFO[0m Skip shell extension 'powershell' for command environment: Not usable outside of PowerShell
[62.378s] [34mcolcon.colcon_core.shell[0m [1;30mDEBUG[0m [32mSkip shell extension 'dsv' for command environment[0m
[63.404s] [34mcolcon.colcon_core.event_handler.log_command[0m [1;30mDEBUG[0m [32mInvoked command in '/home/unitree/106a_final/src/navigation_node' returned '0': PYTHONPATH=/home/unitree/106a_final/build/navigation_node/prefix_override:/home/unitree/106a_final/install/navigation_node/lib/python3.8/site-packages:${PYTHONPATH} /usr/bin/python3 setup.py egg_info --egg-base ../../build/navigation_node build --build-base /home/unitree/106a_final/build/navigation_node/build install --record /home/unitree/106a_final/build/navigation_node/install.log --install-scripts $base/lib/navigation_node --single-version-externally-managed[0m
[63.637s] [34mcolcon.colcon_core.environment[0m [1;30mLevel 1[0m checking '/home/unitree/106a_final/install/navigation_node' for CMake module files
[63.638s] [34mcolcon.colcon_core.environment[0m [1;30mLevel 1[0m checking '/home/unitree/106a_final/install/navigation_node' for CMake config files
[63.640s] [34mcolcon.colcon_core.environment[0m [1;30mLevel 1[0m checking '/home/unitree/106a_final/install/navigation_node/lib'
[63.640s] [34mcolcon.colcon_core.environment[0m [1;30mLevel 1[0m checking '/home/unitree/106a_final/install/navigation_node/bin'
[63.640s] [34mcolcon.colcon_core.environment[0m [1;30mLevel 1[0m checking '/home/unitree/106a_final/install/navigation_node/lib/pkgconfig/navigation_node.pc'
[63.641s] [34mcolcon.colcon_core.environment[0m [1;30mLevel 1[0m checking '/home/unitree/106a_final/install/navigation_node/lib/python3.8/site-packages'
[63.645s] [34mcolcon.colcon_core.shell[0m [1;30mLevel 1[0m create_environment_hook('navigation_node', 'pythonpath')
[63.916s] [34mcolcon.colcon_core.shell[0m [1;30mINFO[0m Creating environment hook '/home/unitree/106a_final/install/navigation_node/share/navigation_node/hook/pythonpath.ps1'
[63.924s] [34mcolcon.colcon_core.shell[0m [1;30mINFO[0m Creating environment descriptor '/home/unitree/106a_final/install/navigation_node/share/navigation_node/hook/pythonpath.dsv'
[63.925s] [34mcolcon.colcon_core.shell[0m [1;30mINFO[0m Creating environment hook '/home/unitree/106a_final/install/navigation_node/share/navigation_node/hook/pythonpath.sh'
[63.930s] [34mcolcon.colcon_core.environment[0m [1;30mLevel 1[0m checking '/home/unitree/106a_final/install/navigation_node/bin'
[63.931s] [34mcolcon.colcon_core.environment[0m [1;30mLevel 1[0m create_environment_scripts_only(navigation_node)
[64.106s] [34mcolcon.colcon_core.shell[0m [1;30mINFO[0m Creating package script '/home/unitree/106a_final/install/navigation_node/share/navigation_node/package.ps1'
[64.108s] [34mcolcon.colcon_core.shell[0m [1;30mINFO[0m Creating package descriptor '/home/unitree/106a_final/install/navigation_node/share/navigation_node/package.dsv'
[64.109s] [34mcolcon.colcon_core.shell[0m [1;30mINFO[0m Creating package script '/home/unitree/106a_final/install/navigation_node/share/navigation_node/package.sh'
[64.110s] [34mcolcon.colcon_core.shell[0m [1;30mINFO[0m Creating package script '/home/unitree/106a_final/install/navigation_node/share/navigation_node/package.bash'
[64.111s] [34mcolcon.colcon_core.shell[0m [1;30mINFO[0m Creating package script '/home/unitree/106a_final/install/navigation_node/share/navigation_node/package.zsh'
[64.113s] [34mcolcon.colcon_core.environment[0m [1;30mLevel 1[0m create_file_with_runtime_dependencies(/home/unitree/106a_final/install/navigation_node/share/colcon-core/packages/navigation_node)
[64.119s] [34mcolcon.colcon_core.event_handler.log_command[0m [1;30mDEBUG[0m [32mInvoked command in '/home/unitree/106a_final/src/vision_node' returned '0': PYTHONPATH=/home/unitree/106a_final/build/vision_node/prefix_override:/home/unitree/106a_final/install/vision_node/lib/python3.8/site-packages:${PYTHONPATH} /usr/bin/python3 setup.py egg_info --egg-base ../../build/vision_node build --build-base /home/unitree/106a_final/build/vision_node/build install --record /home/unitree/106a_final/build/vision_node/install.log --install-scripts $base/lib/vision_node --single-version-externally-managed[0m
[64.272s] [34mcolcon.colcon_core.environment[0m [1;30mLevel 1[0m checking '/home/unitree/106a_final/install/vision_node' for CMake module files
[64.273s] [34mcolcon.colcon_core.environment[0m [1;30mLevel 1[0m checking '/home/unitree/106a_final/install/vision_node' for CMake config files
[64.276s] [34mcolcon.colcon_core.environment[0m [1;30mLevel 1[0m checking '/home/unitree/106a_final/install/vision_node/lib'
[64.276s] [34mcolcon.colcon_core.environment[0m [1;30mLevel 1[0m checking '/home/unitree/106a_final/install/vision_node/bin'
[64.276s] [34mcolcon.colcon_core.environment[0m [1;30mLevel 1[0m checking '/home/unitree/106a_final/install/vision_node/lib/pkgconfig/vision_node.pc'
[64.277s] [34mcolcon.colcon_core.environment[0m [1;30mLevel 1[0m checking '/home/unitree/106a_final/install/vision_node/lib/python3.8/site-packages'
[64.277s] [34mcolcon.colcon_core.shell[0m [1;30mLevel 1[0m create_environment_hook('vision_node', 'pythonpath')
[64.408s] [34mcolcon.colcon_core.shell[0m [1;30mINFO[0m Creating environment hook '/home/unitree/106a_final/install/vision_node/share/vision_node/hook/pythonpath.ps1'
[64.413s] [34mcolcon.colcon_core.shell[0m [1;30mINFO[0m Creating environment descriptor '/home/unitree/106a_final/install/vision_node/share/vision_node/hook/pythonpath.dsv'
[64.414s] [34mcolcon.colcon_core.shell[0m [1;30mINFO[0m Creating environment hook '/home/unitree/106a_final/install/vision_node/share/vision_node/hook/pythonpath.sh'
[64.415s] [34mcolcon.colcon_core.environment[0m [1;30mLevel 1[0m checking '/home/unitree/106a_final/install/vision_node/bin'
[64.416s] [34mcolcon.colcon_core.environment[0m [1;30mLevel 1[0m create_environment_scripts_only(vision_node)
[64.600s] [34mcolcon.colcon_core.shell[0m [1;30mINFO[0m Creating package script '/home/unitree/106a_final/install/vision_node/share/vision_node/package.ps1'
[64.604s] [34mcolcon.colcon_core.shell[0m [1;30mINFO[0m Creating package descriptor '/home/unitree/106a_final/install/vision_node/share/vision_node/package.dsv'
[64.606s] [34mcolcon.colcon_core.shell[0m [1;30mINFO[0m Creating package script '/home/unitree/106a_final/install/vision_node/share/vision_node/package.sh'
[64.607s] [34mcolcon.colcon_core.shell[0m [1;30mINFO[0m Creating package script '/home/unitree/106a_final/install/vision_node/share/vision_node/package.bash'
[64.609s] [34mcolcon.colcon_core.shell[0m [1;30mINFO[0m Creating package script '/home/unitree/106a_final/install/vision_node/share/vision_node/package.zsh'
[64.611s] [34mcolcon.colcon_core.environment[0m [1;30mLevel 1[0m create_file_with_runtime_dependencies(/home/unitree/106a_final/install/vision_node/share/colcon-core/packages/vision_node)
[64.620s] [34mcolcon.colcon_core.event_handler.log_command[0m [1;30mDEBUG[0m [32mInvoked command in '/home/unitree/106a_final/src/navigation_return_node' returned '0': PYTHONPATH=/home/unitree/106a_final/build/navigation_return_node/prefix_override:/home/unitree/106a_final/install/navigation_return_node/lib/python3.8/site-packages:${PYTHONPATH} /usr/bin/python3 setup.py egg_info --egg-base ../../build/navigation_return_node build --build-base /home/unitree/106a_final/build/navigation_return_node/build install --record /home/unitree/106a_final/build/navigation_return_node/install.log --install-scripts $base/lib/navigation_return_node --single-version-externally-managed[0m
[64.827s] [34mcolcon.colcon_core.environment[0m [1;30mLevel 1[0m checking '/home/unitree/106a_final/install/navigation_return_node' for CMake module files
[64.833s] [34mcolcon.colcon_core.environment[0m [1;30mLevel 1[0m checking '/home/unitree/106a_final/install/navigation_return_node' for CMake config files
[64.836s] [34mcolcon.colcon_core.environment[0m [1;30mLevel 1[0m checking '/home/unitree/106a_final/install/navigation_return_node/lib'
[64.838s] [34mcolcon.colcon_core.environment[0m [1;30mLevel 1[0m checking '/home/unitree/106a_final/install/navigation_return_node/bin'
[64.852s] [34mcolcon.colcon_core.environment[0m [1;30mLevel 1[0m checking '/home/unitree/106a_final/install/navigation_return_node/lib/pkgconfig/navigation_return_node.pc'
[64.858s] [34mcolcon.colcon_core.environment[0m [1;30mLevel 1[0m checking '/home/unitree/106a_final/install/navigation_return_node/lib/python3.8/site-packages'
[64.860s] [34mcolcon.colcon_core.shell[0m [1;30mLevel 1[0m create_environment_hook('navigation_return_node', 'pythonpath')
[65.226s] [34mcolcon.colcon_core.shell[0m [1;30mINFO[0m Creating environment hook '/home/unitree/106a_final/install/navigation_return_node/share/navigation_return_node/hook/pythonpath.ps1'
[65.228s] [34mcolcon.colcon_core.shell[0m [1;30mINFO[0m Creating environment descriptor '/home/unitree/106a_final/install/navigation_return_node/share/navigation_return_node/hook/pythonpath.dsv'
[65.229s] [34mcolcon.colcon_core.shell[0m [1;30mINFO[0m Creating environment hook '/home/unitree/106a_final/install/navigation_return_node/share/navigation_return_node/hook/pythonpath.sh'
[65.230s] [34mcolcon.colcon_core.environment[0m [1;30mLevel 1[0m checking '/home/unitree/106a_final/install/navigation_return_node/bin'
[65.230s] [34mcolcon.colcon_core.environment[0m [1;30mLevel 1[0m create_environment_scripts_only(navigation_return_node)
[65.518s] [34mcolcon.colcon_core.shell[0m [1;30mINFO[0m Creating package script '/home/unitree/106a_final/install/navigation_return_node/share/navigation_return_node/package.ps1'
[65.520s] [34mcolcon.colcon_core.shell[0m [1;30mINFO[0m Creating package descriptor '/home/unitree/106a_final/install/navigation_return_node/share/navigation_return_node/package.dsv'
[65.521s] [34mcolcon.colcon_core.shell[0m [1;30mINFO[0m Creating package script '/home/unitree/106a_final/install/navigation_return_node/share/navigation_return_node/package.sh'
[65.522s] [34mcolcon.colcon_core.shell[0m [1;30mINFO[0m Creating package script '/home/unitree/106a_final/install/navigation_return_node/share/navigation_return_node/package.bash'
[65.523s] [34mcolcon.colcon_core.shell[0m [1;30mINFO[0m Creating package script '/home/unitree/106a_final/install/navigation_return_node/share/navigation_return_node/package.zsh'
[65.524s] [34mcolcon.colcon_core.environment[0m [1;30mLevel 1[0m create_file_with_runtime_dependencies(/home/unitree/106a_final/install/navigation_return_node/share/colcon-core/packages/navigation_return_node)
[65.525s] [34mcolcon.colcon_ros.task.ament_python.build[0m [1;30mINFO[0m Building ROS package in '/home/unitree/106a_final/src/go2_bringup' with build type 'ament_python'
[65.526s] [34mcolcon.colcon_core.shell[0m [1;30mLevel 1[0m create_environment_hook('go2_bringup', 'ament_prefix_path')
[65.929s] [34mcolcon.colcon_core.shell[0m [1;30mINFO[0m Creating environment hook '/home/unitree/106a_final/install/go2_bringup/share/go2_bringup/hook/ament_prefix_path.ps1'
[65.933s] [34mcolcon.colcon_core.shell[0m [1;30mINFO[0m Creating environment descriptor '/home/unitree/106a_final/install/go2_bringup/share/go2_bringup/hook/ament_prefix_path.dsv'
[65.935s] [34mcolcon.colcon_core.shell[0m [1;30mINFO[0m Creating environment hook '/home/unitree/106a_final/install/go2_bringup/share/go2_bringup/hook/ament_prefix_path.sh'
[66.291s] [34mcolcon.colcon_core.shell[0m [1;30mINFO[0m Skip shell extension 'powershell' for command environment: Not usable outside of PowerShell
[66.292s] [34mcolcon.colcon_core.shell[0m [1;30mDEBUG[0m [32mSkip shell extension 'dsv' for command environment[0m
[69.314s] [34mcolcon.colcon_core.task.python.build[0m [1;30mINFO[0m Building Python package in '/home/unitree/106a_final/src/go2_bringup'
[69.514s] [34mcolcon.colcon_core.shell[0m [1;30mINFO[0m Skip shell extension 'powershell' for command environment: Not usable outside of PowerShell
[69.514s] [34mcolcon.colcon_core.shell[0m [1;30mDEBUG[0m [32mSkip shell extension 'dsv' for command environment[0m
[70.784s] [34mcolcon.colcon_core.event_handler.log_command[0m [1;30mDEBUG[0m [32mInvoking command in '/home/unitree/106a_final/src/navigation_node_two': PYTHONPATH=/home/unitree/106a_final/build/navigation_node_two/prefix_override:/home/unitree/106a_final/install/navigation_node_two/lib/python3.8/site-packages:${PYTHONPATH} /usr/bin/python3 setup.py egg_info --egg-base ../../build/navigation_node_two build --build-base /home/unitree/106a_final/build/navigation_node_two/build install --record /home/unitree/106a_final/build/navigation_node_two/install.log --install-scripts $base/lib/navigation_node_two --single-version-externally-managed[0m
[72.705s] [34mcolcon.colcon_core.event_handler.log_command[0m [1;30mDEBUG[0m [32mInvoked command in '/home/unitree/106a_final/src/navigation_node_two' returned '0': PYTHONPATH=/home/unitree/106a_final/build/navigation_node_two/prefix_override:/home/unitree/106a_final/install/navigation_node_two/lib/python3.8/site-packages:${PYTHONPATH} /usr/bin/python3 setup.py egg_info --egg-base ../../build/navigation_node_two build --build-base /home/unitree/106a_final/build/navigation_node_two/build install --record /home/unitree/106a_final/build/navigation_node_two/install.log --install-scripts $base/lib/navigation_node_two --single-version-externally-managed[0m
[73.080s] [34mcolcon.colcon_core.environment[0m [1;30mLevel 1[0m checking '/home/unitree/106a_final/install/navigation_node_two' for CMake module files
[73.081s] [34mcolcon.colcon_core.environment[0m [1;30mLevel 1[0m checking '/home/unitree/106a_final/install/navigation_node_two' for CMake config files
[73.083s] [34mcolcon.colcon_core.environment[0m [1;30mLevel 1[0m checking '/home/unitree/106a_final/install/navigation_node_two/lib'
[73.084s] [34mcolcon.colcon_core.environment[0m [1;30mLevel 1[0m checking '/home/unitree/106a_final/install/navigation_node_two/bin'
[73.084s] [34mcolcon.colcon_core.environment[0m [1;30mLevel 1[0m checking '/home/unitree/106a_final/install/navigation_node_two/lib/pkgconfig/navigation_node_two.pc'
[73.084s] [34mcolcon.colcon_core.environment[0m [1;30mLevel 1[0m checking '/home/unitree/106a_final/install/navigation_node_two/lib/python3.8/site-packages'
[73.085s] [34mcolcon.colcon_core.shell[0m [1;30mLevel 1[0m create_environment_hook('navigation_node_two', 'pythonpath')
[73.214s] [34mcolcon.colcon_core.shell[0m [1;30mINFO[0m Creating environment hook '/home/unitree/106a_final/install/navigation_node_two/share/navigation_node_two/hook/pythonpath.ps1'
[73.216s] [34mcolcon.colcon_core.shell[0m [1;30mINFO[0m Creating environment descriptor '/home/unitree/106a_final/install/navigation_node_two/share/navigation_node_two/hook/pythonpath.dsv'
[73.216s] [34mcolcon.colcon_core.shell[0m [1;30mINFO[0m Creating environment hook '/home/unitree/106a_final/install/navigation_node_two/share/navigation_node_two/hook/pythonpath.sh'
[73.218s] [34mcolcon.colcon_core.environment[0m [1;30mLevel 1[0m checking '/home/unitree/106a_final/install/navigation_node_two/bin'
[73.219s] [34mcolcon.colcon_core.environment[0m [1;30mLevel 1[0m create_environment_scripts_only(navigation_node_two)
[73.400s] [34mcolcon.colcon_core.shell[0m [1;30mINFO[0m Creating package script '/home/unitree/106a_final/install/navigation_node_two/share/navigation_node_two/package.ps1'
[73.404s] [34mcolcon.colcon_core.shell[0m [1;30mINFO[0m Creating package descriptor '/home/unitree/106a_final/install/navigation_node_two/share/navigation_node_two/package.dsv'
[73.406s] [34mcolcon.colcon_core.shell[0m [1;30mINFO[0m Creating package script '/home/unitree/106a_final/install/navigation_node_two/share/navigation_node_two/package.sh'
[73.413s] [34mcolcon.colcon_core.shell[0m [1;30mINFO[0m Creating package script '/home/unitree/106a_final/install/navigation_node_two/share/navigation_node_two/package.bash'
[73.414s] [34mcolcon.colcon_core.shell[0m [1;30mINFO[0m Creating package script '/home/unitree/106a_final/install/navigation_node_two/share/navigation_node_two/package.zsh'
[73.415s] [34mcolcon.colcon_core.environment[0m [1;30mLevel 1[0m create_file_with_runtime_dependencies(/home/unitree/106a_final/install/navigation_node_two/share/colcon-core/packages/navigation_node_two)
[73.439s] [34mcolcon.colcon_core.event_handler.log_command[0m [1;30mDEBUG[0m [32mInvoking command in '/home/unitree/106a_final/src/go2_bringup': AMENT_PREFIX_PATH=/home/unitree/106a_final/install/vision_node:/home/unitree/106a_final/install/navigation_return_node:/home/unitree/106a_final/install/navigation_node_three:/home/unitree/106a_final/install/aruco_node:/home/unitree/106a_final/install/arm_control:/home/unitree/106a_final/install/go2_bringup:/home/unitree/106a_final/install/realsense2_description:/home/unitree/106a_final/install/realsense2_camera:/home/unitree/106a_final/install/realsense2_camera_msgs:/home/unitree/106a_final/install/navigation_node_two:/home/unitree/106a_final/install/navigation_node:/home/unitree/106a_final/install/navigatigation_node_three:/home/unitree/106a_final/install/base_driver:/home/unitree/106a_final/install/arm_driver:/home/unitree/cyclonedds_ws/install/rmw_cyclonedds_cpp:/opt/ros/foxy CMAKE_PREFIX_PATH=/home/unitree/106a_final/install/base_driver:/home/unitree/106a_final/install/arm_driver:/home/unitree/106a_final/install/realsense2_description:/home/unitree/106a_final/install/realsense2_camera:/home/unitree/106a_final/install/realsense2_camera_msgs:/home/unitree/cyclonedds_ws/install/rmw_cyclonedds_cpp:/home/unitree/cyclonedds_ws/install/cyclonedds PYTHONPATH=/home/unitree/106a_final/build/go2_bringup/prefix_override:/home/unitree/106a_final/install/go2_bringup/lib/python3.8/site-packages:/home/unitree/106a_final/install/vision_node/lib/python3.8/site-packages:/home/unitree/106a_final/install/navigation_return_node/lib/python3.8/site-packages:/home/unitree/106a_final/install/navigation_node_three/lib/python3.8/site-packages:/home/unitree/106a_final/install/aruco_node/lib/python3.8/site-packages:/home/unitree/106a_final/install/arm_control/lib/python3.8/site-packages:/home/unitree/106a_final/install/go2_bringup/lib/python3.8/site-packages:/home/unitree/106a_final/install/realsense2_camera_msgs/lib/python3.8/site-packages:/home/unitree/106a_final/install/navigation_node_two/lib/python3.8/site-packages:/home/unitree/106a_final/install/navigation_node/lib/python3.8/site-packages:/home/unitree/106a_final/install/navigatigation_node_three/lib/python3.8/site-packages:/opt/ros/foxy/lib/python3.8/site-packages /usr/bin/python3 setup.py egg_info --egg-base ../../build/go2_bringup build --build-base /home/unitree/106a_final/build/go2_bringup/build install --record /home/unitree/106a_final/build/go2_bringup/install.log --install-scripts $base/lib/go2_bringup --single-version-externally-managed[0m
[75.276s] [34mcolcon.colcon_core.event_handler.log_command[0m [1;30mDEBUG[0m [32mInvoked command in '/home/unitree/106a_final/src/go2_bringup' returned '0': AMENT_PREFIX_PATH=/home/unitree/106a_final/install/vision_node:/home/unitree/106a_final/install/navigation_return_node:/home/unitree/106a_final/install/navigation_node_three:/home/unitree/106a_final/install/aruco_node:/home/unitree/106a_final/install/arm_control:/home/unitree/106a_final/install/go2_bringup:/home/unitree/106a_final/install/realsense2_description:/home/unitree/106a_final/install/realsense2_camera:/home/unitree/106a_final/install/realsense2_camera_msgs:/home/unitree/106a_final/install/navigation_node_two:/home/unitree/106a_final/install/navigation_node:/home/unitree/106a_final/install/navigatigation_node_three:/home/unitree/106a_final/install/base_driver:/home/unitree/106a_final/install/arm_driver:/home/unitree/cyclonedds_ws/install/rmw_cyclonedds_cpp:/opt/ros/foxy CMAKE_PREFIX_PATH=/home/unitree/106a_final/install/base_driver:/home/unitree/106a_final/install/arm_driver:/home/unitree/106a_final/install/realsense2_description:/home/unitree/106a_final/install/realsense2_camera:/home/unitree/106a_final/install/realsense2_camera_msgs:/home/unitree/cyclonedds_ws/install/rmw_cyclonedds_cpp:/home/unitree/cyclonedds_ws/install/cyclonedds PYTHONPATH=/home/unitree/106a_final/build/go2_bringup/prefix_override:/home/unitree/106a_final/install/go2_bringup/lib/python3.8/site-packages:/home/unitree/106a_final/install/vision_node/lib/python3.8/site-packages:/home/unitree/106a_final/install/navigation_return_node/lib/python3.8/site-packages:/home/unitree/106a_final/install/navigation_node_three/lib/python3.8/site-packages:/home/unitree/106a_final/install/aruco_node/lib/python3.8/site-packages:/home/unitree/106a_final/install/arm_control/lib/python3.8/site-packages:/home/unitree/106a_final/install/go2_bringup/lib/python3.8/site-packages:/home/unitree/106a_final/install/realsense2_camera_msgs/lib/python3.8/site-packages:/home/unitree/106a_final/install/navigation_node_two/lib/python3.8/site-packages:/home/unitree/106a_final/install/navigation_node/lib/python3.8/site-packages:/home/unitree/106a_final/install/navigatigation_node_three/lib/python3.8/site-packages:/opt/ros/foxy/lib/python3.8/site-packages /usr/bin/python3 setup.py egg_info --egg-base ../../build/go2_bringup build --build-base /home/unitree/106a_final/build/go2_bringup/build install --record /home/unitree/106a_final/build/go2_bringup/install.log --install-scripts $base/lib/go2_bringup --single-version-externally-managed[0m
[75.683s] [34mcolcon.colcon_core.environment[0m [1;30mLevel 1[0m checking '/home/unitree/106a_final/install/go2_bringup' for CMake module files
[75.685s] [34mcolcon.colcon_core.environment[0m [1;30mLevel 1[0m checking '/home/unitree/106a_final/install/go2_bringup' for CMake config files
[75.689s] [34mcolcon.colcon_core.environment[0m [1;30mLevel 1[0m checking '/home/unitree/106a_final/install/go2_bringup/lib'
[75.692s] [34mcolcon.colcon_core.environment[0m [1;30mLevel 1[0m checking '/home/unitree/106a_final/install/go2_bringup/bin'
[75.692s] [34mcolcon.colcon_core.environment[0m [1;30mLevel 1[0m checking '/home/unitree/106a_final/install/go2_bringup/lib/pkgconfig/go2_bringup.pc'
[75.693s] [34mcolcon.colcon_core.environment[0m [1;30mLevel 1[0m checking '/home/unitree/106a_final/install/go2_bringup/lib/python3.8/site-packages'
[75.701s] [34mcolcon.colcon_core.shell[0m [1;30mLevel 1[0m create_environment_hook('go2_bringup', 'pythonpath')
[76.026s] [34mcolcon.colcon_core.shell[0m [1;30mINFO[0m Creating environment hook '/home/unitree/106a_final/install/go2_bringup/share/go2_bringup/hook/pythonpath.ps1'
[76.029s] [34mcolcon.colcon_core.shell[0m [1;30mINFO[0m Creating environment descriptor '/home/unitree/106a_final/install/go2_bringup/share/go2_bringup/hook/pythonpath.dsv'
[76.030s] [34mcolcon.colcon_core.shell[0m [1;30mINFO[0m Creating environment hook '/home/unitree/106a_final/install/go2_bringup/share/go2_bringup/hook/pythonpath.sh'
[76.033s] [34mcolcon.colcon_core.environment[0m [1;30mLevel 1[0m checking '/home/unitree/106a_final/install/go2_bringup/bin'
[76.034s] [34mcolcon.colcon_core.environment[0m [1;30mLevel 1[0m create_environment_scripts_only(go2_bringup)
[76.293s] [34mcolcon.colcon_core.shell[0m [1;30mINFO[0m Creating package script '/home/unitree/106a_final/install/go2_bringup/share/go2_bringup/package.ps1'
[76.310s] [34mcolcon.colcon_core.shell[0m [1;30mINFO[0m Creating package descriptor '/home/unitree/106a_final/install/go2_bringup/share/go2_bringup/package.dsv'
[76.316s] [34mcolcon.colcon_core.shell[0m [1;30mINFO[0m Creating package script '/home/unitree/106a_final/install/go2_bringup/share/go2_bringup/package.sh'
[76.317s] [34mcolcon.colcon_core.shell[0m [1;30mINFO[0m Creating package script '/home/unitree/106a_final/install/go2_bringup/share/go2_bringup/package.bash'
[76.318s] [34mcolcon.colcon_core.shell[0m [1;30mINFO[0m Creating package script '/home/unitree/106a_final/install/go2_bringup/share/go2_bringup/package.zsh'
[76.319s] [34mcolcon.colcon_core.environment[0m [1;30mLevel 1[0m create_file_with_runtime_dependencies(/home/unitree/106a_final/install/go2_bringup/share/colcon-core/packages/go2_bringup)
[76.320s] [34mcolcon.colcon_parallel_executor.executor.parallel[0m [1;30mDEBUG[0m [32mclosing loop[0m
[76.323s] [34mcolcon.colcon_parallel_executor.executor.parallel[0m [1;30mDEBUG[0m [32mloop closed[0m
[76.323s] [34mcolcon.colcon_parallel_executor.executor.parallel[0m [1;30mDEBUG[0m [32mrun_until_complete finished with '0'[0m
[76.323s] [34mcolcon.colcon_core.event_reactor[0m [1;30mDEBUG[0m [32mjoining thread[0m
[76.812s] [34mcolcon.colcon_core.plugin_system[0m [1;30mINFO[0m Skipping extension 'colcon_notification.desktop_notification.terminal_notifier': Not used on non-Darwin systems
[76.813s] [34mcolcon.colcon_core.plugin_system[0m [1;30mINFO[0m Skipping extension 'colcon_notification.desktop_notification.win32': Not used on non-Windows systems
[76.814s] [34mcolcon.colcon_notification.desktop_notification[0m [1;30mINFO[0m Sending desktop notification using 'notify2'
[76.959s] [34mcolcon.colcon_core.event_reactor[0m [1;30mDEBUG[0m [32mjoined thread[0m
[77.336s] [34mcolcon.colcon_core.shell[0m [1;30mINFO[0m Creating prefix script '/home/unitree/106a_final/install/local_setup.ps1'
[77.357s] [34mcolcon.colcon_core.shell[0m [1;30mINFO[0m Creating prefix util module '/home/unitree/106a_final/install/_local_setup_util_ps1.py'
[77.369s] [34mcolcon.colcon_core.shell[0m [1;30mINFO[0m Creating prefix chain script '/home/unitree/106a_final/install/setup.ps1'
[77.784s] [34mcolcon.colcon_core.shell[0m [1;30mINFO[0m Creating prefix script '/home/unitree/106a_final/install/local_setup.sh'
[77.800s] [34mcolcon.colcon_core.shell[0m [1;30mINFO[0m Creating prefix util module '/home/unitree/106a_final/install/_local_setup_util_sh.py'
[77.803s] [34mcolcon.colcon_core.shell[0m [1;30mINFO[0m Creating prefix chain script '/home/unitree/106a_final/install/setup.sh'
[77.978s] [34mcolcon.colcon_core.shell[0m [1;30mINFO[0m Creating prefix script '/home/unitree/106a_final/install/local_setup.bash'
[77.981s] [34mcolcon.colcon_core.shell[0m [1;30mINFO[0m Creating prefix chain script '/home/unitree/106a_final/install/setup.bash'
[78.179s] [34mcolcon.colcon_core.shell[0m [1;30mINFO[0m Creating prefix script '/home/unitree/106a_final/install/local_setup.zsh'
[78.181s] [34mcolcon.colcon_core.shell[0m [1;30mINFO[0m Creating prefix chain script '/home/unitree/106a_final/install/setup.zsh'
