[0.000000] (-) TimerEvent: {}
[0.001301] (arm_control) JobQueued: {'identifier': 'arm_control', 'dependencies': OrderedDict()}
[0.001409] (arm_driver) JobQueued: {'identifier': 'arm_driver', 'dependencies': OrderedDict()}
[0.002214] (aruco_node) JobQueued: {'identifier': 'aruco_node', 'dependencies': OrderedDict()}
[0.002280] (base_driver) JobQueued: {'identifier': 'base_driver', 'dependencies': OrderedDict()}
[0.002329] (navigation_node) JobQueued: {'identifier': 'navigation_node', 'dependencies': OrderedDict()}
[0.003456] (navigation_node_three) JobQueued: {'identifier': 'navigation_node_three', 'dependencies': OrderedDict()}
[0.003615] (navigation_node_two) JobQueued: {'identifier': 'navigation_node_two', 'dependencies': OrderedDict()}
[0.003668] (navigation_return_node) JobQueued: {'identifier': 'navigation_return_node', 'dependencies': OrderedDict()}
[0.003708] (vision_node) JobQueued: {'identifier': 'vision_node', 'dependencies': OrderedDict()}
[0.003744] (go2_bringup) JobQueued: {'identifier': 'go2_bringup', 'dependencies': OrderedDict([('arm_control', '/home/unitree/106a_final/install/arm_control'), ('arm_driver', '/home/unitree/106a_final/install/arm_driver'), ('aruco_node', '/home/unitree/106a_final/install/aruco_node'), ('base_driver', '/home/unitree/106a_final/install/base_driver'), ('navigation_node_three', '/home/unitree/106a_final/install/navigation_node_three'), ('navigation_return_node', '/home/unitree/106a_final/install/navigation_return_node'), ('vision_node', '/home/unitree/106a_final/install/vision_node')])}
[0.003825] (arm_control) JobStarted: {'identifier': 'arm_control'}
[0.088087] (-) TimerEvent: {}
[0.189143] (-) TimerEvent: {}
[0.291905] (-) TimerEvent: {}
[0.392680] (-) TimerEvent: {}
[0.507712] (-) TimerEvent: {}
[0.611781] (-) TimerEvent: {}
[0.713093] (-) TimerEvent: {}
[0.814146] (-) TimerEvent: {}
[0.915629] (-) TimerEvent: {}
[1.017383] (-) TimerEvent: {}
[1.124317] (-) TimerEvent: {}
[1.225501] (-) TimerEvent: {}
[1.328784] (-) TimerEvent: {}
[1.434544] (-) TimerEvent: {}
[1.535635] (-) TimerEvent: {}
[1.582048] (arm_driver) JobStarted: {'identifier': 'arm_driver'}
[1.636190] (-) TimerEvent: {}
[1.737219] (-) TimerEvent: {}
[1.839325] (-) TimerEvent: {}
[1.940664] (-) TimerEvent: {}
[2.041589] (-) TimerEvent: {}
[2.142530] (-) TimerEvent: {}
[2.244075] (-) TimerEvent: {}
[2.347071] (-) TimerEvent: {}
[2.448245] (-) TimerEvent: {}
[2.480344] (aruco_node) JobStarted: {'identifier': 'aruco_node'}
[2.561135] (-) TimerEvent: {}
[2.662188] (-) TimerEvent: {}
[2.771529] (-) TimerEvent: {}
[2.872710] (-) TimerEvent: {}
[2.995922] (-) TimerEvent: {}
[3.100386] (-) TimerEvent: {}
[3.201950] (-) TimerEvent: {}
[3.302975] (-) TimerEvent: {}
[3.407263] (-) TimerEvent: {}
[3.512483] (-) TimerEvent: {}
[3.620496] (-) TimerEvent: {}
[3.724791] (-) TimerEvent: {}
[3.825514] (-) TimerEvent: {}
[3.927743] (-) TimerEvent: {}
[4.029042] (-) TimerEvent: {}
[4.130728] (-) TimerEvent: {}
[4.254922] (-) TimerEvent: {}
[4.356426] (-) TimerEvent: {}
[4.360119] (base_driver) JobStarted: {'identifier': 'base_driver'}
[4.459834] (-) TimerEvent: {}
[4.565238] (-) TimerEvent: {}
[4.713569] (-) TimerEvent: {}
[4.815940] (-) TimerEvent: {}
[4.920002] (-) TimerEvent: {}
[5.023712] (-) TimerEvent: {}
[5.135591] (-) TimerEvent: {}
[5.241291] (-) TimerEvent: {}
[5.342774] (-) TimerEvent: {}
[5.444619] (-) TimerEvent: {}
[5.549184] (-) TimerEvent: {}
[5.650810] (-) TimerEvent: {}
[5.754244] (-) TimerEvent: {}
[5.868282] (-) TimerEvent: {}
[5.969466] (-) TimerEvent: {}
[6.071371] (-) TimerEvent: {}
[6.172506] (-) TimerEvent: {}
[6.273597] (-) TimerEvent: {}
[6.377023] (-) TimerEvent: {}
[6.477724] (-) TimerEvent: {}
[6.578939] (-) TimerEvent: {}
[6.680554] (-) TimerEvent: {}
[6.781789] (-) TimerEvent: {}
[6.884576] (-) TimerEvent: {}
[6.985985] (-) TimerEvent: {}
[7.093674] (-) TimerEvent: {}
[7.194456] (-) TimerEvent: {}
[7.295579] (-) TimerEvent: {}
[7.396378] (-) TimerEvent: {}
[7.497249] (-) TimerEvent: {}
[7.598070] (-) TimerEvent: {}
[7.699669] (-) TimerEvent: {}
[7.800452] (-) TimerEvent: {}
[7.850321] (arm_driver) JobProgress: {'identifier': 'arm_driver', 'progress': 'cmake'}
[7.858652] (arm_driver) JobProgress: {'identifier': 'arm_driver', 'progress': 'build'}
[7.859346] (arm_driver) Command: {'cmd': ['/usr/bin/cmake', '--build', '/home/unitree/106a_final/build/arm_driver', '--', '-j4', '-l4'], 'cwd': '/home/unitree/106a_final/build/arm_driver', 'env': OrderedDict([('LESSOPEN', '| /usr/bin/lesspipe %s'), ('USER', 'unitree'), ('SSH_CLIENT', '192.168.50.153 39080 22'), ('XDG_SESSION_TYPE', 'tty'), ('SHLVL', '1'), ('LD_LIBRARY_PATH', '/home/unitree/106a_final/install/realsense2_camera/lib:/home/unitree/106a_final/install/realsense2_camera_msgs/lib:/usr/local/cuda-11.4/lib64:/usr/local/lib:/home/unitree/cyclonedds_ws/install/rmw_cyclonedds_cpp/lib:/home/unitree/cyclonedds_ws/install/cyclonedds/lib:/opt/ros/foxy/opt/yaml_cpp_vendor/lib:/opt/ros/foxy/opt/rviz_ogre_vendor/lib:/opt/ros/foxy/lib/aarch64-linux-gnu:/opt/ros/foxy/lib'), ('MOTD_SHOWN', 'pam'), ('HOME', '/home/unitree'), ('CYCLONEDDS_URI', '/home/unitree/cyclonedds_ws/cyclonedds.xml'), ('OLDPWD', '/home/unitree'), ('SSH_TTY', '/dev/pts/10'), ('ROS_PYTHON_VERSION', '3'), ('DBUS_SESSION_BUS_ADDRESS', 'unix:path=/run/user/1000/bus'), ('COLCON_PREFIX_PATH', '/home/unitree/106a_final/install:/home/unitree/cyclonedds_ws/install'), ('ROS_DISTRO', 'foxy'), ('LOGNAME', 'unitree'), ('_', '/usr/bin/colcon'), ('ROS_VERSION', '2'), ('PKG_CONFIG_PATH', '/home/unitree/cyclonedds_ws/install/cyclonedds/lib/aarch64-linux-gnu/pkgconfig:/home/unitree/cyclonedds_ws/install/cyclonedds/lib/pkgconfig'), ('XDG_SESSION_CLASS', 'user'), ('TERM', 'xterm-256color'), ('XDG_SESSION_ID', '14'), ('ROS_LOCALHOST_ONLY', '0'), ('PATH', '/home/unitree/.local/bin:/usr/local/cuda-11.4/bin:/home/unitree/cyclonedds_ws/install/cyclonedds/bin:/opt/ros/foxy/bin:/usr/local/sbin:/usr/local/bin:/usr/sbin:/usr/bin:/sbin:/bin:/usr/games:/usr/local/games:/snap/bin'), ('XDG_RUNTIME_DIR', '/run/user/1000'), ('LANG', 'en_US.UTF-8'), ('RMW_IMPLEMENTATION', 'rmw_cyclonedds_cpp'), ('LS_COLORS', 'rs=0:di=01;34:ln=01;36:mh=00:pi=40;33:so=01;35:do=01;35:bd=40;33;01:cd=40;33;01:or=40;31;01:mi=00:su=37;41:sg=30;43:ca=30;41:tw=30;42:ow=34;42:st=37;44:ex=01;32:*.tar=01;31:*.tgz=01;31:*.arc=01;31:*.arj=01;31:*.taz=01;31:*.lha=01;31:*.lz4=01;31:*.lzh=01;31:*.lzma=01;31:*.tlz=01;31:*.txz=01;31:*.tzo=01;31:*.t7z=01;31:*.zip=01;31:*.z=01;31:*.dz=01;31:*.gz=01;31:*.lrz=01;31:*.lz=01;31:*.lzo=01;31:*.xz=01;31:*.zst=01;31:*.tzst=01;31:*.bz2=01;31:*.bz=01;31:*.tbz=01;31:*.tbz2=01;31:*.tz=01;31:*.deb=01;31:*.rpm=01;31:*.jar=01;31:*.war=01;31:*.ear=01;31:*.sar=01;31:*.rar=01;31:*.alz=01;31:*.ace=01;31:*.zoo=01;31:*.cpio=01;31:*.7z=01;31:*.rz=01;31:*.cab=01;31:*.wim=01;31:*.swm=01;31:*.dwm=01;31:*.esd=01;31:*.jpg=01;35:*.jpeg=01;35:*.mjpg=01;35:*.mjpeg=01;35:*.gif=01;35:*.bmp=01;35:*.pbm=01;35:*.pgm=01;35:*.ppm=01;35:*.tga=01;35:*.xbm=01;35:*.xpm=01;35:*.tif=01;35:*.tiff=01;35:*.png=01;35:*.svg=01;35:*.svgz=01;35:*.mng=01;35:*.pcx=01;35:*.mov=01;35:*.mpg=01;35:*.mpeg=01;35:*.m2v=01;35:*.mkv=01;35:*.webm=01;35:*.ogm=01;35:*.mp4=01;35:*.m4v=01;35:*.mp4v=01;35:*.vob=01;35:*.qt=01;35:*.nuv=01;35:*.wmv=01;35:*.asf=01;35:*.rm=01;35:*.rmvb=01;35:*.flc=01;35:*.avi=01;35:*.fli=01;35:*.flv=01;35:*.gl=01;35:*.dl=01;35:*.xcf=01;35:*.xwd=01;35:*.yuv=01;35:*.cgm=01;35:*.emf=01;35:*.ogv=01;35:*.ogx=01;35:*.aac=00;36:*.au=00;36:*.flac=00;36:*.m4a=00;36:*.mid=00;36:*.midi=00;36:*.mka=00;36:*.mp3=00;36:*.mpc=00;36:*.ogg=00;36:*.ra=00;36:*.wav=00;36:*.oga=00;36:*.opus=00;36:*.spx=00;36:*.xspf=00;36:'), ('AMENT_PREFIX_PATH', '/home/unitree/106a_final/install/go2_bringup:/home/unitree/106a_final/install/vision_node:/home/unitree/106a_final/install/realsense2_description:/home/unitree/106a_final/install/realsense2_camera:/home/unitree/106a_final/install/realsense2_camera_msgs:/home/unitree/106a_final/install/navigation_return_node:/home/unitree/106a_final/install/navigation_node_two:/home/unitree/106a_final/install/navigation_node_three:/home/unitree/106a_final/install/navigation_node:/home/unitree/106a_final/install/navigatigation_node_three:/home/unitree/106a_final/install/base_driver:/home/unitree/106a_final/install/aruco_node:/home/unitree/106a_final/install/arm_driver:/home/unitree/106a_final/install/arm_control:/home/unitree/cyclonedds_ws/install/rmw_cyclonedds_cpp:/opt/ros/foxy'), ('SHELL', '/bin/bash'), ('LESSCLOSE', '/usr/bin/lesspipe %s %s'), ('PWD', '/home/unitree/106a_final/build/arm_driver'), ('LC_ALL', 'en_US.UTF-8'), ('SSH_CONNECTION', '192.168.50.153 39080 192.168.50.28 22'), ('XDG_DATA_DIRS', '/usr/local/share:/usr/share:/var/lib/snapd/desktop'), ('PYTHONPATH', '/home/unitree/106a_final/install/go2_bringup/lib/python3.8/site-packages:/home/unitree/106a_final/install/vision_node/lib/python3.8/site-packages:/home/unitree/106a_final/install/realsense2_camera_msgs/lib/python3.8/site-packages:/home/unitree/106a_final/install/navigation_return_node/lib/python3.8/site-packages:/home/unitree/106a_final/install/navigation_node_two/lib/python3.8/site-packages:/home/unitree/106a_final/install/navigation_node_three/lib/python3.8/site-packages:/home/unitree/106a_final/install/navigation_node/lib/python3.8/site-packages:/home/unitree/106a_final/install/navigatigation_node_three/lib/python3.8/site-packages:/home/unitree/106a_final/install/aruco_node/lib/python3.8/site-packages:/home/unitree/106a_final/install/arm_control/lib/python3.8/site-packages:/opt/ros/foxy/lib/python3.8/site-packages'), ('COLCON', '1'), ('CMAKE_PREFIX_PATH', '/home/unitree/106a_final/install/realsense2_description:/home/unitree/106a_final/install/realsense2_camera:/home/unitree/106a_final/install/realsense2_camera_msgs:/home/unitree/106a_final/install/base_driver:/home/unitree/106a_final/install/arm_driver:/home/unitree/cyclonedds_ws/install/rmw_cyclonedds_cpp:/home/unitree/cyclonedds_ws/install/cyclonedds:/home/unitree/106a_final/install/go2_bringup:/home/unitree/106a_final/install/vision_node:/home/unitree/106a_final/install/navigation_return_node:/home/unitree/106a_final/install/navigation_node_two:/home/unitree/106a_final/install/navigation_node_three:/home/unitree/106a_final/install/navigation_node:/home/unitree/106a_final/install/navigatigation_node_three:/home/unitree/106a_final/install/aruco_node:/home/unitree/106a_final/install/arm_control:/opt/ros/foxy')]), 'shell': False}
[7.901120] (-) TimerEvent: {}
[8.002626] (-) TimerEvent: {}
[8.103776] (-) TimerEvent: {}
[8.205090] (-) TimerEvent: {}
[8.309150] (-) TimerEvent: {}
[8.409877] (-) TimerEvent: {}
[8.511174] (-) TimerEvent: {}
[8.612300] (-) TimerEvent: {}
[8.713489] (-) TimerEvent: {}
[8.814588] (-) TimerEvent: {}
[8.915542] (-) TimerEvent: {}
[9.017194] (-) TimerEvent: {}
[9.119375] (-) TimerEvent: {}
[9.220729] (-) TimerEvent: {}
[9.321550] (-) TimerEvent: {}
[9.423192] (-) TimerEvent: {}
[9.524463] (-) TimerEvent: {}
[9.629707] (-) TimerEvent: {}
[9.735562] (-) TimerEvent: {}
[9.836663] (-) TimerEvent: {}
[9.941557] (-) TimerEvent: {}
[10.042690] (-) TimerEvent: {}
[10.144651] (-) TimerEvent: {}
[10.261824] (-) TimerEvent: {}
[10.365062] (-) TimerEvent: {}
[10.474183] (-) TimerEvent: {}
[10.576731] (-) TimerEvent: {}
[10.697156] (-) TimerEvent: {}
[10.798456] (-) TimerEvent: {}
[10.909100] (-) TimerEvent: {}
[11.025117] (-) TimerEvent: {}
[11.125953] (-) TimerEvent: {}
[11.217877] (arm_driver) StdoutLine: {'line': b'[ 66%] Built target d1_wrapper\n'}
[11.218764] (arm_driver) StdoutLine: {'line': b'[100%] Built target servo_driver\n'}
[11.226210] (-) TimerEvent: {}
[11.240398] (base_driver) JobProgress: {'identifier': 'base_driver', 'progress': 'cmake'}
[11.242474] (base_driver) JobProgress: {'identifier': 'base_driver', 'progress': 'build'}
[11.245441] (base_driver) Command: {'cmd': ['/usr/bin/cmake', '--build', '/home/unitree/106a_final/build/base_driver', '--', '-j4', '-l4'], 'cwd': '/home/unitree/106a_final/build/base_driver', 'env': OrderedDict([('LESSOPEN', '| /usr/bin/lesspipe %s'), ('USER', 'unitree'), ('SSH_CLIENT', '192.168.50.153 39080 22'), ('XDG_SESSION_TYPE', 'tty'), ('SHLVL', '1'), ('LD_LIBRARY_PATH', '/home/unitree/106a_final/install/realsense2_camera/lib:/home/unitree/106a_final/install/realsense2_camera_msgs/lib:/usr/local/cuda-11.4/lib64:/usr/local/lib:/home/unitree/cyclonedds_ws/install/rmw_cyclonedds_cpp/lib:/home/unitree/cyclonedds_ws/install/cyclonedds/lib:/opt/ros/foxy/opt/yaml_cpp_vendor/lib:/opt/ros/foxy/opt/rviz_ogre_vendor/lib:/opt/ros/foxy/lib/aarch64-linux-gnu:/opt/ros/foxy/lib'), ('MOTD_SHOWN', 'pam'), ('HOME', '/home/unitree'), ('CYCLONEDDS_URI', '/home/unitree/cyclonedds_ws/cyclonedds.xml'), ('OLDPWD', '/home/unitree'), ('SSH_TTY', '/dev/pts/10'), ('ROS_PYTHON_VERSION', '3'), ('DBUS_SESSION_BUS_ADDRESS', 'unix:path=/run/user/1000/bus'), ('COLCON_PREFIX_PATH', '/home/unitree/106a_final/install:/home/unitree/cyclonedds_ws/install'), ('ROS_DISTRO', 'foxy'), ('LOGNAME', 'unitree'), ('_', '/usr/bin/colcon'), ('ROS_VERSION', '2'), ('PKG_CONFIG_PATH', '/home/unitree/cyclonedds_ws/install/cyclonedds/lib/aarch64-linux-gnu/pkgconfig:/home/unitree/cyclonedds_ws/install/cyclonedds/lib/pkgconfig'), ('XDG_SESSION_CLASS', 'user'), ('TERM', 'xterm-256color'), ('XDG_SESSION_ID', '14'), ('ROS_LOCALHOST_ONLY', '0'), ('PATH', '/home/unitree/.local/bin:/usr/local/cuda-11.4/bin:/home/unitree/cyclonedds_ws/install/cyclonedds/bin:/opt/ros/foxy/bin:/usr/local/sbin:/usr/local/bin:/usr/sbin:/usr/bin:/sbin:/bin:/usr/games:/usr/local/games:/snap/bin'), ('XDG_RUNTIME_DIR', '/run/user/1000'), ('LANG', 'en_US.UTF-8'), ('RMW_IMPLEMENTATION', 'rmw_cyclonedds_cpp'), ('LS_COLORS', 'rs=0:di=01;34:ln=01;36:mh=00:pi=40;33:so=01;35:do=01;35:bd=40;33;01:cd=40;33;01:or=40;31;01:mi=00:su=37;41:sg=30;43:ca=30;41:tw=30;42:ow=34;42:st=37;44:ex=01;32:*.tar=01;31:*.tgz=01;31:*.arc=01;31:*.arj=01;31:*.taz=01;31:*.lha=01;31:*.lz4=01;31:*.lzh=01;31:*.lzma=01;31:*.tlz=01;31:*.txz=01;31:*.tzo=01;31:*.t7z=01;31:*.zip=01;31:*.z=01;31:*.dz=01;31:*.gz=01;31:*.lrz=01;31:*.lz=01;31:*.lzo=01;31:*.xz=01;31:*.zst=01;31:*.tzst=01;31:*.bz2=01;31:*.bz=01;31:*.tbz=01;31:*.tbz2=01;31:*.tz=01;31:*.deb=01;31:*.rpm=01;31:*.jar=01;31:*.war=01;31:*.ear=01;31:*.sar=01;31:*.rar=01;31:*.alz=01;31:*.ace=01;31:*.zoo=01;31:*.cpio=01;31:*.7z=01;31:*.rz=01;31:*.cab=01;31:*.wim=01;31:*.swm=01;31:*.dwm=01;31:*.esd=01;31:*.jpg=01;35:*.jpeg=01;35:*.mjpg=01;35:*.mjpeg=01;35:*.gif=01;35:*.bmp=01;35:*.pbm=01;35:*.pgm=01;35:*.ppm=01;35:*.tga=01;35:*.xbm=01;35:*.xpm=01;35:*.tif=01;35:*.tiff=01;35:*.png=01;35:*.svg=01;35:*.svgz=01;35:*.mng=01;35:*.pcx=01;35:*.mov=01;35:*.mpg=01;35:*.mpeg=01;35:*.m2v=01;35:*.mkv=01;35:*.webm=01;35:*.ogm=01;35:*.mp4=01;35:*.m4v=01;35:*.mp4v=01;35:*.vob=01;35:*.qt=01;35:*.nuv=01;35:*.wmv=01;35:*.asf=01;35:*.rm=01;35:*.rmvb=01;35:*.flc=01;35:*.avi=01;35:*.fli=01;35:*.flv=01;35:*.gl=01;35:*.dl=01;35:*.xcf=01;35:*.xwd=01;35:*.yuv=01;35:*.cgm=01;35:*.emf=01;35:*.ogv=01;35:*.ogx=01;35:*.aac=00;36:*.au=00;36:*.flac=00;36:*.m4a=00;36:*.mid=00;36:*.midi=00;36:*.mka=00;36:*.mp3=00;36:*.mpc=00;36:*.ogg=00;36:*.ra=00;36:*.wav=00;36:*.oga=00;36:*.opus=00;36:*.spx=00;36:*.xspf=00;36:'), ('AMENT_PREFIX_PATH', '/home/unitree/106a_final/install/go2_bringup:/home/unitree/106a_final/install/vision_node:/home/unitree/106a_final/install/realsense2_description:/home/unitree/106a_final/install/realsense2_camera:/home/unitree/106a_final/install/realsense2_camera_msgs:/home/unitree/106a_final/install/navigation_return_node:/home/unitree/106a_final/install/navigation_node_two:/home/unitree/106a_final/install/navigation_node_three:/home/unitree/106a_final/install/navigation_node:/home/unitree/106a_final/install/navigatigation_node_three:/home/unitree/106a_final/install/base_driver:/home/unitree/106a_final/install/aruco_node:/home/unitree/106a_final/install/arm_driver:/home/unitree/106a_final/install/arm_control:/home/unitree/cyclonedds_ws/install/rmw_cyclonedds_cpp:/opt/ros/foxy'), ('SHELL', '/bin/bash'), ('LESSCLOSE', '/usr/bin/lesspipe %s %s'), ('PWD', '/home/unitree/106a_final/build/base_driver'), ('LC_ALL', 'en_US.UTF-8'), ('SSH_CONNECTION', '192.168.50.153 39080 192.168.50.28 22'), ('XDG_DATA_DIRS', '/usr/local/share:/usr/share:/var/lib/snapd/desktop'), ('PYTHONPATH', '/home/unitree/106a_final/install/go2_bringup/lib/python3.8/site-packages:/home/unitree/106a_final/install/vision_node/lib/python3.8/site-packages:/home/unitree/106a_final/install/realsense2_camera_msgs/lib/python3.8/site-packages:/home/unitree/106a_final/install/navigation_return_node/lib/python3.8/site-packages:/home/unitree/106a_final/install/navigation_node_two/lib/python3.8/site-packages:/home/unitree/106a_final/install/navigation_node_three/lib/python3.8/site-packages:/home/unitree/106a_final/install/navigation_node/lib/python3.8/site-packages:/home/unitree/106a_final/install/navigatigation_node_three/lib/python3.8/site-packages:/home/unitree/106a_final/install/aruco_node/lib/python3.8/site-packages:/home/unitree/106a_final/install/arm_control/lib/python3.8/site-packages:/opt/ros/foxy/lib/python3.8/site-packages'), ('COLCON', '1'), ('CMAKE_PREFIX_PATH', '/home/unitree/106a_final/install/realsense2_description:/home/unitree/106a_final/install/realsense2_camera:/home/unitree/106a_final/install/realsense2_camera_msgs:/home/unitree/106a_final/install/base_driver:/home/unitree/106a_final/install/arm_driver:/home/unitree/cyclonedds_ws/install/rmw_cyclonedds_cpp:/home/unitree/cyclonedds_ws/install/cyclonedds:/home/unitree/106a_final/install/go2_bringup:/home/unitree/106a_final/install/vision_node:/home/unitree/106a_final/install/navigation_return_node:/home/unitree/106a_final/install/navigation_node_two:/home/unitree/106a_final/install/navigation_node_three:/home/unitree/106a_final/install/navigation_node:/home/unitree/106a_final/install/navigatigation_node_three:/home/unitree/106a_final/install/aruco_node:/home/unitree/106a_final/install/arm_control:/opt/ros/foxy')]), 'shell': False}
[11.326446] (-) TimerEvent: {}
[11.378933] (arm_driver) CommandEnded: {'returncode': 0}
[11.381896] (arm_driver) JobProgress: {'identifier': 'arm_driver', 'progress': 'install'}
[11.426709] (-) TimerEvent: {}
[11.450204] (arm_driver) Command: {'cmd': ['/usr/bin/cmake', '--install', '/home/unitree/106a_final/build/arm_driver'], 'cwd': '/home/unitree/106a_final/build/arm_driver', 'env': OrderedDict([('LESSOPEN', '| /usr/bin/lesspipe %s'), ('USER', 'unitree'), ('SSH_CLIENT', '192.168.50.153 39080 22'), ('XDG_SESSION_TYPE', 'tty'), ('SHLVL', '1'), ('LD_LIBRARY_PATH', '/home/unitree/106a_final/install/realsense2_camera/lib:/home/unitree/106a_final/install/realsense2_camera_msgs/lib:/usr/local/cuda-11.4/lib64:/usr/local/lib:/home/unitree/cyclonedds_ws/install/rmw_cyclonedds_cpp/lib:/home/unitree/cyclonedds_ws/install/cyclonedds/lib:/opt/ros/foxy/opt/yaml_cpp_vendor/lib:/opt/ros/foxy/opt/rviz_ogre_vendor/lib:/opt/ros/foxy/lib/aarch64-linux-gnu:/opt/ros/foxy/lib'), ('MOTD_SHOWN', 'pam'), ('HOME', '/home/unitree'), ('CYCLONEDDS_URI', '/home/unitree/cyclonedds_ws/cyclonedds.xml'), ('OLDPWD', '/home/unitree'), ('SSH_TTY', '/dev/pts/10'), ('ROS_PYTHON_VERSION', '3'), ('DBUS_SESSION_BUS_ADDRESS', 'unix:path=/run/user/1000/bus'), ('COLCON_PREFIX_PATH', '/home/unitree/106a_final/install:/home/unitree/cyclonedds_ws/install'), ('ROS_DISTRO', 'foxy'), ('LOGNAME', 'unitree'), ('_', '/usr/bin/colcon'), ('ROS_VERSION', '2'), ('PKG_CONFIG_PATH', '/home/unitree/cyclonedds_ws/install/cyclonedds/lib/aarch64-linux-gnu/pkgconfig:/home/unitree/cyclonedds_ws/install/cyclonedds/lib/pkgconfig'), ('XDG_SESSION_CLASS', 'user'), ('TERM', 'xterm-256color'), ('XDG_SESSION_ID', '14'), ('ROS_LOCALHOST_ONLY', '0'), ('PATH', '/home/unitree/.local/bin:/usr/local/cuda-11.4/bin:/home/unitree/cyclonedds_ws/install/cyclonedds/bin:/opt/ros/foxy/bin:/usr/local/sbin:/usr/local/bin:/usr/sbin:/usr/bin:/sbin:/bin:/usr/games:/usr/local/games:/snap/bin'), ('XDG_RUNTIME_DIR', '/run/user/1000'), ('LANG', 'en_US.UTF-8'), ('RMW_IMPLEMENTATION', 'rmw_cyclonedds_cpp'), ('LS_COLORS', 'rs=0:di=01;34:ln=01;36:mh=00:pi=40;33:so=01;35:do=01;35:bd=40;33;01:cd=40;33;01:or=40;31;01:mi=00:su=37;41:sg=30;43:ca=30;41:tw=30;42:ow=34;42:st=37;44:ex=01;32:*.tar=01;31:*.tgz=01;31:*.arc=01;31:*.arj=01;31:*.taz=01;31:*.lha=01;31:*.lz4=01;31:*.lzh=01;31:*.lzma=01;31:*.tlz=01;31:*.txz=01;31:*.tzo=01;31:*.t7z=01;31:*.zip=01;31:*.z=01;31:*.dz=01;31:*.gz=01;31:*.lrz=01;31:*.lz=01;31:*.lzo=01;31:*.xz=01;31:*.zst=01;31:*.tzst=01;31:*.bz2=01;31:*.bz=01;31:*.tbz=01;31:*.tbz2=01;31:*.tz=01;31:*.deb=01;31:*.rpm=01;31:*.jar=01;31:*.war=01;31:*.ear=01;31:*.sar=01;31:*.rar=01;31:*.alz=01;31:*.ace=01;31:*.zoo=01;31:*.cpio=01;31:*.7z=01;31:*.rz=01;31:*.cab=01;31:*.wim=01;31:*.swm=01;31:*.dwm=01;31:*.esd=01;31:*.jpg=01;35:*.jpeg=01;35:*.mjpg=01;35:*.mjpeg=01;35:*.gif=01;35:*.bmp=01;35:*.pbm=01;35:*.pgm=01;35:*.ppm=01;35:*.tga=01;35:*.xbm=01;35:*.xpm=01;35:*.tif=01;35:*.tiff=01;35:*.png=01;35:*.svg=01;35:*.svgz=01;35:*.mng=01;35:*.pcx=01;35:*.mov=01;35:*.mpg=01;35:*.mpeg=01;35:*.m2v=01;35:*.mkv=01;35:*.webm=01;35:*.ogm=01;35:*.mp4=01;35:*.m4v=01;35:*.mp4v=01;35:*.vob=01;35:*.qt=01;35:*.nuv=01;35:*.wmv=01;35:*.asf=01;35:*.rm=01;35:*.rmvb=01;35:*.flc=01;35:*.avi=01;35:*.fli=01;35:*.flv=01;35:*.gl=01;35:*.dl=01;35:*.xcf=01;35:*.xwd=01;35:*.yuv=01;35:*.cgm=01;35:*.emf=01;35:*.ogv=01;35:*.ogx=01;35:*.aac=00;36:*.au=00;36:*.flac=00;36:*.m4a=00;36:*.mid=00;36:*.midi=00;36:*.mka=00;36:*.mp3=00;36:*.mpc=00;36:*.ogg=00;36:*.ra=00;36:*.wav=00;36:*.oga=00;36:*.opus=00;36:*.spx=00;36:*.xspf=00;36:'), ('AMENT_PREFIX_PATH', '/home/unitree/106a_final/install/go2_bringup:/home/unitree/106a_final/install/vision_node:/home/unitree/106a_final/install/realsense2_description:/home/unitree/106a_final/install/realsense2_camera:/home/unitree/106a_final/install/realsense2_camera_msgs:/home/unitree/106a_final/install/navigation_return_node:/home/unitree/106a_final/install/navigation_node_two:/home/unitree/106a_final/install/navigation_node_three:/home/unitree/106a_final/install/navigation_node:/home/unitree/106a_final/install/navigatigation_node_three:/home/unitree/106a_final/install/base_driver:/home/unitree/106a_final/install/aruco_node:/home/unitree/106a_final/install/arm_driver:/home/unitree/106a_final/install/arm_control:/home/unitree/cyclonedds_ws/install/rmw_cyclonedds_cpp:/opt/ros/foxy'), ('SHELL', '/bin/bash'), ('LESSCLOSE', '/usr/bin/lesspipe %s %s'), ('PWD', '/home/unitree/106a_final/build/arm_driver'), ('LC_ALL', 'en_US.UTF-8'), ('SSH_CONNECTION', '192.168.50.153 39080 192.168.50.28 22'), ('XDG_DATA_DIRS', '/usr/local/share:/usr/share:/var/lib/snapd/desktop'), ('PYTHONPATH', '/home/unitree/106a_final/install/go2_bringup/lib/python3.8/site-packages:/home/unitree/106a_final/install/vision_node/lib/python3.8/site-packages:/home/unitree/106a_final/install/realsense2_camera_msgs/lib/python3.8/site-packages:/home/unitree/106a_final/install/navigation_return_node/lib/python3.8/site-packages:/home/unitree/106a_final/install/navigation_node_two/lib/python3.8/site-packages:/home/unitree/106a_final/install/navigation_node_three/lib/python3.8/site-packages:/home/unitree/106a_final/install/navigation_node/lib/python3.8/site-packages:/home/unitree/106a_final/install/navigatigation_node_three/lib/python3.8/site-packages:/home/unitree/106a_final/install/aruco_node/lib/python3.8/site-packages:/home/unitree/106a_final/install/arm_control/lib/python3.8/site-packages:/opt/ros/foxy/lib/python3.8/site-packages'), ('COLCON', '1'), ('CMAKE_PREFIX_PATH', '/home/unitree/106a_final/install/realsense2_description:/home/unitree/106a_final/install/realsense2_camera:/home/unitree/106a_final/install/realsense2_camera_msgs:/home/unitree/106a_final/install/base_driver:/home/unitree/106a_final/install/arm_driver:/home/unitree/cyclonedds_ws/install/rmw_cyclonedds_cpp:/home/unitree/cyclonedds_ws/install/cyclonedds:/home/unitree/106a_final/install/go2_bringup:/home/unitree/106a_final/install/vision_node:/home/unitree/106a_final/install/navigation_return_node:/home/unitree/106a_final/install/navigation_node_two:/home/unitree/106a_final/install/navigation_node_three:/home/unitree/106a_final/install/navigation_node:/home/unitree/106a_final/install/navigatigation_node_three:/home/unitree/106a_final/install/aruco_node:/home/unitree/106a_final/install/arm_control:/opt/ros/foxy')]), 'shell': False}
[11.526920] (-) TimerEvent: {}
[11.565315] (arm_driver) StdoutLine: {'line': b'-- Install configuration: ""\n'}
[11.573292] (arm_driver) StdoutLine: {'line': b'-- Up-to-date: /home/unitree/106a_final/install/arm_driver/lib/arm_driver/servo_driver\n'}
[11.577587] (arm_driver) StdoutLine: {'line': b'-- Up-to-date: /home/unitree/106a_final/install/arm_driver/share/arm_driver/launch\n'}
[11.580191] (arm_driver) StdoutLine: {'line': b'-- Up-to-date: /home/unitree/106a_final/install/arm_driver/share/arm_driver/launch/arm_driver.launch.py\n'}
[11.585863] (arm_driver) StdoutLine: {'line': b'-- Up-to-date: /home/unitree/106a_final/install/arm_driver/share/ament_index/resource_index/package_run_dependencies/arm_driver\n'}
[11.589540] (arm_driver) StdoutLine: {'line': b'-- Up-to-date: /home/unitree/106a_final/install/arm_driver/share/ament_index/resource_index/parent_prefix_path/arm_driver\n'}
[11.590423] (arm_driver) StdoutLine: {'line': b'-- Up-to-date: /home/unitree/106a_final/install/arm_driver/share/arm_driver/environment/ament_prefix_path.sh\n'}
[11.590617] (arm_driver) StdoutLine: {'line': b'-- Up-to-date: /home/unitree/106a_final/install/arm_driver/share/arm_driver/environment/ament_prefix_path.dsv\n'}
[11.591000] (arm_driver) StdoutLine: {'line': b'-- Up-to-date: /home/unitree/106a_final/install/arm_driver/share/arm_driver/environment/path.sh\n'}
[11.594658] (arm_driver) StdoutLine: {'line': b'-- Up-to-date: /home/unitree/106a_final/install/arm_driver/share/arm_driver/environment/path.dsv\n'}
[11.595209] (arm_driver) StdoutLine: {'line': b'-- Up-to-date: /home/unitree/106a_final/install/arm_driver/share/arm_driver/local_setup.bash\n'}
[11.595479] (arm_driver) StdoutLine: {'line': b'-- Up-to-date: /home/unitree/106a_final/install/arm_driver/share/arm_driver/local_setup.sh\n'}
[11.595618] (arm_driver) StdoutLine: {'line': b'-- Up-to-date: /home/unitree/106a_final/install/arm_driver/share/arm_driver/local_setup.zsh\n'}
[11.595745] (arm_driver) StdoutLine: {'line': b'-- Up-to-date: /home/unitree/106a_final/install/arm_driver/share/arm_driver/local_setup.dsv\n'}
[11.595891] (arm_driver) StdoutLine: {'line': b'-- Installing: /home/unitree/106a_final/install/arm_driver/share/arm_driver/package.dsv\n'}
[11.596194] (arm_driver) StdoutLine: {'line': b'-- Up-to-date: /home/unitree/106a_final/install/arm_driver/share/ament_index/resource_index/packages/arm_driver\n'}
[11.596338] (arm_driver) StdoutLine: {'line': b'-- Up-to-date: /home/unitree/106a_final/install/arm_driver/share/arm_driver/cmake/arm_driverConfig.cmake\n'}
[11.596490] (arm_driver) StdoutLine: {'line': b'-- Up-to-date: /home/unitree/106a_final/install/arm_driver/share/arm_driver/cmake/arm_driverConfig-version.cmake\n'}
[11.596611] (arm_driver) StdoutLine: {'line': b'-- Up-to-date: /home/unitree/106a_final/install/arm_driver/share/arm_driver/package.xml\n'}
[11.601084] (arm_driver) CommandEnded: {'returncode': 0}
[11.648095] (-) TimerEvent: {}
[11.753508] (-) TimerEvent: {}
[11.854346] (-) TimerEvent: {}
[11.869305] (base_driver) StdoutLine: {'line': b'[ 50%] Built target base_wrapper\n'}
[11.954524] (-) TimerEvent: {}
[12.055578] (-) TimerEvent: {}
[12.156227] (-) TimerEvent: {}
[12.235034] (base_driver) StdoutLine: {'line': b'[100%] Built target base_driver\n'}
[12.256601] (-) TimerEvent: {}
[12.357869] (-) TimerEvent: {}
[12.499213] (-) TimerEvent: {}
[12.609077] (-) TimerEvent: {}
[12.730993] (-) TimerEvent: {}
[12.833098] (-) TimerEvent: {}
[12.934498] (-) TimerEvent: {}
[13.035106] (-) TimerEvent: {}
[13.137147] (-) TimerEvent: {}
[13.268403] (-) TimerEvent: {}
[13.369227] (-) TimerEvent: {}
[13.470618] (-) TimerEvent: {}
[13.571318] (-) TimerEvent: {}
[13.694317] (-) TimerEvent: {}
[13.812489] (-) TimerEvent: {}
[13.915094] (-) TimerEvent: {}
[14.021803] (-) TimerEvent: {}
[14.129661] (-) TimerEvent: {}
[14.234190] (-) TimerEvent: {}
[14.337146] (arm_driver) JobEnded: {'identifier': 'arm_driver', 'rc': 0}
[14.338813] (-) TimerEvent: {}
[14.343305] (navigation_node_three) JobStarted: {'identifier': 'navigation_node_three'}
[14.503807] (-) TimerEvent: {}
[14.621128] (-) TimerEvent: {}
[14.728816] (-) TimerEvent: {}
[14.829630] (-) TimerEvent: {}
[14.944572] (-) TimerEvent: {}
[15.045734] (-) TimerEvent: {}
[15.146891] (-) TimerEvent: {}
[15.250511] (-) TimerEvent: {}
[15.351938] (-) TimerEvent: {}
[15.453100] (-) TimerEvent: {}
[15.556439] (-) TimerEvent: {}
[15.659267] (-) TimerEvent: {}
[15.766157] (-) TimerEvent: {}
[15.867983] (-) TimerEvent: {}
[15.976443] (-) TimerEvent: {}
[16.077393] (-) TimerEvent: {}
[16.185105] (-) TimerEvent: {}
[16.286393] (-) TimerEvent: {}
[16.316037] (base_driver) CommandEnded: {'returncode': 0}
[16.326418] (base_driver) JobProgress: {'identifier': 'base_driver', 'progress': 'install'}
[16.326969] (base_driver) Command: {'cmd': ['/usr/bin/cmake', '--install', '/home/unitree/106a_final/build/base_driver'], 'cwd': '/home/unitree/106a_final/build/base_driver', 'env': OrderedDict([('LESSOPEN', '| /usr/bin/lesspipe %s'), ('USER', 'unitree'), ('SSH_CLIENT', '192.168.50.153 39080 22'), ('XDG_SESSION_TYPE', 'tty'), ('SHLVL', '1'), ('LD_LIBRARY_PATH', '/home/unitree/106a_final/install/realsense2_camera/lib:/home/unitree/106a_final/install/realsense2_camera_msgs/lib:/usr/local/cuda-11.4/lib64:/usr/local/lib:/home/unitree/cyclonedds_ws/install/rmw_cyclonedds_cpp/lib:/home/unitree/cyclonedds_ws/install/cyclonedds/lib:/opt/ros/foxy/opt/yaml_cpp_vendor/lib:/opt/ros/foxy/opt/rviz_ogre_vendor/lib:/opt/ros/foxy/lib/aarch64-linux-gnu:/opt/ros/foxy/lib'), ('MOTD_SHOWN', 'pam'), ('HOME', '/home/unitree'), ('CYCLONEDDS_URI', '/home/unitree/cyclonedds_ws/cyclonedds.xml'), ('OLDPWD', '/home/unitree'), ('SSH_TTY', '/dev/pts/10'), ('ROS_PYTHON_VERSION', '3'), ('DBUS_SESSION_BUS_ADDRESS', 'unix:path=/run/user/1000/bus'), ('COLCON_PREFIX_PATH', '/home/unitree/106a_final/install:/home/unitree/cyclonedds_ws/install'), ('ROS_DISTRO', 'foxy'), ('LOGNAME', 'unitree'), ('_', '/usr/bin/colcon'), ('ROS_VERSION', '2'), ('PKG_CONFIG_PATH', '/home/unitree/cyclonedds_ws/install/cyclonedds/lib/aarch64-linux-gnu/pkgconfig:/home/unitree/cyclonedds_ws/install/cyclonedds/lib/pkgconfig'), ('XDG_SESSION_CLASS', 'user'), ('TERM', 'xterm-256color'), ('XDG_SESSION_ID', '14'), ('ROS_LOCALHOST_ONLY', '0'), ('PATH', '/home/unitree/.local/bin:/usr/local/cuda-11.4/bin:/home/unitree/cyclonedds_ws/install/cyclonedds/bin:/opt/ros/foxy/bin:/usr/local/sbin:/usr/local/bin:/usr/sbin:/usr/bin:/sbin:/bin:/usr/games:/usr/local/games:/snap/bin'), ('XDG_RUNTIME_DIR', '/run/user/1000'), ('LANG', 'en_US.UTF-8'), ('RMW_IMPLEMENTATION', 'rmw_cyclonedds_cpp'), ('LS_COLORS', 'rs=0:di=01;34:ln=01;36:mh=00:pi=40;33:so=01;35:do=01;35:bd=40;33;01:cd=40;33;01:or=40;31;01:mi=00:su=37;41:sg=30;43:ca=30;41:tw=30;42:ow=34;42:st=37;44:ex=01;32:*.tar=01;31:*.tgz=01;31:*.arc=01;31:*.arj=01;31:*.taz=01;31:*.lha=01;31:*.lz4=01;31:*.lzh=01;31:*.lzma=01;31:*.tlz=01;31:*.txz=01;31:*.tzo=01;31:*.t7z=01;31:*.zip=01;31:*.z=01;31:*.dz=01;31:*.gz=01;31:*.lrz=01;31:*.lz=01;31:*.lzo=01;31:*.xz=01;31:*.zst=01;31:*.tzst=01;31:*.bz2=01;31:*.bz=01;31:*.tbz=01;31:*.tbz2=01;31:*.tz=01;31:*.deb=01;31:*.rpm=01;31:*.jar=01;31:*.war=01;31:*.ear=01;31:*.sar=01;31:*.rar=01;31:*.alz=01;31:*.ace=01;31:*.zoo=01;31:*.cpio=01;31:*.7z=01;31:*.rz=01;31:*.cab=01;31:*.wim=01;31:*.swm=01;31:*.dwm=01;31:*.esd=01;31:*.jpg=01;35:*.jpeg=01;35:*.mjpg=01;35:*.mjpeg=01;35:*.gif=01;35:*.bmp=01;35:*.pbm=01;35:*.pgm=01;35:*.ppm=01;35:*.tga=01;35:*.xbm=01;35:*.xpm=01;35:*.tif=01;35:*.tiff=01;35:*.png=01;35:*.svg=01;35:*.svgz=01;35:*.mng=01;35:*.pcx=01;35:*.mov=01;35:*.mpg=01;35:*.mpeg=01;35:*.m2v=01;35:*.mkv=01;35:*.webm=01;35:*.ogm=01;35:*.mp4=01;35:*.m4v=01;35:*.mp4v=01;35:*.vob=01;35:*.qt=01;35:*.nuv=01;35:*.wmv=01;35:*.asf=01;35:*.rm=01;35:*.rmvb=01;35:*.flc=01;35:*.avi=01;35:*.fli=01;35:*.flv=01;35:*.gl=01;35:*.dl=01;35:*.xcf=01;35:*.xwd=01;35:*.yuv=01;35:*.cgm=01;35:*.emf=01;35:*.ogv=01;35:*.ogx=01;35:*.aac=00;36:*.au=00;36:*.flac=00;36:*.m4a=00;36:*.mid=00;36:*.midi=00;36:*.mka=00;36:*.mp3=00;36:*.mpc=00;36:*.ogg=00;36:*.ra=00;36:*.wav=00;36:*.oga=00;36:*.opus=00;36:*.spx=00;36:*.xspf=00;36:'), ('AMENT_PREFIX_PATH', '/home/unitree/106a_final/install/go2_bringup:/home/unitree/106a_final/install/vision_node:/home/unitree/106a_final/install/realsense2_description:/home/unitree/106a_final/install/realsense2_camera:/home/unitree/106a_final/install/realsense2_camera_msgs:/home/unitree/106a_final/install/navigation_return_node:/home/unitree/106a_final/install/navigation_node_two:/home/unitree/106a_final/install/navigation_node_three:/home/unitree/106a_final/install/navigation_node:/home/unitree/106a_final/install/navigatigation_node_three:/home/unitree/106a_final/install/base_driver:/home/unitree/106a_final/install/aruco_node:/home/unitree/106a_final/install/arm_driver:/home/unitree/106a_final/install/arm_control:/home/unitree/cyclonedds_ws/install/rmw_cyclonedds_cpp:/opt/ros/foxy'), ('SHELL', '/bin/bash'), ('LESSCLOSE', '/usr/bin/lesspipe %s %s'), ('PWD', '/home/unitree/106a_final/build/base_driver'), ('LC_ALL', 'en_US.UTF-8'), ('SSH_CONNECTION', '192.168.50.153 39080 192.168.50.28 22'), ('XDG_DATA_DIRS', '/usr/local/share:/usr/share:/var/lib/snapd/desktop'), ('PYTHONPATH', '/home/unitree/106a_final/install/go2_bringup/lib/python3.8/site-packages:/home/unitree/106a_final/install/vision_node/lib/python3.8/site-packages:/home/unitree/106a_final/install/realsense2_camera_msgs/lib/python3.8/site-packages:/home/unitree/106a_final/install/navigation_return_node/lib/python3.8/site-packages:/home/unitree/106a_final/install/navigation_node_two/lib/python3.8/site-packages:/home/unitree/106a_final/install/navigation_node_three/lib/python3.8/site-packages:/home/unitree/106a_final/install/navigation_node/lib/python3.8/site-packages:/home/unitree/106a_final/install/navigatigation_node_three/lib/python3.8/site-packages:/home/unitree/106a_final/install/aruco_node/lib/python3.8/site-packages:/home/unitree/106a_final/install/arm_control/lib/python3.8/site-packages:/opt/ros/foxy/lib/python3.8/site-packages'), ('COLCON', '1'), ('CMAKE_PREFIX_PATH', '/home/unitree/106a_final/install/realsense2_description:/home/unitree/106a_final/install/realsense2_camera:/home/unitree/106a_final/install/realsense2_camera_msgs:/home/unitree/106a_final/install/base_driver:/home/unitree/106a_final/install/arm_driver:/home/unitree/cyclonedds_ws/install/rmw_cyclonedds_cpp:/home/unitree/cyclonedds_ws/install/cyclonedds:/home/unitree/106a_final/install/go2_bringup:/home/unitree/106a_final/install/vision_node:/home/unitree/106a_final/install/navigation_return_node:/home/unitree/106a_final/install/navigation_node_two:/home/unitree/106a_final/install/navigation_node_three:/home/unitree/106a_final/install/navigation_node:/home/unitree/106a_final/install/navigatigation_node_three:/home/unitree/106a_final/install/aruco_node:/home/unitree/106a_final/install/arm_control:/opt/ros/foxy')]), 'shell': False}
[16.345120] (arm_control) Command: {'cmd': ['/usr/bin/python3', 'setup.py', 'egg_info', '--egg-base', '../../build/arm_control', 'build', '--build-base', '/home/unitree/106a_final/build/arm_control/build', 'install', '--record', '/home/unitree/106a_final/build/arm_control/install.log', '--install-scripts', '$base/lib/arm_control', '--single-version-externally-managed'], 'cwd': '/home/unitree/106a_final/src/arm_control', 'env': {'LESSOPEN': '| /usr/bin/lesspipe %s', 'USER': 'unitree', 'SSH_CLIENT': '192.168.50.153 39080 22', 'XDG_SESSION_TYPE': 'tty', 'SHLVL': '1', 'LD_LIBRARY_PATH': '/home/unitree/106a_final/install/realsense2_camera/lib:/home/unitree/106a_final/install/realsense2_camera_msgs/lib:/usr/local/cuda-11.4/lib64:/usr/local/lib:/home/unitree/cyclonedds_ws/install/rmw_cyclonedds_cpp/lib:/home/unitree/cyclonedds_ws/install/cyclonedds/lib:/opt/ros/foxy/opt/yaml_cpp_vendor/lib:/opt/ros/foxy/opt/rviz_ogre_vendor/lib:/opt/ros/foxy/lib/aarch64-linux-gnu:/opt/ros/foxy/lib', 'MOTD_SHOWN': 'pam', 'HOME': '/home/unitree', 'CYCLONEDDS_URI': '/home/unitree/cyclonedds_ws/cyclonedds.xml', 'OLDPWD': '/home/unitree', 'SSH_TTY': '/dev/pts/10', 'ROS_PYTHON_VERSION': '3', 'DBUS_SESSION_BUS_ADDRESS': 'unix:path=/run/user/1000/bus', 'COLCON_PREFIX_PATH': '/home/unitree/106a_final/install:/home/unitree/cyclonedds_ws/install', 'ROS_DISTRO': 'foxy', 'LOGNAME': 'unitree', '_': '/usr/bin/colcon', 'ROS_VERSION': '2', 'PKG_CONFIG_PATH': '/home/unitree/cyclonedds_ws/install/cyclonedds/lib/aarch64-linux-gnu/pkgconfig:/home/unitree/cyclonedds_ws/install/cyclonedds/lib/pkgconfig', 'XDG_SESSION_CLASS': 'user', 'TERM': 'xterm-256color', 'XDG_SESSION_ID': '14', 'ROS_LOCALHOST_ONLY': '0', 'PATH': '/home/unitree/.local/bin:/usr/local/cuda-11.4/bin:/home/unitree/cyclonedds_ws/install/cyclonedds/bin:/opt/ros/foxy/bin:/usr/local/sbin:/usr/local/bin:/usr/sbin:/usr/bin:/sbin:/bin:/usr/games:/usr/local/games:/snap/bin', 'XDG_RUNTIME_DIR': '/run/user/1000', 'LANG': 'en_US.UTF-8', 'RMW_IMPLEMENTATION': 'rmw_cyclonedds_cpp', 'LS_COLORS': 'rs=0:di=01;34:ln=01;36:mh=00:pi=40;33:so=01;35:do=01;35:bd=40;33;01:cd=40;33;01:or=40;31;01:mi=00:su=37;41:sg=30;43:ca=30;41:tw=30;42:ow=34;42:st=37;44:ex=01;32:*.tar=01;31:*.tgz=01;31:*.arc=01;31:*.arj=01;31:*.taz=01;31:*.lha=01;31:*.lz4=01;31:*.lzh=01;31:*.lzma=01;31:*.tlz=01;31:*.txz=01;31:*.tzo=01;31:*.t7z=01;31:*.zip=01;31:*.z=01;31:*.dz=01;31:*.gz=01;31:*.lrz=01;31:*.lz=01;31:*.lzo=01;31:*.xz=01;31:*.zst=01;31:*.tzst=01;31:*.bz2=01;31:*.bz=01;31:*.tbz=01;31:*.tbz2=01;31:*.tz=01;31:*.deb=01;31:*.rpm=01;31:*.jar=01;31:*.war=01;31:*.ear=01;31:*.sar=01;31:*.rar=01;31:*.alz=01;31:*.ace=01;31:*.zoo=01;31:*.cpio=01;31:*.7z=01;31:*.rz=01;31:*.cab=01;31:*.wim=01;31:*.swm=01;31:*.dwm=01;31:*.esd=01;31:*.jpg=01;35:*.jpeg=01;35:*.mjpg=01;35:*.mjpeg=01;35:*.gif=01;35:*.bmp=01;35:*.pbm=01;35:*.pgm=01;35:*.ppm=01;35:*.tga=01;35:*.xbm=01;35:*.xpm=01;35:*.tif=01;35:*.tiff=01;35:*.png=01;35:*.svg=01;35:*.svgz=01;35:*.mng=01;35:*.pcx=01;35:*.mov=01;35:*.mpg=01;35:*.mpeg=01;35:*.m2v=01;35:*.mkv=01;35:*.webm=01;35:*.ogm=01;35:*.mp4=01;35:*.m4v=01;35:*.mp4v=01;35:*.vob=01;35:*.qt=01;35:*.nuv=01;35:*.wmv=01;35:*.asf=01;35:*.rm=01;35:*.rmvb=01;35:*.flc=01;35:*.avi=01;35:*.fli=01;35:*.flv=01;35:*.gl=01;35:*.dl=01;35:*.xcf=01;35:*.xwd=01;35:*.yuv=01;35:*.cgm=01;35:*.emf=01;35:*.ogv=01;35:*.ogx=01;35:*.aac=00;36:*.au=00;36:*.flac=00;36:*.m4a=00;36:*.mid=00;36:*.midi=00;36:*.mka=00;36:*.mp3=00;36:*.mpc=00;36:*.ogg=00;36:*.ra=00;36:*.wav=00;36:*.oga=00;36:*.opus=00;36:*.spx=00;36:*.xspf=00;36:', 'AMENT_PREFIX_PATH': '/home/unitree/106a_final/install/go2_bringup:/home/unitree/106a_final/install/vision_node:/home/unitree/106a_final/install/realsense2_description:/home/unitree/106a_final/install/realsense2_camera:/home/unitree/106a_final/install/realsense2_camera_msgs:/home/unitree/106a_final/install/navigation_return_node:/home/unitree/106a_final/install/navigation_node_two:/home/unitree/106a_final/install/navigation_node_three:/home/unitree/106a_final/install/navigation_node:/home/unitree/106a_final/install/navigatigation_node_three:/home/unitree/106a_final/install/base_driver:/home/unitree/106a_final/install/aruco_node:/home/unitree/106a_final/install/arm_driver:/home/unitree/106a_final/install/arm_control:/home/unitree/cyclonedds_ws/install/rmw_cyclonedds_cpp:/opt/ros/foxy', 'SHELL': '/bin/bash', 'LESSCLOSE': '/usr/bin/lesspipe %s %s', 'PWD': '/home/unitree/106a_final/build/arm_control', 'LC_ALL': 'en_US.UTF-8', 'SSH_CONNECTION': '192.168.50.153 39080 192.168.50.28 22', 'XDG_DATA_DIRS': '/usr/local/share:/usr/share:/var/lib/snapd/desktop', 'PYTHONPATH': '/home/unitree/106a_final/build/arm_control/prefix_override:/home/unitree/106a_final/install/arm_control/lib/python3.8/site-packages:/home/unitree/106a_final/install/go2_bringup/lib/python3.8/site-packages:/home/unitree/106a_final/install/vision_node/lib/python3.8/site-packages:/home/unitree/106a_final/install/realsense2_camera_msgs/lib/python3.8/site-packages:/home/unitree/106a_final/install/navigation_return_node/lib/python3.8/site-packages:/home/unitree/106a_final/install/navigation_node_two/lib/python3.8/site-packages:/home/unitree/106a_final/install/navigation_node_three/lib/python3.8/site-packages:/home/unitree/106a_final/install/navigation_node/lib/python3.8/site-packages:/home/unitree/106a_final/install/navigatigation_node_three/lib/python3.8/site-packages:/home/unitree/106a_final/install/aruco_node/lib/python3.8/site-packages:/home/unitree/106a_final/install/arm_control/lib/python3.8/site-packages:/opt/ros/foxy/lib/python3.8/site-packages', 'COLCON': '1', 'CMAKE_PREFIX_PATH': '/home/unitree/106a_final/install/realsense2_description:/home/unitree/106a_final/install/realsense2_camera:/home/unitree/106a_final/install/realsense2_camera_msgs:/home/unitree/106a_final/install/base_driver:/home/unitree/106a_final/install/arm_driver:/home/unitree/cyclonedds_ws/install/rmw_cyclonedds_cpp:/home/unitree/cyclonedds_ws/install/cyclonedds'}, 'shell': False}
[16.386555] (-) TimerEvent: {}
[16.403034] (aruco_node) Command: {'cmd': ['/usr/bin/python3', 'setup.py', 'egg_info', '--egg-base', '../../build/aruco_node', 'build', '--build-base', '/home/unitree/106a_final/build/aruco_node/build', 'install', '--record', '/home/unitree/106a_final/build/aruco_node/install.log', '--single-version-externally-managed'], 'cwd': '/home/unitree/106a_final/src/aruco_node', 'env': {'LESSOPEN': '| /usr/bin/lesspipe %s', 'USER': 'unitree', 'SSH_CLIENT': '192.168.50.153 39080 22', 'XDG_SESSION_TYPE': 'tty', 'SHLVL': '1', 'LD_LIBRARY_PATH': '/home/unitree/106a_final/install/realsense2_camera/lib:/home/unitree/106a_final/install/realsense2_camera_msgs/lib:/usr/local/cuda-11.4/lib64:/usr/local/lib:/home/unitree/cyclonedds_ws/install/rmw_cyclonedds_cpp/lib:/home/unitree/cyclonedds_ws/install/cyclonedds/lib:/opt/ros/foxy/opt/yaml_cpp_vendor/lib:/opt/ros/foxy/opt/rviz_ogre_vendor/lib:/opt/ros/foxy/lib/aarch64-linux-gnu:/opt/ros/foxy/lib', 'MOTD_SHOWN': 'pam', 'HOME': '/home/unitree', 'CYCLONEDDS_URI': '/home/unitree/cyclonedds_ws/cyclonedds.xml', 'OLDPWD': '/home/unitree', 'SSH_TTY': '/dev/pts/10', 'ROS_PYTHON_VERSION': '3', 'DBUS_SESSION_BUS_ADDRESS': 'unix:path=/run/user/1000/bus', 'COLCON_PREFIX_PATH': '/home/unitree/106a_final/install:/home/unitree/cyclonedds_ws/install', 'ROS_DISTRO': 'foxy', 'LOGNAME': 'unitree', '_': '/usr/bin/colcon', 'ROS_VERSION': '2', 'PKG_CONFIG_PATH': '/home/unitree/cyclonedds_ws/install/cyclonedds/lib/aarch64-linux-gnu/pkgconfig:/home/unitree/cyclonedds_ws/install/cyclonedds/lib/pkgconfig', 'XDG_SESSION_CLASS': 'user', 'TERM': 'xterm-256color', 'XDG_SESSION_ID': '14', 'ROS_LOCALHOST_ONLY': '0', 'PATH': '/home/unitree/.local/bin:/usr/local/cuda-11.4/bin:/home/unitree/cyclonedds_ws/install/cyclonedds/bin:/opt/ros/foxy/bin:/usr/local/sbin:/usr/local/bin:/usr/sbin:/usr/bin:/sbin:/bin:/usr/games:/usr/local/games:/snap/bin', 'XDG_RUNTIME_DIR': '/run/user/1000', 'LANG': 'en_US.UTF-8', 'RMW_IMPLEMENTATION': 'rmw_cyclonedds_cpp', 'LS_COLORS': 'rs=0:di=01;34:ln=01;36:mh=00:pi=40;33:so=01;35:do=01;35:bd=40;33;01:cd=40;33;01:or=40;31;01:mi=00:su=37;41:sg=30;43:ca=30;41:tw=30;42:ow=34;42:st=37;44:ex=01;32:*.tar=01;31:*.tgz=01;31:*.arc=01;31:*.arj=01;31:*.taz=01;31:*.lha=01;31:*.lz4=01;31:*.lzh=01;31:*.lzma=01;31:*.tlz=01;31:*.txz=01;31:*.tzo=01;31:*.t7z=01;31:*.zip=01;31:*.z=01;31:*.dz=01;31:*.gz=01;31:*.lrz=01;31:*.lz=01;31:*.lzo=01;31:*.xz=01;31:*.zst=01;31:*.tzst=01;31:*.bz2=01;31:*.bz=01;31:*.tbz=01;31:*.tbz2=01;31:*.tz=01;31:*.deb=01;31:*.rpm=01;31:*.jar=01;31:*.war=01;31:*.ear=01;31:*.sar=01;31:*.rar=01;31:*.alz=01;31:*.ace=01;31:*.zoo=01;31:*.cpio=01;31:*.7z=01;31:*.rz=01;31:*.cab=01;31:*.wim=01;31:*.swm=01;31:*.dwm=01;31:*.esd=01;31:*.jpg=01;35:*.jpeg=01;35:*.mjpg=01;35:*.mjpeg=01;35:*.gif=01;35:*.bmp=01;35:*.pbm=01;35:*.pgm=01;35:*.ppm=01;35:*.tga=01;35:*.xbm=01;35:*.xpm=01;35:*.tif=01;35:*.tiff=01;35:*.png=01;35:*.svg=01;35:*.svgz=01;35:*.mng=01;35:*.pcx=01;35:*.mov=01;35:*.mpg=01;35:*.mpeg=01;35:*.m2v=01;35:*.mkv=01;35:*.webm=01;35:*.ogm=01;35:*.mp4=01;35:*.m4v=01;35:*.mp4v=01;35:*.vob=01;35:*.qt=01;35:*.nuv=01;35:*.wmv=01;35:*.asf=01;35:*.rm=01;35:*.rmvb=01;35:*.flc=01;35:*.avi=01;35:*.fli=01;35:*.flv=01;35:*.gl=01;35:*.dl=01;35:*.xcf=01;35:*.xwd=01;35:*.yuv=01;35:*.cgm=01;35:*.emf=01;35:*.ogv=01;35:*.ogx=01;35:*.aac=00;36:*.au=00;36:*.flac=00;36:*.m4a=00;36:*.mid=00;36:*.midi=00;36:*.mka=00;36:*.mp3=00;36:*.mpc=00;36:*.ogg=00;36:*.ra=00;36:*.wav=00;36:*.oga=00;36:*.opus=00;36:*.spx=00;36:*.xspf=00;36:', 'AMENT_PREFIX_PATH': '/home/unitree/106a_final/install/go2_bringup:/home/unitree/106a_final/install/vision_node:/home/unitree/106a_final/install/realsense2_description:/home/unitree/106a_final/install/realsense2_camera:/home/unitree/106a_final/install/realsense2_camera_msgs:/home/unitree/106a_final/install/navigation_return_node:/home/unitree/106a_final/install/navigation_node_two:/home/unitree/106a_final/install/navigation_node_three:/home/unitree/106a_final/install/navigation_node:/home/unitree/106a_final/install/navigatigation_node_three:/home/unitree/106a_final/install/base_driver:/home/unitree/106a_final/install/aruco_node:/home/unitree/106a_final/install/arm_driver:/home/unitree/106a_final/install/arm_control:/home/unitree/cyclonedds_ws/install/rmw_cyclonedds_cpp:/opt/ros/foxy', 'SHELL': '/bin/bash', 'LESSCLOSE': '/usr/bin/lesspipe %s %s', 'PWD': '/home/unitree/106a_final/build/aruco_node', 'LC_ALL': 'en_US.UTF-8', 'SSH_CONNECTION': '192.168.50.153 39080 192.168.50.28 22', 'XDG_DATA_DIRS': '/usr/local/share:/usr/share:/var/lib/snapd/desktop', 'PYTHONPATH': '/home/unitree/106a_final/build/aruco_node/prefix_override:/home/unitree/106a_final/install/aruco_node/lib/python3.8/site-packages:/home/unitree/106a_final/install/go2_bringup/lib/python3.8/site-packages:/home/unitree/106a_final/install/vision_node/lib/python3.8/site-packages:/home/unitree/106a_final/install/realsense2_camera_msgs/lib/python3.8/site-packages:/home/unitree/106a_final/install/navigation_return_node/lib/python3.8/site-packages:/home/unitree/106a_final/install/navigation_node_two/lib/python3.8/site-packages:/home/unitree/106a_final/install/navigation_node_three/lib/python3.8/site-packages:/home/unitree/106a_final/install/navigation_node/lib/python3.8/site-packages:/home/unitree/106a_final/install/navigatigation_node_three/lib/python3.8/site-packages:/home/unitree/106a_final/install/aruco_node/lib/python3.8/site-packages:/home/unitree/106a_final/install/arm_control/lib/python3.8/site-packages:/opt/ros/foxy/lib/python3.8/site-packages', 'COLCON': '1', 'CMAKE_PREFIX_PATH': '/home/unitree/106a_final/install/realsense2_description:/home/unitree/106a_final/install/realsense2_camera:/home/unitree/106a_final/install/realsense2_camera_msgs:/home/unitree/106a_final/install/base_driver:/home/unitree/106a_final/install/arm_driver:/home/unitree/cyclonedds_ws/install/rmw_cyclonedds_cpp:/home/unitree/cyclonedds_ws/install/cyclonedds'}, 'shell': False}
[16.417700] (base_driver) StdoutLine: {'line': b'-- Install configuration: ""\n'}
[16.420036] (base_driver) StdoutLine: {'line': b'-- Up-to-date: /home/unitree/106a_final/install/base_driver/lib/base_driver/base_driver\n'}
[16.427469] (base_driver) StdoutLine: {'line': b'-- Up-to-date: /home/unitree/106a_final/install/base_driver/lib/base_driver/libbase_wrapper.a\n'}
[16.428505] (base_driver) StdoutLine: {'line': b'-- Up-to-date: /home/unitree/106a_final/install/base_driver/include\n'}
[16.429091] (base_driver) StdoutLine: {'line': b'-- Up-to-date: /home/unitree/106a_final/install/base_driver/include/base_driver\n'}
[16.429859] (base_driver) StdoutLine: {'line': b'-- Up-to-date: /home/unitree/106a_final/install/base_driver/share/ament_index/resource_index/package_run_dependencies/base_driver\n'}
[16.430512] (base_driver) StdoutLine: {'line': b'-- Up-to-date: /home/unitree/106a_final/install/base_driver/share/ament_index/resource_index/parent_prefix_path/base_driver\n'}
[16.435308] (base_driver) StdoutLine: {'line': b'-- Up-to-date: /home/unitree/106a_final/install/base_driver/share/base_driver/environment/ament_prefix_path.sh\n'}
[16.444706] (base_driver) StdoutLine: {'line': b'-- Up-to-date: /home/unitree/106a_final/install/base_driver/share/base_driver/environment/ament_prefix_path.dsv\n'}
[16.446089] (base_driver) StdoutLine: {'line': b'-- Up-to-date: /home/unitree/106a_final/install/base_driver/share/base_driver/environment/path.sh\n'}
[16.446822] (base_driver) StdoutLine: {'line': b'-- Up-to-date: /home/unitree/106a_final/install/base_driver/share/base_driver/environment/path.dsv\n'}
[16.447354] (base_driver) StdoutLine: {'line': b'-- Up-to-date: /home/unitree/106a_final/install/base_driver/share/base_driver/local_setup.bash\n'}
[16.447861] (base_driver) StdoutLine: {'line': b'-- Up-to-date: /home/unitree/106a_final/install/base_driver/share/base_driver/local_setup.sh\n'}
[16.448426] (base_driver) StdoutLine: {'line': b'-- Up-to-date: /home/unitree/106a_final/install/base_driver/share/base_driver/local_setup.zsh\n'}
[16.449100] (base_driver) StdoutLine: {'line': b'-- Up-to-date: /home/unitree/106a_final/install/base_driver/share/base_driver/local_setup.dsv\n'}
[16.451253] (base_driver) StdoutLine: {'line': b'-- Installing: /home/unitree/106a_final/install/base_driver/share/base_driver/package.dsv\n'}
[16.454917] (base_driver) StdoutLine: {'line': b'-- Up-to-date: /home/unitree/106a_final/install/base_driver/share/ament_index/resource_index/packages/base_driver\n'}
[16.455723] (base_driver) StdoutLine: {'line': b'-- Up-to-date: /home/unitree/106a_final/install/base_driver/share/base_driver/cmake/base_driverConfig.cmake\n'}
[16.459184] (base_driver) StdoutLine: {'line': b'-- Up-to-date: /home/unitree/106a_final/install/base_driver/share/base_driver/cmake/base_driverConfig-version.cmake\n'}
[16.465269] (base_driver) StdoutLine: {'line': b'-- Up-to-date: /home/unitree/106a_final/install/base_driver/share/base_driver/package.xml\n'}
[16.486960] (-) TimerEvent: {}
[16.588144] (-) TimerEvent: {}
[16.689834] (-) TimerEvent: {}
[16.792613] (-) TimerEvent: {}
[16.896168] (-) TimerEvent: {}
[16.997358] (-) TimerEvent: {}
[17.098320] (-) TimerEvent: {}
[17.199337] (-) TimerEvent: {}
[17.228628] (arm_control) StdoutLine: {'line': b'running egg_info\n'}
[17.230057] (arm_control) StdoutLine: {'line': b'writing ../../build/arm_control/arm_control.egg-info/PKG-INFO\n'}
[17.231206] (arm_control) StdoutLine: {'line': b'writing dependency_links to ../../build/arm_control/arm_control.egg-info/dependency_links.txt\n'}
[17.232160] (arm_control) StdoutLine: {'line': b'writing entry points to ../../build/arm_control/arm_control.egg-info/entry_points.txt\n'}
[17.232997] (arm_control) StdoutLine: {'line': b'writing requirements to ../../build/arm_control/arm_control.egg-info/requires.txt\n'}
[17.233709] (arm_control) StdoutLine: {'line': b'writing top-level names to ../../build/arm_control/arm_control.egg-info/top_level.txt\n'}
[17.299544] (-) TimerEvent: {}
[17.356540] (arm_control) StdoutLine: {'line': b"reading manifest file '../../build/arm_control/arm_control.egg-info/SOURCES.txt'\n"}
[17.371060] (arm_control) StdoutLine: {'line': b"writing manifest file '../../build/arm_control/arm_control.egg-info/SOURCES.txt'\n"}
[17.371694] (arm_control) StdoutLine: {'line': b'running build\n'}
[17.371907] (arm_control) StdoutLine: {'line': b'running build_py\n'}
[17.376351] (arm_control) StdoutLine: {'line': b'running install\n'}
[17.378747] (arm_control) StdoutLine: {'line': b'running install_lib\n'}
[17.382640] (arm_control) StdoutLine: {'line': b'running install_data\n'}
[17.395074] (arm_control) StdoutLine: {'line': b'running install_egg_info\n'}
[17.401167] (-) TimerEvent: {}
[17.405387] (arm_control) StdoutLine: {'line': b"removing '/home/unitree/106a_final/install/arm_control/lib/python3.8/site-packages/arm_control-0.0.0-py3.8.egg-info' (and everything under it)\n"}
[17.407429] (arm_control) StdoutLine: {'line': b'Copying ../../build/arm_control/arm_control.egg-info to /home/unitree/106a_final/install/arm_control/lib/python3.8/site-packages/arm_control-0.0.0-py3.8.egg-info\n'}
[17.413443] (arm_control) StdoutLine: {'line': b'running install_scripts\n'}
[17.501471] (-) TimerEvent: {}
[17.502463] (arm_control) StdoutLine: {'line': b'Installing arm_node script to /home/unitree/106a_final/install/arm_control/lib/arm_control\n'}
[17.502984] (arm_control) StdoutLine: {'line': b'Installing servo_driver script to /home/unitree/106a_final/install/arm_control/lib/arm_control\n'}
[17.504110] (arm_control) StdoutLine: {'line': b"writing list of installed files to '/home/unitree/106a_final/build/arm_control/install.log'\n"}
[17.571233] (aruco_node) StdoutLine: {'line': b'running egg_info\n'}
[17.573158] (aruco_node) StdoutLine: {'line': b'writing ../../build/aruco_node/aruco_node.egg-info/PKG-INFO\n'}
[17.573840] (aruco_node) StdoutLine: {'line': b'writing dependency_links to ../../build/aruco_node/aruco_node.egg-info/dependency_links.txt\n'}
[17.574218] (aruco_node) StdoutLine: {'line': b'writing entry points to ../../build/aruco_node/aruco_node.egg-info/entry_points.txt\n'}
[17.574553] (aruco_node) StdoutLine: {'line': b'writing requirements to ../../build/aruco_node/aruco_node.egg-info/requires.txt\n'}
[17.574916] (aruco_node) StdoutLine: {'line': b'writing top-level names to ../../build/aruco_node/aruco_node.egg-info/top_level.txt\n'}
[17.601610] (-) TimerEvent: {}
[17.671046] (aruco_node) StdoutLine: {'line': b"reading manifest file '../../build/aruco_node/aruco_node.egg-info/SOURCES.txt'\n"}
[17.671533] (aruco_node) StdoutLine: {'line': b"writing manifest file '../../build/aruco_node/aruco_node.egg-info/SOURCES.txt'\n"}
[17.671696] (aruco_node) StdoutLine: {'line': b'running build\n'}
[17.671830] (aruco_node) StdoutLine: {'line': b'running build_py\n'}
[17.671955] (aruco_node) StdoutLine: {'line': b'running install\n'}
[17.684374] (aruco_node) StdoutLine: {'line': b'running install_lib\n'}
[17.685067] (aruco_node) StdoutLine: {'line': b'running install_data\n'}
[17.685294] (aruco_node) StdoutLine: {'line': b'running install_egg_info\n'}
[17.687827] (aruco_node) StdoutLine: {'line': b"removing '/home/unitree/106a_final/install/aruco_node/lib/python3.8/site-packages/aruco_node-0.0.0-py3.8.egg-info' (and everything under it)\n"}
[17.688302] (aruco_node) StdoutLine: {'line': b'Copying ../../build/aruco_node/aruco_node.egg-info to /home/unitree/106a_final/install/aruco_node/lib/python3.8/site-packages/aruco_node-0.0.0-py3.8.egg-info\n'}
[17.688795] (aruco_node) StdoutLine: {'line': b'running install_scripts\n'}
[17.701972] (-) TimerEvent: {}
[17.758671] (aruco_node) StdoutLine: {'line': b'Installing aruco script to /home/unitree/106a_final/install/aruco_node/lib/aruco_node\n'}
[17.763315] (aruco_node) StdoutLine: {'line': b"writing list of installed files to '/home/unitree/106a_final/build/aruco_node/install.log'\n"}
[17.819437] (-) TimerEvent: {}
[17.922046] (-) TimerEvent: {}
[18.022834] (-) TimerEvent: {}
[18.123769] (-) TimerEvent: {}
[18.227241] (-) TimerEvent: {}
[18.330616] (-) TimerEvent: {}
[18.431487] (-) TimerEvent: {}
[18.537514] (-) TimerEvent: {}
[18.645855] (-) TimerEvent: {}
[18.724827] (base_driver) CommandEnded: {'returncode': 0}
[18.767589] (-) TimerEvent: {}
[18.869029] (-) TimerEvent: {}
[18.970757] (-) TimerEvent: {}
[19.072220] (-) TimerEvent: {}
[19.185289] (-) TimerEvent: {}
[19.294759] (-) TimerEvent: {}
[19.437097] (-) TimerEvent: {}
[19.550823] (-) TimerEvent: {}
[19.660051] (-) TimerEvent: {}
[19.762545] (-) TimerEvent: {}
[19.864252] (-) TimerEvent: {}
[19.966950] (-) TimerEvent: {}
[20.072271] (-) TimerEvent: {}
[20.175142] (-) TimerEvent: {}
[20.276204] (-) TimerEvent: {}
[20.377687] (-) TimerEvent: {}
[20.478741] (-) TimerEvent: {}
[20.549891] (base_driver) JobEnded: {'identifier': 'base_driver', 'rc': 0}
[20.561542] (navigation_return_node) JobStarted: {'identifier': 'navigation_return_node'}
[20.594602] (-) TimerEvent: {}
[20.699569] (-) TimerEvent: {}
[20.800334] (-) TimerEvent: {}
[20.902415] (-) TimerEvent: {}
[21.010696] (-) TimerEvent: {}
[21.112288] (-) TimerEvent: {}
[21.214073] (-) TimerEvent: {}
[21.314843] (-) TimerEvent: {}
[21.421752] (-) TimerEvent: {}
[21.541079] (-) TimerEvent: {}
[21.643161] (-) TimerEvent: {}
[21.761089] (-) TimerEvent: {}
[21.864767] (-) TimerEvent: {}
[21.977050] (-) TimerEvent: {}
[22.078718] (-) TimerEvent: {}
[22.181607] (-) TimerEvent: {}
[22.238246] (arm_control) CommandEnded: {'returncode': 0}
[22.304158] (-) TimerEvent: {}
[22.406004] (-) TimerEvent: {}
[22.507292] (-) TimerEvent: {}
[22.608431] (-) TimerEvent: {}
[22.860181] (-) TimerEvent: {}
[22.960977] (-) TimerEvent: {}
[22.977210] (arm_control) JobEnded: {'identifier': 'arm_control', 'rc': 0}
[22.978475] (aruco_node) CommandEnded: {'returncode': 0}
[23.061980] (-) TimerEvent: {}
[23.167754] (-) TimerEvent: {}
[23.268410] (-) TimerEvent: {}
[23.370205] (-) TimerEvent: {}
[23.488357] (-) TimerEvent: {}
[23.594681] (-) TimerEvent: {}
[23.660605] (aruco_node) JobEnded: {'identifier': 'aruco_node', 'rc': 0}
[23.665576] (vision_node) JobStarted: {'identifier': 'vision_node'}
[23.697740] (-) TimerEvent: {}
[23.802159] (-) TimerEvent: {}
[23.905588] (-) TimerEvent: {}
[24.017100] (-) TimerEvent: {}
[24.118796] (-) TimerEvent: {}
[24.219737] (-) TimerEvent: {}
[24.323499] (-) TimerEvent: {}
[24.426943] (-) TimerEvent: {}
[24.527680] (-) TimerEvent: {}
[24.628517] (-) TimerEvent: {}
[24.730021] (-) TimerEvent: {}
[24.791224] (navigation_node) JobStarted: {'identifier': 'navigation_node'}
[24.830238] (-) TimerEvent: {}
[24.931476] (-) TimerEvent: {}
[25.036366] (-) TimerEvent: {}
[25.155195] (-) TimerEvent: {}
[25.257189] (-) TimerEvent: {}
[25.358459] (-) TimerEvent: {}
[25.469584] (-) TimerEvent: {}
[25.570438] (-) TimerEvent: {}
[25.672402] (-) TimerEvent: {}
[25.795168] (-) TimerEvent: {}
[25.895919] (-) TimerEvent: {}
[25.996593] (-) TimerEvent: {}
[26.103192] (-) TimerEvent: {}
[26.207661] (-) TimerEvent: {}
[26.314201] (-) TimerEvent: {}
[26.415467] (-) TimerEvent: {}
[26.516464] (-) TimerEvent: {}
[26.617605] (-) TimerEvent: {}
[26.718722] (-) TimerEvent: {}
[26.819373] (-) TimerEvent: {}
[26.920073] (-) TimerEvent: {}
[27.020752] (-) TimerEvent: {}
[27.121426] (-) TimerEvent: {}
[27.222140] (-) TimerEvent: {}
[27.323241] (-) TimerEvent: {}
[27.424245] (-) TimerEvent: {}
[27.525279] (-) TimerEvent: {}
[27.626314] (-) TimerEvent: {}
[27.727775] (-) TimerEvent: {}
[27.828802] (-) TimerEvent: {}
[27.929967] (-) TimerEvent: {}
[28.031068] (-) TimerEvent: {}
[28.133460] (-) TimerEvent: {}
[28.234425] (-) TimerEvent: {}
[28.335443] (-) TimerEvent: {}
[28.436605] (-) TimerEvent: {}
[28.538149] (-) TimerEvent: {}
[28.639819] (-) TimerEvent: {}
[28.742926] (-) TimerEvent: {}
[28.869183] (-) TimerEvent: {}
[28.975640] (-) TimerEvent: {}
[29.101134] (-) TimerEvent: {}
[29.203600] (-) TimerEvent: {}
[29.313456] (-) TimerEvent: {}
[29.416768] (-) TimerEvent: {}
[29.517732] (-) TimerEvent: {}
[29.619305] (-) TimerEvent: {}
[29.722033] (-) TimerEvent: {}
[29.849096] (-) TimerEvent: {}
[29.949788] (-) TimerEvent: {}
[30.050414] (-) TimerEvent: {}
[30.151615] (-) TimerEvent: {}
[30.253937] (-) TimerEvent: {}
[30.355228] (-) TimerEvent: {}
[30.456306] (-) TimerEvent: {}
[30.557412] (-) TimerEvent: {}
[30.658514] (-) TimerEvent: {}
[30.760976] (-) TimerEvent: {}
[30.861818] (-) TimerEvent: {}
[30.962895] (-) TimerEvent: {}
[31.063935] (-) TimerEvent: {}
[31.165303] (-) TimerEvent: {}
[31.266454] (-) TimerEvent: {}
[31.367149] (-) TimerEvent: {}
[31.468217] (-) TimerEvent: {}
[31.569444] (-) TimerEvent: {}
[31.670617] (-) TimerEvent: {}
[31.783356] (-) TimerEvent: {}
[31.884562] (-) TimerEvent: {}
[31.990647] (-) TimerEvent: {}
[32.091759] (-) TimerEvent: {}
[32.196057] (-) TimerEvent: {}
[32.297453] (-) TimerEvent: {}
[32.407901] (-) TimerEvent: {}
[32.514160] (-) TimerEvent: {}
[32.631252] (-) TimerEvent: {}
[32.735981] (-) TimerEvent: {}
[32.867392] (-) TimerEvent: {}
[32.971349] (-) TimerEvent: {}
[33.075978] (-) TimerEvent: {}
[33.193225] (-) TimerEvent: {}
[33.304881] (-) TimerEvent: {}
[33.406702] (-) TimerEvent: {}
[33.507772] (-) TimerEvent: {}
[33.609222] (-) TimerEvent: {}
[33.717151] (-) TimerEvent: {}
[33.818483] (-) TimerEvent: {}
[33.919303] (-) TimerEvent: {}
[34.020110] (-) TimerEvent: {}
[34.121050] (-) TimerEvent: {}
[34.221893] (-) TimerEvent: {}
[34.322659] (-) TimerEvent: {}
[34.423559] (-) TimerEvent: {}
[34.524460] (-) TimerEvent: {}
[34.629495] (-) TimerEvent: {}
[34.730237] (-) TimerEvent: {}
[34.831467] (-) TimerEvent: {}
[34.939156] (-) TimerEvent: {}
[35.048008] (-) TimerEvent: {}
[35.160129] (-) TimerEvent: {}
[35.276230] (-) TimerEvent: {}
[35.434313] (-) TimerEvent: {}
[35.537093] (-) TimerEvent: {}
[35.638397] (-) TimerEvent: {}
[35.742807] (-) TimerEvent: {}
[35.844077] (-) TimerEvent: {}
[35.945529] (-) TimerEvent: {}
[36.046368] (-) TimerEvent: {}
[36.149110] (-) TimerEvent: {}
[36.250006] (-) TimerEvent: {}
[36.262533] (navigation_node_three) Command: {'cmd': ['/usr/bin/python3', 'setup.py', 'egg_info', '--egg-base', '../../build/navigation_node_three', 'build', '--build-base', '/home/unitree/106a_final/build/navigation_node_three/build', 'install', '--record', '/home/unitree/106a_final/build/navigation_node_three/install.log', '--install-scripts', '$base/lib/navigation_node_three', '--single-version-externally-managed'], 'cwd': '/home/unitree/106a_final/src/navigation_node_three', 'env': {'LESSOPEN': '| /usr/bin/lesspipe %s', 'USER': 'unitree', 'SSH_CLIENT': '192.168.50.153 39080 22', 'XDG_SESSION_TYPE': 'tty', 'SHLVL': '1', 'LD_LIBRARY_PATH': '/home/unitree/106a_final/install/realsense2_camera/lib:/home/unitree/106a_final/install/realsense2_camera_msgs/lib:/usr/local/cuda-11.4/lib64:/usr/local/lib:/home/unitree/cyclonedds_ws/install/rmw_cyclonedds_cpp/lib:/home/unitree/cyclonedds_ws/install/cyclonedds/lib:/opt/ros/foxy/opt/yaml_cpp_vendor/lib:/opt/ros/foxy/opt/rviz_ogre_vendor/lib:/opt/ros/foxy/lib/aarch64-linux-gnu:/opt/ros/foxy/lib', 'MOTD_SHOWN': 'pam', 'HOME': '/home/unitree', 'CYCLONEDDS_URI': '/home/unitree/cyclonedds_ws/cyclonedds.xml', 'OLDPWD': '/home/unitree', 'SSH_TTY': '/dev/pts/10', 'ROS_PYTHON_VERSION': '3', 'DBUS_SESSION_BUS_ADDRESS': 'unix:path=/run/user/1000/bus', 'COLCON_PREFIX_PATH': '/home/unitree/106a_final/install:/home/unitree/cyclonedds_ws/install', 'ROS_DISTRO': 'foxy', 'LOGNAME': 'unitree', '_': '/usr/bin/colcon', 'ROS_VERSION': '2', 'PKG_CONFIG_PATH': '/home/unitree/cyclonedds_ws/install/cyclonedds/lib/aarch64-linux-gnu/pkgconfig:/home/unitree/cyclonedds_ws/install/cyclonedds/lib/pkgconfig', 'XDG_SESSION_CLASS': 'user', 'TERM': 'xterm-256color', 'XDG_SESSION_ID': '14', 'ROS_LOCALHOST_ONLY': '0', 'PATH': '/home/unitree/.local/bin:/usr/local/cuda-11.4/bin:/home/unitree/cyclonedds_ws/install/cyclonedds/bin:/opt/ros/foxy/bin:/usr/local/sbin:/usr/local/bin:/usr/sbin:/usr/bin:/sbin:/bin:/usr/games:/usr/local/games:/snap/bin', 'XDG_RUNTIME_DIR': '/run/user/1000', 'LANG': 'en_US.UTF-8', 'RMW_IMPLEMENTATION': 'rmw_cyclonedds_cpp', 'LS_COLORS': 'rs=0:di=01;34:ln=01;36:mh=00:pi=40;33:so=01;35:do=01;35:bd=40;33;01:cd=40;33;01:or=40;31;01:mi=00:su=37;41:sg=30;43:ca=30;41:tw=30;42:ow=34;42:st=37;44:ex=01;32:*.tar=01;31:*.tgz=01;31:*.arc=01;31:*.arj=01;31:*.taz=01;31:*.lha=01;31:*.lz4=01;31:*.lzh=01;31:*.lzma=01;31:*.tlz=01;31:*.txz=01;31:*.tzo=01;31:*.t7z=01;31:*.zip=01;31:*.z=01;31:*.dz=01;31:*.gz=01;31:*.lrz=01;31:*.lz=01;31:*.lzo=01;31:*.xz=01;31:*.zst=01;31:*.tzst=01;31:*.bz2=01;31:*.bz=01;31:*.tbz=01;31:*.tbz2=01;31:*.tz=01;31:*.deb=01;31:*.rpm=01;31:*.jar=01;31:*.war=01;31:*.ear=01;31:*.sar=01;31:*.rar=01;31:*.alz=01;31:*.ace=01;31:*.zoo=01;31:*.cpio=01;31:*.7z=01;31:*.rz=01;31:*.cab=01;31:*.wim=01;31:*.swm=01;31:*.dwm=01;31:*.esd=01;31:*.jpg=01;35:*.jpeg=01;35:*.mjpg=01;35:*.mjpeg=01;35:*.gif=01;35:*.bmp=01;35:*.pbm=01;35:*.pgm=01;35:*.ppm=01;35:*.tga=01;35:*.xbm=01;35:*.xpm=01;35:*.tif=01;35:*.tiff=01;35:*.png=01;35:*.svg=01;35:*.svgz=01;35:*.mng=01;35:*.pcx=01;35:*.mov=01;35:*.mpg=01;35:*.mpeg=01;35:*.m2v=01;35:*.mkv=01;35:*.webm=01;35:*.ogm=01;35:*.mp4=01;35:*.m4v=01;35:*.mp4v=01;35:*.vob=01;35:*.qt=01;35:*.nuv=01;35:*.wmv=01;35:*.asf=01;35:*.rm=01;35:*.rmvb=01;35:*.flc=01;35:*.avi=01;35:*.fli=01;35:*.flv=01;35:*.gl=01;35:*.dl=01;35:*.xcf=01;35:*.xwd=01;35:*.yuv=01;35:*.cgm=01;35:*.emf=01;35:*.ogv=01;35:*.ogx=01;35:*.aac=00;36:*.au=00;36:*.flac=00;36:*.m4a=00;36:*.mid=00;36:*.midi=00;36:*.mka=00;36:*.mp3=00;36:*.mpc=00;36:*.ogg=00;36:*.ra=00;36:*.wav=00;36:*.oga=00;36:*.opus=00;36:*.spx=00;36:*.xspf=00;36:', 'AMENT_PREFIX_PATH': '/home/unitree/106a_final/install/go2_bringup:/home/unitree/106a_final/install/vision_node:/home/unitree/106a_final/install/realsense2_description:/home/unitree/106a_final/install/realsense2_camera:/home/unitree/106a_final/install/realsense2_camera_msgs:/home/unitree/106a_final/install/navigation_return_node:/home/unitree/106a_final/install/navigation_node_two:/home/unitree/106a_final/install/navigation_node_three:/home/unitree/106a_final/install/navigation_node:/home/unitree/106a_final/install/navigatigation_node_three:/home/unitree/106a_final/install/base_driver:/home/unitree/106a_final/install/aruco_node:/home/unitree/106a_final/install/arm_driver:/home/unitree/106a_final/install/arm_control:/home/unitree/cyclonedds_ws/install/rmw_cyclonedds_cpp:/opt/ros/foxy', 'SHELL': '/bin/bash', 'LESSCLOSE': '/usr/bin/lesspipe %s %s', 'PWD': '/home/unitree/106a_final/build/navigation_node_three', 'LC_ALL': 'en_US.UTF-8', 'SSH_CONNECTION': '192.168.50.153 39080 192.168.50.28 22', 'XDG_DATA_DIRS': '/usr/local/share:/usr/share:/var/lib/snapd/desktop', 'PYTHONPATH': '/home/unitree/106a_final/build/navigation_node_three/prefix_override:/home/unitree/106a_final/install/navigation_node_three/lib/python3.8/site-packages:/home/unitree/106a_final/install/go2_bringup/lib/python3.8/site-packages:/home/unitree/106a_final/install/vision_node/lib/python3.8/site-packages:/home/unitree/106a_final/install/realsense2_camera_msgs/lib/python3.8/site-packages:/home/unitree/106a_final/install/navigation_return_node/lib/python3.8/site-packages:/home/unitree/106a_final/install/navigation_node_two/lib/python3.8/site-packages:/home/unitree/106a_final/install/navigation_node_three/lib/python3.8/site-packages:/home/unitree/106a_final/install/navigation_node/lib/python3.8/site-packages:/home/unitree/106a_final/install/navigatigation_node_three/lib/python3.8/site-packages:/home/unitree/106a_final/install/aruco_node/lib/python3.8/site-packages:/home/unitree/106a_final/install/arm_control/lib/python3.8/site-packages:/opt/ros/foxy/lib/python3.8/site-packages', 'COLCON': '1', 'CMAKE_PREFIX_PATH': '/home/unitree/106a_final/install/realsense2_description:/home/unitree/106a_final/install/realsense2_camera:/home/unitree/106a_final/install/realsense2_camera_msgs:/home/unitree/106a_final/install/base_driver:/home/unitree/106a_final/install/arm_driver:/home/unitree/cyclonedds_ws/install/rmw_cyclonedds_cpp:/home/unitree/cyclonedds_ws/install/cyclonedds'}, 'shell': False}
[36.350483] (-) TimerEvent: {}
[36.452637] (-) TimerEvent: {}
[36.553863] (-) TimerEvent: {}
[36.655080] (-) TimerEvent: {}
[36.756121] (-) TimerEvent: {}
[36.857144] (-) TimerEvent: {}
[36.958156] (-) TimerEvent: {}
[37.060333] (-) TimerEvent: {}
[37.161059] (-) TimerEvent: {}
[37.262519] (-) TimerEvent: {}
[37.363255] (-) TimerEvent: {}
[37.463960] (-) TimerEvent: {}
[37.564662] (-) TimerEvent: {}
[37.665474] (-) TimerEvent: {}
[37.766401] (-) TimerEvent: {}
[37.851022] (navigation_node_three) StdoutLine: {'line': b'running egg_info\n'}
[37.860994] (navigation_node_three) StdoutLine: {'line': b'writing ../../build/navigation_node_three/navigation_node_three.egg-info/PKG-INFO\n'}
[37.866483] (-) TimerEvent: {}
[37.868603] (navigation_node_three) StdoutLine: {'line': b'writing dependency_links to ../../build/navigation_node_three/navigation_node_three.egg-info/dependency_links.txt\n'}
[37.869790] (navigation_node_three) StdoutLine: {'line': b'writing entry points to ../../build/navigation_node_three/navigation_node_three.egg-info/entry_points.txt\n'}
[37.871507] (navigation_node_three) StdoutLine: {'line': b'writing requirements to ../../build/navigation_node_three/navigation_node_three.egg-info/requires.txt\n'}
[37.873475] (navigation_node_three) StdoutLine: {'line': b'writing top-level names to ../../build/navigation_node_three/navigation_node_three.egg-info/top_level.txt\n'}
[37.966644] (-) TimerEvent: {}
[38.050278] (navigation_node_three) StdoutLine: {'line': b"reading manifest file '../../build/navigation_node_three/navigation_node_three.egg-info/SOURCES.txt'\n"}
[38.052362] (navigation_node_three) StdoutLine: {'line': b"writing manifest file '../../build/navigation_node_three/navigation_node_three.egg-info/SOURCES.txt'\n"}
[38.052831] (navigation_node_three) StdoutLine: {'line': b'running build\n'}
[38.053048] (navigation_node_three) StdoutLine: {'line': b'running build_py\n'}
[38.053594] (navigation_node_three) StdoutLine: {'line': b'running install\n'}
[38.061089] (navigation_node_three) StdoutLine: {'line': b'running install_lib\n'}
[38.061655] (navigation_node_three) StdoutLine: {'line': b'running install_data\n'}
[38.065008] (navigation_node_three) StdoutLine: {'line': b'running install_egg_info\n'}
[38.066744] (-) TimerEvent: {}
[38.067602] (navigation_node_three) StdoutLine: {'line': b"removing '/home/unitree/106a_final/install/navigation_node_three/lib/python3.8/site-packages/navigation_node_three-0.0.0-py3.8.egg-info' (and everything under it)\n"}
[38.068053] (navigation_node_three) StdoutLine: {'line': b'Copying ../../build/navigation_node_three/navigation_node_three.egg-info to /home/unitree/106a_final/install/navigation_node_three/lib/python3.8/site-packages/navigation_node_three-0.0.0-py3.8.egg-info\n'}
[38.070172] (navigation_node_three) StdoutLine: {'line': b'running install_scripts\n'}
[38.134059] (navigation_node_three) StdoutLine: {'line': b'Installing navigator script to /home/unitree/106a_final/install/navigation_node_three/lib/navigation_node_three\n'}
[38.135122] (navigation_node_three) StdoutLine: {'line': b"writing list of installed files to '/home/unitree/106a_final/build/navigation_node_three/install.log'\n"}
[38.166932] (-) TimerEvent: {}
[38.244174] (navigation_node_three) CommandEnded: {'returncode': 0}
[38.288224] (-) TimerEvent: {}
[38.389551] (-) TimerEvent: {}
[38.494829] (-) TimerEvent: {}
[38.598672] (-) TimerEvent: {}
[38.701195] (-) TimerEvent: {}
[38.803439] (-) TimerEvent: {}
[38.904052] (-) TimerEvent: {}
[39.013505] (-) TimerEvent: {}
[39.125351] (-) TimerEvent: {}
[39.226045] (-) TimerEvent: {}
[39.334569] (-) TimerEvent: {}
[39.358711] (navigation_node_three) JobEnded: {'identifier': 'navigation_node_three', 'rc': 0}
[39.362414] (navigation_node_two) JobStarted: {'identifier': 'navigation_node_two'}
[39.434748] (-) TimerEvent: {}
[39.535644] (-) TimerEvent: {}
[39.636976] (-) TimerEvent: {}
[39.741247] (-) TimerEvent: {}
[39.854210] (-) TimerEvent: {}
[39.955400] (-) TimerEvent: {}
[40.056788] (-) TimerEvent: {}
[40.161162] (-) TimerEvent: {}
[40.285692] (-) TimerEvent: {}
[40.386863] (-) TimerEvent: {}
[40.473747] (navigation_node) Command: {'cmd': ['/usr/bin/python3', 'setup.py', 'egg_info', '--egg-base', '../../build/navigation_node', 'build', '--build-base', '/home/unitree/106a_final/build/navigation_node/build', 'install', '--record', '/home/unitree/106a_final/build/navigation_node/install.log', '--install-scripts', '$base/lib/navigation_node', '--single-version-externally-managed'], 'cwd': '/home/unitree/106a_final/src/navigation_node', 'env': {'LESSOPEN': '| /usr/bin/lesspipe %s', 'USER': 'unitree', 'SSH_CLIENT': '192.168.50.153 39080 22', 'XDG_SESSION_TYPE': 'tty', 'SHLVL': '1', 'LD_LIBRARY_PATH': '/home/unitree/106a_final/install/realsense2_camera/lib:/home/unitree/106a_final/install/realsense2_camera_msgs/lib:/usr/local/cuda-11.4/lib64:/usr/local/lib:/home/unitree/cyclonedds_ws/install/rmw_cyclonedds_cpp/lib:/home/unitree/cyclonedds_ws/install/cyclonedds/lib:/opt/ros/foxy/opt/yaml_cpp_vendor/lib:/opt/ros/foxy/opt/rviz_ogre_vendor/lib:/opt/ros/foxy/lib/aarch64-linux-gnu:/opt/ros/foxy/lib', 'MOTD_SHOWN': 'pam', 'HOME': '/home/unitree', 'CYCLONEDDS_URI': '/home/unitree/cyclonedds_ws/cyclonedds.xml', 'OLDPWD': '/home/unitree', 'SSH_TTY': '/dev/pts/10', 'ROS_PYTHON_VERSION': '3', 'DBUS_SESSION_BUS_ADDRESS': 'unix:path=/run/user/1000/bus', 'COLCON_PREFIX_PATH': '/home/unitree/106a_final/install:/home/unitree/cyclonedds_ws/install', 'ROS_DISTRO': 'foxy', 'LOGNAME': 'unitree', '_': '/usr/bin/colcon', 'ROS_VERSION': '2', 'PKG_CONFIG_PATH': '/home/unitree/cyclonedds_ws/install/cyclonedds/lib/aarch64-linux-gnu/pkgconfig:/home/unitree/cyclonedds_ws/install/cyclonedds/lib/pkgconfig', 'XDG_SESSION_CLASS': 'user', 'TERM': 'xterm-256color', 'XDG_SESSION_ID': '14', 'ROS_LOCALHOST_ONLY': '0', 'PATH': '/home/unitree/.local/bin:/usr/local/cuda-11.4/bin:/home/unitree/cyclonedds_ws/install/cyclonedds/bin:/opt/ros/foxy/bin:/usr/local/sbin:/usr/local/bin:/usr/sbin:/usr/bin:/sbin:/bin:/usr/games:/usr/local/games:/snap/bin', 'XDG_RUNTIME_DIR': '/run/user/1000', 'LANG': 'en_US.UTF-8', 'RMW_IMPLEMENTATION': 'rmw_cyclonedds_cpp', 'LS_COLORS': 'rs=0:di=01;34:ln=01;36:mh=00:pi=40;33:so=01;35:do=01;35:bd=40;33;01:cd=40;33;01:or=40;31;01:mi=00:su=37;41:sg=30;43:ca=30;41:tw=30;42:ow=34;42:st=37;44:ex=01;32:*.tar=01;31:*.tgz=01;31:*.arc=01;31:*.arj=01;31:*.taz=01;31:*.lha=01;31:*.lz4=01;31:*.lzh=01;31:*.lzma=01;31:*.tlz=01;31:*.txz=01;31:*.tzo=01;31:*.t7z=01;31:*.zip=01;31:*.z=01;31:*.dz=01;31:*.gz=01;31:*.lrz=01;31:*.lz=01;31:*.lzo=01;31:*.xz=01;31:*.zst=01;31:*.tzst=01;31:*.bz2=01;31:*.bz=01;31:*.tbz=01;31:*.tbz2=01;31:*.tz=01;31:*.deb=01;31:*.rpm=01;31:*.jar=01;31:*.war=01;31:*.ear=01;31:*.sar=01;31:*.rar=01;31:*.alz=01;31:*.ace=01;31:*.zoo=01;31:*.cpio=01;31:*.7z=01;31:*.rz=01;31:*.cab=01;31:*.wim=01;31:*.swm=01;31:*.dwm=01;31:*.esd=01;31:*.jpg=01;35:*.jpeg=01;35:*.mjpg=01;35:*.mjpeg=01;35:*.gif=01;35:*.bmp=01;35:*.pbm=01;35:*.pgm=01;35:*.ppm=01;35:*.tga=01;35:*.xbm=01;35:*.xpm=01;35:*.tif=01;35:*.tiff=01;35:*.png=01;35:*.svg=01;35:*.svgz=01;35:*.mng=01;35:*.pcx=01;35:*.mov=01;35:*.mpg=01;35:*.mpeg=01;35:*.m2v=01;35:*.mkv=01;35:*.webm=01;35:*.ogm=01;35:*.mp4=01;35:*.m4v=01;35:*.mp4v=01;35:*.vob=01;35:*.qt=01;35:*.nuv=01;35:*.wmv=01;35:*.asf=01;35:*.rm=01;35:*.rmvb=01;35:*.flc=01;35:*.avi=01;35:*.fli=01;35:*.flv=01;35:*.gl=01;35:*.dl=01;35:*.xcf=01;35:*.xwd=01;35:*.yuv=01;35:*.cgm=01;35:*.emf=01;35:*.ogv=01;35:*.ogx=01;35:*.aac=00;36:*.au=00;36:*.flac=00;36:*.m4a=00;36:*.mid=00;36:*.midi=00;36:*.mka=00;36:*.mp3=00;36:*.mpc=00;36:*.ogg=00;36:*.ra=00;36:*.wav=00;36:*.oga=00;36:*.opus=00;36:*.spx=00;36:*.xspf=00;36:', 'AMENT_PREFIX_PATH': '/home/unitree/106a_final/install/go2_bringup:/home/unitree/106a_final/install/vision_node:/home/unitree/106a_final/install/realsense2_description:/home/unitree/106a_final/install/realsense2_camera:/home/unitree/106a_final/install/realsense2_camera_msgs:/home/unitree/106a_final/install/navigation_return_node:/home/unitree/106a_final/install/navigation_node_two:/home/unitree/106a_final/install/navigation_node_three:/home/unitree/106a_final/install/navigation_node:/home/unitree/106a_final/install/navigatigation_node_three:/home/unitree/106a_final/install/base_driver:/home/unitree/106a_final/install/aruco_node:/home/unitree/106a_final/install/arm_driver:/home/unitree/106a_final/install/arm_control:/home/unitree/cyclonedds_ws/install/rmw_cyclonedds_cpp:/opt/ros/foxy', 'SHELL': '/bin/bash', 'LESSCLOSE': '/usr/bin/lesspipe %s %s', 'PWD': '/home/unitree/106a_final/build/navigation_node', 'LC_ALL': 'en_US.UTF-8', 'SSH_CONNECTION': '192.168.50.153 39080 192.168.50.28 22', 'XDG_DATA_DIRS': '/usr/local/share:/usr/share:/var/lib/snapd/desktop', 'PYTHONPATH': '/home/unitree/106a_final/build/navigation_node/prefix_override:/home/unitree/106a_final/install/navigation_node/lib/python3.8/site-packages:/home/unitree/106a_final/install/go2_bringup/lib/python3.8/site-packages:/home/unitree/106a_final/install/vision_node/lib/python3.8/site-packages:/home/unitree/106a_final/install/realsense2_camera_msgs/lib/python3.8/site-packages:/home/unitree/106a_final/install/navigation_return_node/lib/python3.8/site-packages:/home/unitree/106a_final/install/navigation_node_two/lib/python3.8/site-packages:/home/unitree/106a_final/install/navigation_node_three/lib/python3.8/site-packages:/home/unitree/106a_final/install/navigation_node/lib/python3.8/site-packages:/home/unitree/106a_final/install/navigatigation_node_three/lib/python3.8/site-packages:/home/unitree/106a_final/install/aruco_node/lib/python3.8/site-packages:/home/unitree/106a_final/install/arm_control/lib/python3.8/site-packages:/opt/ros/foxy/lib/python3.8/site-packages', 'COLCON': '1', 'CMAKE_PREFIX_PATH': '/home/unitree/106a_final/install/realsense2_description:/home/unitree/106a_final/install/realsense2_camera:/home/unitree/106a_final/install/realsense2_camera_msgs:/home/unitree/106a_final/install/base_driver:/home/unitree/106a_final/install/arm_driver:/home/unitree/cyclonedds_ws/install/rmw_cyclonedds_cpp:/home/unitree/cyclonedds_ws/install/cyclonedds'}, 'shell': False}
[40.489590] (-) TimerEvent: {}
[40.521194] (navigation_return_node) Command: {'cmd': ['/usr/bin/python3', 'setup.py', 'egg_info', '--egg-base', '../../build/navigation_return_node', 'build', '--build-base', '/home/unitree/106a_final/build/navigation_return_node/build', 'install', '--record', '/home/unitree/106a_final/build/navigation_return_node/install.log', '--install-scripts', '$base/lib/navigation_return_node', '--single-version-externally-managed'], 'cwd': '/home/unitree/106a_final/src/navigation_return_node', 'env': {'LESSOPEN': '| /usr/bin/lesspipe %s', 'USER': 'unitree', 'SSH_CLIENT': '192.168.50.153 39080 22', 'XDG_SESSION_TYPE': 'tty', 'SHLVL': '1', 'LD_LIBRARY_PATH': '/home/unitree/106a_final/install/realsense2_camera/lib:/home/unitree/106a_final/install/realsense2_camera_msgs/lib:/usr/local/cuda-11.4/lib64:/usr/local/lib:/home/unitree/cyclonedds_ws/install/rmw_cyclonedds_cpp/lib:/home/unitree/cyclonedds_ws/install/cyclonedds/lib:/opt/ros/foxy/opt/yaml_cpp_vendor/lib:/opt/ros/foxy/opt/rviz_ogre_vendor/lib:/opt/ros/foxy/lib/aarch64-linux-gnu:/opt/ros/foxy/lib', 'MOTD_SHOWN': 'pam', 'HOME': '/home/unitree', 'CYCLONEDDS_URI': '/home/unitree/cyclonedds_ws/cyclonedds.xml', 'OLDPWD': '/home/unitree', 'SSH_TTY': '/dev/pts/10', 'ROS_PYTHON_VERSION': '3', 'DBUS_SESSION_BUS_ADDRESS': 'unix:path=/run/user/1000/bus', 'COLCON_PREFIX_PATH': '/home/unitree/106a_final/install:/home/unitree/cyclonedds_ws/install', 'ROS_DISTRO': 'foxy', 'LOGNAME': 'unitree', '_': '/usr/bin/colcon', 'ROS_VERSION': '2', 'PKG_CONFIG_PATH': '/home/unitree/cyclonedds_ws/install/cyclonedds/lib/aarch64-linux-gnu/pkgconfig:/home/unitree/cyclonedds_ws/install/cyclonedds/lib/pkgconfig', 'XDG_SESSION_CLASS': 'user', 'TERM': 'xterm-256color', 'XDG_SESSION_ID': '14', 'ROS_LOCALHOST_ONLY': '0', 'PATH': '/home/unitree/.local/bin:/usr/local/cuda-11.4/bin:/home/unitree/cyclonedds_ws/install/cyclonedds/bin:/opt/ros/foxy/bin:/usr/local/sbin:/usr/local/bin:/usr/sbin:/usr/bin:/sbin:/bin:/usr/games:/usr/local/games:/snap/bin', 'XDG_RUNTIME_DIR': '/run/user/1000', 'LANG': 'en_US.UTF-8', 'RMW_IMPLEMENTATION': 'rmw_cyclonedds_cpp', 'LS_COLORS': 'rs=0:di=01;34:ln=01;36:mh=00:pi=40;33:so=01;35:do=01;35:bd=40;33;01:cd=40;33;01:or=40;31;01:mi=00:su=37;41:sg=30;43:ca=30;41:tw=30;42:ow=34;42:st=37;44:ex=01;32:*.tar=01;31:*.tgz=01;31:*.arc=01;31:*.arj=01;31:*.taz=01;31:*.lha=01;31:*.lz4=01;31:*.lzh=01;31:*.lzma=01;31:*.tlz=01;31:*.txz=01;31:*.tzo=01;31:*.t7z=01;31:*.zip=01;31:*.z=01;31:*.dz=01;31:*.gz=01;31:*.lrz=01;31:*.lz=01;31:*.lzo=01;31:*.xz=01;31:*.zst=01;31:*.tzst=01;31:*.bz2=01;31:*.bz=01;31:*.tbz=01;31:*.tbz2=01;31:*.tz=01;31:*.deb=01;31:*.rpm=01;31:*.jar=01;31:*.war=01;31:*.ear=01;31:*.sar=01;31:*.rar=01;31:*.alz=01;31:*.ace=01;31:*.zoo=01;31:*.cpio=01;31:*.7z=01;31:*.rz=01;31:*.cab=01;31:*.wim=01;31:*.swm=01;31:*.dwm=01;31:*.esd=01;31:*.jpg=01;35:*.jpeg=01;35:*.mjpg=01;35:*.mjpeg=01;35:*.gif=01;35:*.bmp=01;35:*.pbm=01;35:*.pgm=01;35:*.ppm=01;35:*.tga=01;35:*.xbm=01;35:*.xpm=01;35:*.tif=01;35:*.tiff=01;35:*.png=01;35:*.svg=01;35:*.svgz=01;35:*.mng=01;35:*.pcx=01;35:*.mov=01;35:*.mpg=01;35:*.mpeg=01;35:*.m2v=01;35:*.mkv=01;35:*.webm=01;35:*.ogm=01;35:*.mp4=01;35:*.m4v=01;35:*.mp4v=01;35:*.vob=01;35:*.qt=01;35:*.nuv=01;35:*.wmv=01;35:*.asf=01;35:*.rm=01;35:*.rmvb=01;35:*.flc=01;35:*.avi=01;35:*.fli=01;35:*.flv=01;35:*.gl=01;35:*.dl=01;35:*.xcf=01;35:*.xwd=01;35:*.yuv=01;35:*.cgm=01;35:*.emf=01;35:*.ogv=01;35:*.ogx=01;35:*.aac=00;36:*.au=00;36:*.flac=00;36:*.m4a=00;36:*.mid=00;36:*.midi=00;36:*.mka=00;36:*.mp3=00;36:*.mpc=00;36:*.ogg=00;36:*.ra=00;36:*.wav=00;36:*.oga=00;36:*.opus=00;36:*.spx=00;36:*.xspf=00;36:', 'AMENT_PREFIX_PATH': '/home/unitree/106a_final/install/go2_bringup:/home/unitree/106a_final/install/vision_node:/home/unitree/106a_final/install/realsense2_description:/home/unitree/106a_final/install/realsense2_camera:/home/unitree/106a_final/install/realsense2_camera_msgs:/home/unitree/106a_final/install/navigation_return_node:/home/unitree/106a_final/install/navigation_node_two:/home/unitree/106a_final/install/navigation_node_three:/home/unitree/106a_final/install/navigation_node:/home/unitree/106a_final/install/navigatigation_node_three:/home/unitree/106a_final/install/base_driver:/home/unitree/106a_final/install/aruco_node:/home/unitree/106a_final/install/arm_driver:/home/unitree/106a_final/install/arm_control:/home/unitree/cyclonedds_ws/install/rmw_cyclonedds_cpp:/opt/ros/foxy', 'SHELL': '/bin/bash', 'LESSCLOSE': '/usr/bin/lesspipe %s %s', 'PWD': '/home/unitree/106a_final/build/navigation_return_node', 'LC_ALL': 'en_US.UTF-8', 'SSH_CONNECTION': '192.168.50.153 39080 192.168.50.28 22', 'XDG_DATA_DIRS': '/usr/local/share:/usr/share:/var/lib/snapd/desktop', 'PYTHONPATH': '/home/unitree/106a_final/build/navigation_return_node/prefix_override:/home/unitree/106a_final/install/navigation_return_node/lib/python3.8/site-packages:/home/unitree/106a_final/install/go2_bringup/lib/python3.8/site-packages:/home/unitree/106a_final/install/vision_node/lib/python3.8/site-packages:/home/unitree/106a_final/install/realsense2_camera_msgs/lib/python3.8/site-packages:/home/unitree/106a_final/install/navigation_return_node/lib/python3.8/site-packages:/home/unitree/106a_final/install/navigation_node_two/lib/python3.8/site-packages:/home/unitree/106a_final/install/navigation_node_three/lib/python3.8/site-packages:/home/unitree/106a_final/install/navigation_node/lib/python3.8/site-packages:/home/unitree/106a_final/install/navigatigation_node_three/lib/python3.8/site-packages:/home/unitree/106a_final/install/aruco_node/lib/python3.8/site-packages:/home/unitree/106a_final/install/arm_control/lib/python3.8/site-packages:/opt/ros/foxy/lib/python3.8/site-packages', 'COLCON': '1', 'CMAKE_PREFIX_PATH': '/home/unitree/106a_final/install/realsense2_description:/home/unitree/106a_final/install/realsense2_camera:/home/unitree/106a_final/install/realsense2_camera_msgs:/home/unitree/106a_final/install/base_driver:/home/unitree/106a_final/install/arm_driver:/home/unitree/cyclonedds_ws/install/rmw_cyclonedds_cpp:/home/unitree/cyclonedds_ws/install/cyclonedds'}, 'shell': False}
[40.579128] (vision_node) Command: {'cmd': ['/usr/bin/python3', 'setup.py', 'egg_info', '--egg-base', '../../build/vision_node', 'build', '--build-base', '/home/unitree/106a_final/build/vision_node/build', 'install', '--record', '/home/unitree/106a_final/build/vision_node/install.log', '--install-scripts', '$base/lib/vision_node', '--single-version-externally-managed'], 'cwd': '/home/unitree/106a_final/src/vision_node', 'env': {'LESSOPEN': '| /usr/bin/lesspipe %s', 'USER': 'unitree', 'SSH_CLIENT': '192.168.50.153 39080 22', 'XDG_SESSION_TYPE': 'tty', 'SHLVL': '1', 'LD_LIBRARY_PATH': '/home/unitree/106a_final/install/realsense2_camera/lib:/home/unitree/106a_final/install/realsense2_camera_msgs/lib:/usr/local/cuda-11.4/lib64:/usr/local/lib:/home/unitree/cyclonedds_ws/install/rmw_cyclonedds_cpp/lib:/home/unitree/cyclonedds_ws/install/cyclonedds/lib:/opt/ros/foxy/opt/yaml_cpp_vendor/lib:/opt/ros/foxy/opt/rviz_ogre_vendor/lib:/opt/ros/foxy/lib/aarch64-linux-gnu:/opt/ros/foxy/lib', 'MOTD_SHOWN': 'pam', 'HOME': '/home/unitree', 'CYCLONEDDS_URI': '/home/unitree/cyclonedds_ws/cyclonedds.xml', 'OLDPWD': '/home/unitree', 'SSH_TTY': '/dev/pts/10', 'ROS_PYTHON_VERSION': '3', 'DBUS_SESSION_BUS_ADDRESS': 'unix:path=/run/user/1000/bus', 'COLCON_PREFIX_PATH': '/home/unitree/106a_final/install:/home/unitree/cyclonedds_ws/install', 'ROS_DISTRO': 'foxy', 'LOGNAME': 'unitree', '_': '/usr/bin/colcon', 'ROS_VERSION': '2', 'PKG_CONFIG_PATH': '/home/unitree/cyclonedds_ws/install/cyclonedds/lib/aarch64-linux-gnu/pkgconfig:/home/unitree/cyclonedds_ws/install/cyclonedds/lib/pkgconfig', 'XDG_SESSION_CLASS': 'user', 'TERM': 'xterm-256color', 'XDG_SESSION_ID': '14', 'ROS_LOCALHOST_ONLY': '0', 'PATH': '/home/unitree/.local/bin:/usr/local/cuda-11.4/bin:/home/unitree/cyclonedds_ws/install/cyclonedds/bin:/opt/ros/foxy/bin:/usr/local/sbin:/usr/local/bin:/usr/sbin:/usr/bin:/sbin:/bin:/usr/games:/usr/local/games:/snap/bin', 'XDG_RUNTIME_DIR': '/run/user/1000', 'LANG': 'en_US.UTF-8', 'RMW_IMPLEMENTATION': 'rmw_cyclonedds_cpp', 'LS_COLORS': 'rs=0:di=01;34:ln=01;36:mh=00:pi=40;33:so=01;35:do=01;35:bd=40;33;01:cd=40;33;01:or=40;31;01:mi=00:su=37;41:sg=30;43:ca=30;41:tw=30;42:ow=34;42:st=37;44:ex=01;32:*.tar=01;31:*.tgz=01;31:*.arc=01;31:*.arj=01;31:*.taz=01;31:*.lha=01;31:*.lz4=01;31:*.lzh=01;31:*.lzma=01;31:*.tlz=01;31:*.txz=01;31:*.tzo=01;31:*.t7z=01;31:*.zip=01;31:*.z=01;31:*.dz=01;31:*.gz=01;31:*.lrz=01;31:*.lz=01;31:*.lzo=01;31:*.xz=01;31:*.zst=01;31:*.tzst=01;31:*.bz2=01;31:*.bz=01;31:*.tbz=01;31:*.tbz2=01;31:*.tz=01;31:*.deb=01;31:*.rpm=01;31:*.jar=01;31:*.war=01;31:*.ear=01;31:*.sar=01;31:*.rar=01;31:*.alz=01;31:*.ace=01;31:*.zoo=01;31:*.cpio=01;31:*.7z=01;31:*.rz=01;31:*.cab=01;31:*.wim=01;31:*.swm=01;31:*.dwm=01;31:*.esd=01;31:*.jpg=01;35:*.jpeg=01;35:*.mjpg=01;35:*.mjpeg=01;35:*.gif=01;35:*.bmp=01;35:*.pbm=01;35:*.pgm=01;35:*.ppm=01;35:*.tga=01;35:*.xbm=01;35:*.xpm=01;35:*.tif=01;35:*.tiff=01;35:*.png=01;35:*.svg=01;35:*.svgz=01;35:*.mng=01;35:*.pcx=01;35:*.mov=01;35:*.mpg=01;35:*.mpeg=01;35:*.m2v=01;35:*.mkv=01;35:*.webm=01;35:*.ogm=01;35:*.mp4=01;35:*.m4v=01;35:*.mp4v=01;35:*.vob=01;35:*.qt=01;35:*.nuv=01;35:*.wmv=01;35:*.asf=01;35:*.rm=01;35:*.rmvb=01;35:*.flc=01;35:*.avi=01;35:*.fli=01;35:*.flv=01;35:*.gl=01;35:*.dl=01;35:*.xcf=01;35:*.xwd=01;35:*.yuv=01;35:*.cgm=01;35:*.emf=01;35:*.ogv=01;35:*.ogx=01;35:*.aac=00;36:*.au=00;36:*.flac=00;36:*.m4a=00;36:*.mid=00;36:*.midi=00;36:*.mka=00;36:*.mp3=00;36:*.mpc=00;36:*.ogg=00;36:*.ra=00;36:*.wav=00;36:*.oga=00;36:*.opus=00;36:*.spx=00;36:*.xspf=00;36:', 'AMENT_PREFIX_PATH': '/home/unitree/106a_final/install/go2_bringup:/home/unitree/106a_final/install/vision_node:/home/unitree/106a_final/install/realsense2_description:/home/unitree/106a_final/install/realsense2_camera:/home/unitree/106a_final/install/realsense2_camera_msgs:/home/unitree/106a_final/install/navigation_return_node:/home/unitree/106a_final/install/navigation_node_two:/home/unitree/106a_final/install/navigation_node_three:/home/unitree/106a_final/install/navigation_node:/home/unitree/106a_final/install/navigatigation_node_three:/home/unitree/106a_final/install/base_driver:/home/unitree/106a_final/install/aruco_node:/home/unitree/106a_final/install/arm_driver:/home/unitree/106a_final/install/arm_control:/home/unitree/cyclonedds_ws/install/rmw_cyclonedds_cpp:/opt/ros/foxy', 'SHELL': '/bin/bash', 'LESSCLOSE': '/usr/bin/lesspipe %s %s', 'PWD': '/home/unitree/106a_final/build/vision_node', 'LC_ALL': 'en_US.UTF-8', 'SSH_CONNECTION': '192.168.50.153 39080 192.168.50.28 22', 'XDG_DATA_DIRS': '/usr/local/share:/usr/share:/var/lib/snapd/desktop', 'PYTHONPATH': '/home/unitree/106a_final/build/vision_node/prefix_override:/home/unitree/106a_final/install/vision_node/lib/python3.8/site-packages:/home/unitree/106a_final/install/go2_bringup/lib/python3.8/site-packages:/home/unitree/106a_final/install/vision_node/lib/python3.8/site-packages:/home/unitree/106a_final/install/realsense2_camera_msgs/lib/python3.8/site-packages:/home/unitree/106a_final/install/navigation_return_node/lib/python3.8/site-packages:/home/unitree/106a_final/install/navigation_node_two/lib/python3.8/site-packages:/home/unitree/106a_final/install/navigation_node_three/lib/python3.8/site-packages:/home/unitree/106a_final/install/navigation_node/lib/python3.8/site-packages:/home/unitree/106a_final/install/navigatigation_node_three/lib/python3.8/site-packages:/home/unitree/106a_final/install/aruco_node/lib/python3.8/site-packages:/home/unitree/106a_final/install/arm_control/lib/python3.8/site-packages:/opt/ros/foxy/lib/python3.8/site-packages', 'COLCON': '1', 'CMAKE_PREFIX_PATH': '/home/unitree/106a_final/install/realsense2_description:/home/unitree/106a_final/install/realsense2_camera:/home/unitree/106a_final/install/realsense2_camera_msgs:/home/unitree/106a_final/install/base_driver:/home/unitree/106a_final/install/arm_driver:/home/unitree/cyclonedds_ws/install/rmw_cyclonedds_cpp:/home/unitree/cyclonedds_ws/install/cyclonedds'}, 'shell': False}
[40.589748] (-) TimerEvent: {}
[40.691053] (-) TimerEvent: {}
[40.791929] (-) TimerEvent: {}
[40.892583] (-) TimerEvent: {}
[40.993714] (-) TimerEvent: {}
[41.094747] (-) TimerEvent: {}
[41.195457] (-) TimerEvent: {}
[41.296139] (-) TimerEvent: {}
[41.396821] (-) TimerEvent: {}
[41.497538] (-) TimerEvent: {}
[41.598274] (-) TimerEvent: {}
[41.699194] (-) TimerEvent: {}
[41.799892] (-) TimerEvent: {}
[41.900611] (-) TimerEvent: {}
[42.001740] (-) TimerEvent: {}
[42.059878] (navigation_return_node) StdoutLine: {'line': b'running egg_info\n'}
[42.075042] (navigation_return_node) StdoutLine: {'line': b'writing ../../build/navigation_return_node/navigation_return_node.egg-info/PKG-INFO\n'}
[42.101910] (-) TimerEvent: {}
[42.134147] (navigation_return_node) StdoutLine: {'line': b'writing dependency_links to ../../build/navigation_return_node/navigation_return_node.egg-info/dependency_links.txt\n'}
[42.142673] (navigation_return_node) StdoutLine: {'line': b'writing entry points to ../../build/navigation_return_node/navigation_return_node.egg-info/entry_points.txt\n'}
[42.166202] (navigation_return_node) StdoutLine: {'line': b'writing requirements to ../../build/navigation_return_node/navigation_return_node.egg-info/requires.txt\n'}
[42.167722] (navigation_return_node) StdoutLine: {'line': b'writing top-level names to ../../build/navigation_return_node/navigation_return_node.egg-info/top_level.txt\n'}
[42.202311] (-) TimerEvent: {}
[42.303556] (-) TimerEvent: {}
[42.405582] (-) TimerEvent: {}
[42.453334] (navigation_node) StdoutLine: {'line': b'running egg_info\n'}
[42.461517] (navigation_node) StdoutLine: {'line': b'writing ../../build/navigation_node/navigation_node.egg-info/PKG-INFO\n'}
[42.470692] (navigation_node) StdoutLine: {'line': b'writing dependency_links to ../../build/navigation_node/navigation_node.egg-info/dependency_links.txt\n'}
[42.471272] (navigation_node) StdoutLine: {'line': b'writing entry points to ../../build/navigation_node/navigation_node.egg-info/entry_points.txt\n'}
[42.471451] (navigation_node) StdoutLine: {'line': b'writing requirements to ../../build/navigation_node/navigation_node.egg-info/requires.txt\n'}
[42.471590] (navigation_node) StdoutLine: {'line': b'writing top-level names to ../../build/navigation_node/navigation_node.egg-info/top_level.txt\n'}
[42.509341] (-) TimerEvent: {}
[42.548250] (navigation_return_node) StdoutLine: {'line': b"reading manifest file '../../build/navigation_return_node/navigation_return_node.egg-info/SOURCES.txt'\n"}
[42.548804] (navigation_return_node) StdoutLine: {'line': b"writing manifest file '../../build/navigation_return_node/navigation_return_node.egg-info/SOURCES.txt'\n"}
[42.549039] (navigation_return_node) StdoutLine: {'line': b'running build\n'}
[42.549184] (navigation_return_node) StdoutLine: {'line': b'running build_py\n'}
[42.549330] (navigation_return_node) StdoutLine: {'line': b'copying navigation_return_node/return_navigator.py -> /home/unitree/106a_final/build/navigation_return_node/build/lib/navigation_return_node\n'}
[42.549473] (navigation_return_node) StdoutLine: {'line': b'running install\n'}
[42.577063] (navigation_return_node) StdoutLine: {'line': b'running install_lib\n'}
[42.577646] (navigation_return_node) StdoutLine: {'line': b'copying /home/unitree/106a_final/build/navigation_return_node/build/lib/navigation_return_node/return_navigator.py -> /home/unitree/106a_final/install/navigation_return_node/lib/python3.8/site-packages/navigation_return_node\n'}
[42.577859] (navigation_return_node) StdoutLine: {'line': b'byte-compiling /home/unitree/106a_final/install/navigation_return_node/lib/python3.8/site-packages/navigation_return_node/return_navigator.py to return_navigator.cpython-38.pyc\n'}
[42.598569] (navigation_return_node) StdoutLine: {'line': b'running install_data\n'}
[42.619106] (-) TimerEvent: {}
[42.620224] (navigation_return_node) StdoutLine: {'line': b'running install_egg_info\n'}
[42.620626] (navigation_return_node) StdoutLine: {'line': b"removing '/home/unitree/106a_final/install/navigation_return_node/lib/python3.8/site-packages/navigation_return_node-0.0.0-py3.8.egg-info' (and everything under it)\n"}
[42.620791] (navigation_return_node) StdoutLine: {'line': b'Copying ../../build/navigation_return_node/navigation_return_node.egg-info to /home/unitree/106a_final/install/navigation_return_node/lib/python3.8/site-packages/navigation_return_node-0.0.0-py3.8.egg-info\n'}
[42.620958] (vision_node) StdoutLine: {'line': b'running egg_info\n'}
[42.621190] (vision_node) StdoutLine: {'line': b'writing ../../build/vision_node/vision_node.egg-info/PKG-INFO\n'}
[42.621320] (vision_node) StdoutLine: {'line': b'writing dependency_links to ../../build/vision_node/vision_node.egg-info/dependency_links.txt\n'}
[42.621463] (vision_node) StdoutLine: {'line': b'writing entry points to ../../build/vision_node/vision_node.egg-info/entry_points.txt\n'}
[42.621581] (vision_node) StdoutLine: {'line': b'writing requirements to ../../build/vision_node/vision_node.egg-info/requires.txt\n'}
[42.621695] (vision_node) StdoutLine: {'line': b'writing top-level names to ../../build/vision_node/vision_node.egg-info/top_level.txt\n'}
[42.645414] (navigation_return_node) StdoutLine: {'line': b'running install_scripts\n'}
[42.697522] (vision_node) StdoutLine: {'line': b"reading manifest file '../../build/vision_node/vision_node.egg-info/SOURCES.txt'\n"}
[42.698044] (vision_node) StdoutLine: {'line': b"writing manifest file '../../build/vision_node/vision_node.egg-info/SOURCES.txt'\n"}
[42.698236] (vision_node) StdoutLine: {'line': b'running build\n'}
[42.698387] (vision_node) StdoutLine: {'line': b'running build_py\n'}
[42.698635] (vision_node) StdoutLine: {'line': b'running install\n'}
[42.698800] (vision_node) StdoutLine: {'line': b'running install_lib\n'}
[42.698930] (vision_node) StdoutLine: {'line': b'running install_data\n'}
[42.699155] (vision_node) StdoutLine: {'line': b'running install_egg_info\n'}
[42.707787] (vision_node) StdoutLine: {'line': b"removing '/home/unitree/106a_final/install/vision_node/lib/python3.8/site-packages/vision_node-0.0.0-py3.8.egg-info' (and everything under it)\n"}
[42.708346] (vision_node) StdoutLine: {'line': b'Copying ../../build/vision_node/vision_node.egg-info to /home/unitree/106a_final/install/vision_node/lib/python3.8/site-packages/vision_node-0.0.0-py3.8.egg-info\n'}
[42.708502] (vision_node) StdoutLine: {'line': b'running install_scripts\n'}
[42.741757] (-) TimerEvent: {}
[42.749139] (navigation_node) StdoutLine: {'line': b"reading manifest file '../../build/navigation_node/navigation_node.egg-info/SOURCES.txt'\n"}
[42.749662] (navigation_node) StdoutLine: {'line': b"writing manifest file '../../build/navigation_node/navigation_node.egg-info/SOURCES.txt'\n"}
[42.749840] (navigation_node) StdoutLine: {'line': b'running build\n'}
[42.749978] (navigation_node) StdoutLine: {'line': b'running build_py\n'}
[42.750107] (navigation_node) StdoutLine: {'line': b'running install\n'}
[42.750231] (navigation_node) StdoutLine: {'line': b'running install_lib\n'}
[42.751403] (vision_node) StdoutLine: {'line': b'Installing arm_aruco script to /home/unitree/106a_final/install/vision_node/lib/vision_node\n'}
[42.751823] (vision_node) StdoutLine: {'line': b'Installing pingpong_node script to /home/unitree/106a_final/install/vision_node/lib/vision_node\n'}
[42.752504] (vision_node) StdoutLine: {'line': b"writing list of installed files to '/home/unitree/106a_final/build/vision_node/install.log'\n"}
[42.775407] (navigation_node) StdoutLine: {'line': b'running install_data\n'}
[42.775876] (navigation_node) StdoutLine: {'line': b'running install_egg_info\n'}
[42.799075] (navigation_node) StdoutLine: {'line': b"removing '/home/unitree/106a_final/install/navigation_node/lib/python3.8/site-packages/navigation_node-0.0.0-py3.8.egg-info' (and everything under it)\n"}
[42.799659] (navigation_node) StdoutLine: {'line': b'Copying ../../build/navigation_node/navigation_node.egg-info to /home/unitree/106a_final/install/navigation_node/lib/python3.8/site-packages/navigation_node-0.0.0-py3.8.egg-info\n'}
[42.799831] (navigation_node) StdoutLine: {'line': b'running install_scripts\n'}
[42.799970] (navigation_return_node) StdoutLine: {'line': b'Installing gripper_release_node script to /home/unitree/106a_final/install/navigation_return_node/lib/navigation_return_node\n'}
[42.800156] (navigation_return_node) StdoutLine: {'line': b'Installing return_navigator script to /home/unitree/106a_final/install/navigation_return_node/lib/navigation_return_node\n'}
[42.800307] (navigation_return_node) StdoutLine: {'line': b"writing list of installed files to '/home/unitree/106a_final/build/navigation_return_node/install.log'\n"}
[42.857722] (-) TimerEvent: {}
[42.894379] (navigation_node) StdoutLine: {'line': b'Installing nav_node_go script to /home/unitree/106a_final/install/navigation_node/lib/navigation_node\n'}
[42.895043] (navigation_node) StdoutLine: {'line': b"writing list of installed files to '/home/unitree/106a_final/build/navigation_node/install.log'\n"}
[42.963271] (-) TimerEvent: {}
[43.080299] (-) TimerEvent: {}
[43.193085] (-) TimerEvent: {}
[43.314329] (-) TimerEvent: {}
[43.430513] (-) TimerEvent: {}
[43.533038] (-) TimerEvent: {}
[43.637004] (-) TimerEvent: {}
[43.754446] (-) TimerEvent: {}
[43.774155] (vision_node) CommandEnded: {'returncode': 0}
[43.861140] (-) TimerEvent: {}
[43.979082] (-) TimerEvent: {}
[44.081487] (-) TimerEvent: {}
[44.182532] (-) TimerEvent: {}
[44.284091] (-) TimerEvent: {}
[44.385185] (-) TimerEvent: {}
[44.397054] (vision_node) JobEnded: {'identifier': 'vision_node', 'rc': 0}
[44.399903] (navigation_node) CommandEnded: {'returncode': 0}
[44.485502] (-) TimerEvent: {}
[44.595993] (-) TimerEvent: {}
[44.707719] (-) TimerEvent: {}
[44.813648] (-) TimerEvent: {}
[44.915748] (-) TimerEvent: {}
[45.018372] (-) TimerEvent: {}
[45.120425] (-) TimerEvent: {}
[45.188688] (navigation_node) JobEnded: {'identifier': 'navigation_node', 'rc': 0}
[45.190148] (navigation_return_node) CommandEnded: {'returncode': 0}
[45.220654] (-) TimerEvent: {}
[45.324823] (-) TimerEvent: {}
[45.427358] (-) TimerEvent: {}
[45.528322] (-) TimerEvent: {}
[45.615500] (navigation_return_node) JobEnded: {'identifier': 'navigation_return_node', 'rc': 0}
[45.618426] (go2_bringup) JobStarted: {'identifier': 'go2_bringup'}
[45.628692] (-) TimerEvent: {}
[45.729874] (-) TimerEvent: {}
[45.830903] (-) TimerEvent: {}
[45.932219] (-) TimerEvent: {}
[46.034824] (-) TimerEvent: {}
[46.137141] (-) TimerEvent: {}
[46.241247] (-) TimerEvent: {}
[46.343684] (-) TimerEvent: {}
[46.445722] (-) TimerEvent: {}
[46.547042] (-) TimerEvent: {}
[46.648867] (-) TimerEvent: {}
[46.750165] (-) TimerEvent: {}
[46.853810] (-) TimerEvent: {}
[46.960155] (-) TimerEvent: {}
[47.078247] (-) TimerEvent: {}
[47.186972] (-) TimerEvent: {}
[47.288233] (-) TimerEvent: {}
[47.398133] (-) TimerEvent: {}
[47.499028] (-) TimerEvent: {}
[47.599777] (-) TimerEvent: {}
[47.705042] (-) TimerEvent: {}
[47.806232] (-) TimerEvent: {}
[47.907355] (-) TimerEvent: {}
[48.011006] (-) TimerEvent: {}
[48.115357] (-) TimerEvent: {}
[48.216039] (-) TimerEvent: {}
[48.316741] (-) TimerEvent: {}
[48.417494] (-) TimerEvent: {}
[48.518637] (-) TimerEvent: {}
[48.619780] (-) TimerEvent: {}
[48.725629] (-) TimerEvent: {}
[48.834060] (-) TimerEvent: {}
[48.938921] (-) TimerEvent: {}
[49.040348] (-) TimerEvent: {}
[49.141266] (-) TimerEvent: {}
[49.241874] (-) TimerEvent: {}
[49.343175] (-) TimerEvent: {}
[49.454326] (-) TimerEvent: {}
[49.556296] (-) TimerEvent: {}
[49.657955] (-) TimerEvent: {}
[49.759476] (-) TimerEvent: {}
[49.861156] (-) TimerEvent: {}
[49.871986] (navigation_node_two) Command: {'cmd': ['/usr/bin/python3', 'setup.py', 'egg_info', '--egg-base', '../../build/navigation_node_two', 'build', '--build-base', '/home/unitree/106a_final/build/navigation_node_two/build', 'install', '--record', '/home/unitree/106a_final/build/navigation_node_two/install.log', '--install-scripts', '$base/lib/navigation_node_two', '--single-version-externally-managed'], 'cwd': '/home/unitree/106a_final/src/navigation_node_two', 'env': {'LESSOPEN': '| /usr/bin/lesspipe %s', 'USER': 'unitree', 'SSH_CLIENT': '192.168.50.153 39080 22', 'XDG_SESSION_TYPE': 'tty', 'SHLVL': '1', 'LD_LIBRARY_PATH': '/home/unitree/106a_final/install/realsense2_camera/lib:/home/unitree/106a_final/install/realsense2_camera_msgs/lib:/usr/local/cuda-11.4/lib64:/usr/local/lib:/home/unitree/cyclonedds_ws/install/rmw_cyclonedds_cpp/lib:/home/unitree/cyclonedds_ws/install/cyclonedds/lib:/opt/ros/foxy/opt/yaml_cpp_vendor/lib:/opt/ros/foxy/opt/rviz_ogre_vendor/lib:/opt/ros/foxy/lib/aarch64-linux-gnu:/opt/ros/foxy/lib', 'MOTD_SHOWN': 'pam', 'HOME': '/home/unitree', 'CYCLONEDDS_URI': '/home/unitree/cyclonedds_ws/cyclonedds.xml', 'OLDPWD': '/home/unitree', 'SSH_TTY': '/dev/pts/10', 'ROS_PYTHON_VERSION': '3', 'DBUS_SESSION_BUS_ADDRESS': 'unix:path=/run/user/1000/bus', 'COLCON_PREFIX_PATH': '/home/unitree/106a_final/install:/home/unitree/cyclonedds_ws/install', 'ROS_DISTRO': 'foxy', 'LOGNAME': 'unitree', '_': '/usr/bin/colcon', 'ROS_VERSION': '2', 'PKG_CONFIG_PATH': '/home/unitree/cyclonedds_ws/install/cyclonedds/lib/aarch64-linux-gnu/pkgconfig:/home/unitree/cyclonedds_ws/install/cyclonedds/lib/pkgconfig', 'XDG_SESSION_CLASS': 'user', 'TERM': 'xterm-256color', 'XDG_SESSION_ID': '14', 'ROS_LOCALHOST_ONLY': '0', 'PATH': '/home/unitree/.local/bin:/usr/local/cuda-11.4/bin:/home/unitree/cyclonedds_ws/install/cyclonedds/bin:/opt/ros/foxy/bin:/usr/local/sbin:/usr/local/bin:/usr/sbin:/usr/bin:/sbin:/bin:/usr/games:/usr/local/games:/snap/bin', 'XDG_RUNTIME_DIR': '/run/user/1000', 'LANG': 'en_US.UTF-8', 'RMW_IMPLEMENTATION': 'rmw_cyclonedds_cpp', 'LS_COLORS': 'rs=0:di=01;34:ln=01;36:mh=00:pi=40;33:so=01;35:do=01;35:bd=40;33;01:cd=40;33;01:or=40;31;01:mi=00:su=37;41:sg=30;43:ca=30;41:tw=30;42:ow=34;42:st=37;44:ex=01;32:*.tar=01;31:*.tgz=01;31:*.arc=01;31:*.arj=01;31:*.taz=01;31:*.lha=01;31:*.lz4=01;31:*.lzh=01;31:*.lzma=01;31:*.tlz=01;31:*.txz=01;31:*.tzo=01;31:*.t7z=01;31:*.zip=01;31:*.z=01;31:*.dz=01;31:*.gz=01;31:*.lrz=01;31:*.lz=01;31:*.lzo=01;31:*.xz=01;31:*.zst=01;31:*.tzst=01;31:*.bz2=01;31:*.bz=01;31:*.tbz=01;31:*.tbz2=01;31:*.tz=01;31:*.deb=01;31:*.rpm=01;31:*.jar=01;31:*.war=01;31:*.ear=01;31:*.sar=01;31:*.rar=01;31:*.alz=01;31:*.ace=01;31:*.zoo=01;31:*.cpio=01;31:*.7z=01;31:*.rz=01;31:*.cab=01;31:*.wim=01;31:*.swm=01;31:*.dwm=01;31:*.esd=01;31:*.jpg=01;35:*.jpeg=01;35:*.mjpg=01;35:*.mjpeg=01;35:*.gif=01;35:*.bmp=01;35:*.pbm=01;35:*.pgm=01;35:*.ppm=01;35:*.tga=01;35:*.xbm=01;35:*.xpm=01;35:*.tif=01;35:*.tiff=01;35:*.png=01;35:*.svg=01;35:*.svgz=01;35:*.mng=01;35:*.pcx=01;35:*.mov=01;35:*.mpg=01;35:*.mpeg=01;35:*.m2v=01;35:*.mkv=01;35:*.webm=01;35:*.ogm=01;35:*.mp4=01;35:*.m4v=01;35:*.mp4v=01;35:*.vob=01;35:*.qt=01;35:*.nuv=01;35:*.wmv=01;35:*.asf=01;35:*.rm=01;35:*.rmvb=01;35:*.flc=01;35:*.avi=01;35:*.fli=01;35:*.flv=01;35:*.gl=01;35:*.dl=01;35:*.xcf=01;35:*.xwd=01;35:*.yuv=01;35:*.cgm=01;35:*.emf=01;35:*.ogv=01;35:*.ogx=01;35:*.aac=00;36:*.au=00;36:*.flac=00;36:*.m4a=00;36:*.mid=00;36:*.midi=00;36:*.mka=00;36:*.mp3=00;36:*.mpc=00;36:*.ogg=00;36:*.ra=00;36:*.wav=00;36:*.oga=00;36:*.opus=00;36:*.spx=00;36:*.xspf=00;36:', 'AMENT_PREFIX_PATH': '/home/unitree/106a_final/install/go2_bringup:/home/unitree/106a_final/install/vision_node:/home/unitree/106a_final/install/realsense2_description:/home/unitree/106a_final/install/realsense2_camera:/home/unitree/106a_final/install/realsense2_camera_msgs:/home/unitree/106a_final/install/navigation_return_node:/home/unitree/106a_final/install/navigation_node_two:/home/unitree/106a_final/install/navigation_node_three:/home/unitree/106a_final/install/navigation_node:/home/unitree/106a_final/install/navigatigation_node_three:/home/unitree/106a_final/install/base_driver:/home/unitree/106a_final/install/aruco_node:/home/unitree/106a_final/install/arm_driver:/home/unitree/106a_final/install/arm_control:/home/unitree/cyclonedds_ws/install/rmw_cyclonedds_cpp:/opt/ros/foxy', 'SHELL': '/bin/bash', 'LESSCLOSE': '/usr/bin/lesspipe %s %s', 'PWD': '/home/unitree/106a_final/build/navigation_node_two', 'LC_ALL': 'en_US.UTF-8', 'SSH_CONNECTION': '192.168.50.153 39080 192.168.50.28 22', 'XDG_DATA_DIRS': '/usr/local/share:/usr/share:/var/lib/snapd/desktop', 'PYTHONPATH': '/home/unitree/106a_final/build/navigation_node_two/prefix_override:/home/unitree/106a_final/install/navigation_node_two/lib/python3.8/site-packages:/home/unitree/106a_final/install/go2_bringup/lib/python3.8/site-packages:/home/unitree/106a_final/install/vision_node/lib/python3.8/site-packages:/home/unitree/106a_final/install/realsense2_camera_msgs/lib/python3.8/site-packages:/home/unitree/106a_final/install/navigation_return_node/lib/python3.8/site-packages:/home/unitree/106a_final/install/navigation_node_two/lib/python3.8/site-packages:/home/unitree/106a_final/install/navigation_node_three/lib/python3.8/site-packages:/home/unitree/106a_final/install/navigation_node/lib/python3.8/site-packages:/home/unitree/106a_final/install/navigatigation_node_three/lib/python3.8/site-packages:/home/unitree/106a_final/install/aruco_node/lib/python3.8/site-packages:/home/unitree/106a_final/install/arm_control/lib/python3.8/site-packages:/opt/ros/foxy/lib/python3.8/site-packages', 'COLCON': '1', 'CMAKE_PREFIX_PATH': '/home/unitree/106a_final/install/realsense2_description:/home/unitree/106a_final/install/realsense2_camera:/home/unitree/106a_final/install/realsense2_camera_msgs:/home/unitree/106a_final/install/base_driver:/home/unitree/106a_final/install/arm_driver:/home/unitree/cyclonedds_ws/install/rmw_cyclonedds_cpp:/home/unitree/cyclonedds_ws/install/cyclonedds'}, 'shell': False}
[49.961376] (-) TimerEvent: {}
[50.062454] (-) TimerEvent: {}
[50.163648] (-) TimerEvent: {}
[50.264807] (-) TimerEvent: {}
[50.365807] (-) TimerEvent: {}
[50.467304] (-) TimerEvent: {}
[50.568296] (-) TimerEvent: {}
[50.669409] (-) TimerEvent: {}
[50.770379] (-) TimerEvent: {}
[50.871016] (-) TimerEvent: {}
[50.971785] (-) TimerEvent: {}
[51.072544] (-) TimerEvent: {}
[51.173362] (-) TimerEvent: {}
[51.274100] (-) TimerEvent: {}
[51.377188] (-) TimerEvent: {}
[51.481315] (-) TimerEvent: {}
[51.540490] (navigation_node_two) StdoutLine: {'line': b'running egg_info\n'}
[51.542001] (navigation_node_two) StdoutLine: {'line': b'writing ../../build/navigation_node_two/navigation_node_two.egg-info/PKG-INFO\n'}
[51.542585] (navigation_node_two) StdoutLine: {'line': b'writing dependency_links to ../../build/navigation_node_two/navigation_node_two.egg-info/dependency_links.txt\n'}
[51.542993] (navigation_node_two) StdoutLine: {'line': b'writing entry points to ../../build/navigation_node_two/navigation_node_two.egg-info/entry_points.txt\n'}
[51.543260] (navigation_node_two) StdoutLine: {'line': b'writing requirements to ../../build/navigation_node_two/navigation_node_two.egg-info/requires.txt\n'}
[51.543476] (navigation_node_two) StdoutLine: {'line': b'writing top-level names to ../../build/navigation_node_two/navigation_node_two.egg-info/top_level.txt\n'}
[51.581488] (-) TimerEvent: {}
[51.682204] (-) TimerEvent: {}
[51.782919] (-) TimerEvent: {}
[51.841253] (navigation_node_two) StdoutLine: {'line': b"reading manifest file '../../build/navigation_node_two/navigation_node_two.egg-info/SOURCES.txt'\n"}
[51.847454] (navigation_node_two) StdoutLine: {'line': b"writing manifest file '../../build/navigation_node_two/navigation_node_two.egg-info/SOURCES.txt'\n"}
[51.847966] (navigation_node_two) StdoutLine: {'line': b'running build\n'}
[51.848146] (navigation_node_two) StdoutLine: {'line': b'running build_py\n'}
[51.848397] (navigation_node_two) StdoutLine: {'line': b'running install\n'}
[51.854742] (navigation_node_two) StdoutLine: {'line': b'running install_lib\n'}
[51.859291] (navigation_node_two) StdoutLine: {'line': b'running install_data\n'}
[51.860556] (navigation_node_two) StdoutLine: {'line': b'running install_egg_info\n'}
[51.864851] (navigation_node_two) StdoutLine: {'line': b"removing '/home/unitree/106a_final/install/navigation_node_two/lib/python3.8/site-packages/navigation_node_two-0.0.0-py3.8.egg-info' (and everything under it)\n"}
[51.873054] (navigation_node_two) StdoutLine: {'line': b'Copying ../../build/navigation_node_two/navigation_node_two.egg-info to /home/unitree/106a_final/install/navigation_node_two/lib/python3.8/site-packages/navigation_node_two-0.0.0-py3.8.egg-info\n'}
[51.873559] (navigation_node_two) StdoutLine: {'line': b'running install_scripts\n'}
[51.885133] (-) TimerEvent: {}
[51.922420] (navigation_node_two) StdoutLine: {'line': b'Installing nav_to_bottle script to /home/unitree/106a_final/install/navigation_node_two/lib/navigation_node_two\n'}
[51.924064] (navigation_node_two) StdoutLine: {'line': b'Installing pose_bridge_node script to /home/unitree/106a_final/install/navigation_node_two/lib/navigation_node_two\n'}
[51.927420] (navigation_node_two) StdoutLine: {'line': b"writing list of installed files to '/home/unitree/106a_final/build/navigation_node_two/install.log'\n"}
[51.985282] (-) TimerEvent: {}
[52.040164] (navigation_node_two) CommandEnded: {'returncode': 0}
[52.085623] (-) TimerEvent: {}
[52.190728] (-) TimerEvent: {}
[52.298205] (-) TimerEvent: {}
[52.399222] (-) TimerEvent: {}
[52.505944] (-) TimerEvent: {}
[52.607495] (-) TimerEvent: {}
[52.708620] (-) TimerEvent: {}
[52.748809] (navigation_node_two) JobEnded: {'identifier': 'navigation_node_two', 'rc': 0}
[52.752704] (go2_bringup) Command: {'cmd': ['/usr/bin/python3', 'setup.py', 'egg_info', '--egg-base', '../../build/go2_bringup', 'build', '--build-base', '/home/unitree/106a_final/build/go2_bringup/build', 'install', '--record', '/home/unitree/106a_final/build/go2_bringup/install.log', '--install-scripts', '$base/lib/go2_bringup', '--single-version-externally-managed'], 'cwd': '/home/unitree/106a_final/src/go2_bringup', 'env': {'LESSOPEN': '| /usr/bin/lesspipe %s', 'USER': 'unitree', 'SSH_CLIENT': '192.168.50.153 39080 22', 'XDG_SESSION_TYPE': 'tty', 'SHLVL': '1', 'LD_LIBRARY_PATH': '/home/unitree/106a_final/install/realsense2_camera/lib:/home/unitree/106a_final/install/realsense2_camera_msgs/lib:/usr/local/cuda-11.4/lib64:/usr/local/lib:/home/unitree/cyclonedds_ws/install/rmw_cyclonedds_cpp/lib:/home/unitree/cyclonedds_ws/install/cyclonedds/lib:/opt/ros/foxy/opt/yaml_cpp_vendor/lib:/opt/ros/foxy/opt/rviz_ogre_vendor/lib:/opt/ros/foxy/lib/aarch64-linux-gnu:/opt/ros/foxy/lib', 'MOTD_SHOWN': 'pam', 'HOME': '/home/unitree', 'CYCLONEDDS_URI': '/home/unitree/cyclonedds_ws/cyclonedds.xml', 'OLDPWD': '/home/unitree', 'SSH_TTY': '/dev/pts/10', 'ROS_PYTHON_VERSION': '3', 'DBUS_SESSION_BUS_ADDRESS': 'unix:path=/run/user/1000/bus', 'COLCON_PREFIX_PATH': '/home/unitree/106a_final/install:/home/unitree/cyclonedds_ws/install', 'ROS_DISTRO': 'foxy', 'LOGNAME': 'unitree', '_': '/usr/bin/colcon', 'ROS_VERSION': '2', 'PKG_CONFIG_PATH': '/home/unitree/cyclonedds_ws/install/cyclonedds/lib/aarch64-linux-gnu/pkgconfig:/home/unitree/cyclonedds_ws/install/cyclonedds/lib/pkgconfig', 'XDG_SESSION_CLASS': 'user', 'TERM': 'xterm-256color', 'XDG_SESSION_ID': '14', 'ROS_LOCALHOST_ONLY': '0', 'PATH': '/home/unitree/.local/bin:/usr/local/cuda-11.4/bin:/home/unitree/cyclonedds_ws/install/cyclonedds/bin:/opt/ros/foxy/bin:/usr/local/sbin:/usr/local/bin:/usr/sbin:/usr/bin:/sbin:/bin:/usr/games:/usr/local/games:/snap/bin', 'XDG_RUNTIME_DIR': '/run/user/1000', 'LANG': 'en_US.UTF-8', 'RMW_IMPLEMENTATION': 'rmw_cyclonedds_cpp', 'LS_COLORS': 'rs=0:di=01;34:ln=01;36:mh=00:pi=40;33:so=01;35:do=01;35:bd=40;33;01:cd=40;33;01:or=40;31;01:mi=00:su=37;41:sg=30;43:ca=30;41:tw=30;42:ow=34;42:st=37;44:ex=01;32:*.tar=01;31:*.tgz=01;31:*.arc=01;31:*.arj=01;31:*.taz=01;31:*.lha=01;31:*.lz4=01;31:*.lzh=01;31:*.lzma=01;31:*.tlz=01;31:*.txz=01;31:*.tzo=01;31:*.t7z=01;31:*.zip=01;31:*.z=01;31:*.dz=01;31:*.gz=01;31:*.lrz=01;31:*.lz=01;31:*.lzo=01;31:*.xz=01;31:*.zst=01;31:*.tzst=01;31:*.bz2=01;31:*.bz=01;31:*.tbz=01;31:*.tbz2=01;31:*.tz=01;31:*.deb=01;31:*.rpm=01;31:*.jar=01;31:*.war=01;31:*.ear=01;31:*.sar=01;31:*.rar=01;31:*.alz=01;31:*.ace=01;31:*.zoo=01;31:*.cpio=01;31:*.7z=01;31:*.rz=01;31:*.cab=01;31:*.wim=01;31:*.swm=01;31:*.dwm=01;31:*.esd=01;31:*.jpg=01;35:*.jpeg=01;35:*.mjpg=01;35:*.mjpeg=01;35:*.gif=01;35:*.bmp=01;35:*.pbm=01;35:*.pgm=01;35:*.ppm=01;35:*.tga=01;35:*.xbm=01;35:*.xpm=01;35:*.tif=01;35:*.tiff=01;35:*.png=01;35:*.svg=01;35:*.svgz=01;35:*.mng=01;35:*.pcx=01;35:*.mov=01;35:*.mpg=01;35:*.mpeg=01;35:*.m2v=01;35:*.mkv=01;35:*.webm=01;35:*.ogm=01;35:*.mp4=01;35:*.m4v=01;35:*.mp4v=01;35:*.vob=01;35:*.qt=01;35:*.nuv=01;35:*.wmv=01;35:*.asf=01;35:*.rm=01;35:*.rmvb=01;35:*.flc=01;35:*.avi=01;35:*.fli=01;35:*.flv=01;35:*.gl=01;35:*.dl=01;35:*.xcf=01;35:*.xwd=01;35:*.yuv=01;35:*.cgm=01;35:*.emf=01;35:*.ogv=01;35:*.ogx=01;35:*.aac=00;36:*.au=00;36:*.flac=00;36:*.m4a=00;36:*.mid=00;36:*.midi=00;36:*.mka=00;36:*.mp3=00;36:*.mpc=00;36:*.ogg=00;36:*.ra=00;36:*.wav=00;36:*.oga=00;36:*.opus=00;36:*.spx=00;36:*.xspf=00;36:', 'AMENT_PREFIX_PATH': '/home/unitree/106a_final/install/vision_node:/home/unitree/106a_final/install/navigation_return_node:/home/unitree/106a_final/install/navigation_node_three:/home/unitree/106a_final/install/aruco_node:/home/unitree/106a_final/install/arm_control:/home/unitree/106a_final/install/go2_bringup:/home/unitree/106a_final/install/realsense2_description:/home/unitree/106a_final/install/realsense2_camera:/home/unitree/106a_final/install/realsense2_camera_msgs:/home/unitree/106a_final/install/navigation_node_two:/home/unitree/106a_final/install/navigation_node:/home/unitree/106a_final/install/navigatigation_node_three:/home/unitree/106a_final/install/base_driver:/home/unitree/106a_final/install/arm_driver:/home/unitree/cyclonedds_ws/install/rmw_cyclonedds_cpp:/opt/ros/foxy', 'SHELL': '/bin/bash', 'LESSCLOSE': '/usr/bin/lesspipe %s %s', 'PWD': '/home/unitree/106a_final/build/go2_bringup', 'LC_ALL': 'en_US.UTF-8', 'SSH_CONNECTION': '192.168.50.153 39080 192.168.50.28 22', 'XDG_DATA_DIRS': '/usr/local/share:/usr/share:/var/lib/snapd/desktop', 'PYTHONPATH': '/home/unitree/106a_final/build/go2_bringup/prefix_override:/home/unitree/106a_final/install/go2_bringup/lib/python3.8/site-packages:/home/unitree/106a_final/install/vision_node/lib/python3.8/site-packages:/home/unitree/106a_final/install/navigation_return_node/lib/python3.8/site-packages:/home/unitree/106a_final/install/navigation_node_three/lib/python3.8/site-packages:/home/unitree/106a_final/install/aruco_node/lib/python3.8/site-packages:/home/unitree/106a_final/install/arm_control/lib/python3.8/site-packages:/home/unitree/106a_final/install/go2_bringup/lib/python3.8/site-packages:/home/unitree/106a_final/install/realsense2_camera_msgs/lib/python3.8/site-packages:/home/unitree/106a_final/install/navigation_node_two/lib/python3.8/site-packages:/home/unitree/106a_final/install/navigation_node/lib/python3.8/site-packages:/home/unitree/106a_final/install/navigatigation_node_three/lib/python3.8/site-packages:/opt/ros/foxy/lib/python3.8/site-packages', 'COLCON': '1', 'CMAKE_PREFIX_PATH': '/home/unitree/106a_final/install/base_driver:/home/unitree/106a_final/install/arm_driver:/home/unitree/106a_final/install/realsense2_description:/home/unitree/106a_final/install/realsense2_camera:/home/unitree/106a_final/install/realsense2_camera_msgs:/home/unitree/cyclonedds_ws/install/rmw_cyclonedds_cpp:/home/unitree/cyclonedds_ws/install/cyclonedds'}, 'shell': False}
[52.809862] (-) TimerEvent: {}
[52.911858] (-) TimerEvent: {}
[53.013594] (-) TimerEvent: {}
[53.114650] (-) TimerEvent: {}
[53.217130] (-) TimerEvent: {}
[53.318453] (-) TimerEvent: {}
[53.419505] (-) TimerEvent: {}
[53.520481] (-) TimerEvent: {}
[53.621737] (-) TimerEvent: {}
[53.722815] (-) TimerEvent: {}
[53.823960] (-) TimerEvent: {}
[53.860888] (go2_bringup) StdoutLine: {'line': b'running egg_info\n'}
[53.864430] (go2_bringup) StdoutLine: {'line': b'writing ../../build/go2_bringup/go2_bringup.egg-info/PKG-INFO\n'}
[53.865722] (go2_bringup) StdoutLine: {'line': b'writing dependency_links to ../../build/go2_bringup/go2_bringup.egg-info/dependency_links.txt\n'}
[53.866458] (go2_bringup) StdoutLine: {'line': b'writing entry points to ../../build/go2_bringup/go2_bringup.egg-info/entry_points.txt\n'}
[53.866848] (go2_bringup) StdoutLine: {'line': b'writing requirements to ../../build/go2_bringup/go2_bringup.egg-info/requires.txt\n'}
[53.867123] (go2_bringup) StdoutLine: {'line': b'writing top-level names to ../../build/go2_bringup/go2_bringup.egg-info/top_level.txt\n'}
[53.924166] (-) TimerEvent: {}
[54.025415] (-) TimerEvent: {}
[54.113896] (go2_bringup) StdoutLine: {'line': b"reading manifest file '../../build/go2_bringup/go2_bringup.egg-info/SOURCES.txt'\n"}
[54.117641] (go2_bringup) StdoutLine: {'line': b"writing manifest file '../../build/go2_bringup/go2_bringup.egg-info/SOURCES.txt'\n"}
[54.118605] (go2_bringup) StdoutLine: {'line': b'running build\n'}
[54.119010] (go2_bringup) StdoutLine: {'line': b'running build_py\n'}
[54.119936] (go2_bringup) StdoutLine: {'line': b'running install\n'}
[54.122521] (go2_bringup) StdoutLine: {'line': b'running install_lib\n'}
[54.125538] (-) TimerEvent: {}
[54.128201] (go2_bringup) StdoutLine: {'line': b'running install_data\n'}
[54.138662] (go2_bringup) StdoutLine: {'line': b'running install_egg_info\n'}
[54.213681] (go2_bringup) StdoutLine: {'line': b"removing '/home/unitree/106a_final/install/go2_bringup/lib/python3.8/site-packages/go2_bringup-0.0.0-py3.8.egg-info' (and everything under it)\n"}
[54.215736] (go2_bringup) StdoutLine: {'line': b'Copying ../../build/go2_bringup/go2_bringup.egg-info to /home/unitree/106a_final/install/go2_bringup/lib/python3.8/site-packages/go2_bringup-0.0.0-py3.8.egg-info\n'}
[54.225707] (-) TimerEvent: {}
[54.245040] (go2_bringup) StdoutLine: {'line': b'running install_scripts\n'}
[54.325861] (-) TimerEvent: {}
[54.342321] (go2_bringup) StdoutLine: {'line': b"writing list of installed files to '/home/unitree/106a_final/build/go2_bringup/install.log'\n"}
[54.426029] (-) TimerEvent: {}
[54.493940] (go2_bringup) CommandEnded: {'returncode': 0}
[54.531335] (-) TimerEvent: {}
[54.639206] (-) TimerEvent: {}
[54.740013] (-) TimerEvent: {}
[54.845071] (-) TimerEvent: {}
[54.946698] (-) TimerEvent: {}
[55.048716] (-) TimerEvent: {}
[55.153414] (-) TimerEvent: {}
[55.258910] (-) TimerEvent: {}
[55.361973] (-) TimerEvent: {}
[55.464573] (-) TimerEvent: {}
[55.567925] (-) TimerEvent: {}
[55.668711] (-) TimerEvent: {}
[55.684422] (go2_bringup) JobEnded: {'identifier': 'go2_bringup', 'rc': 0}
[55.686754] (-) EventReactorShutdown: {}
