[0.000000] (-) TimerEvent: {}
[0.000458] (arm_control) JobQueued: {'identifier': 'arm_control', 'dependencies': OrderedDict()}
[0.000565] (arm_driver) JobQueued: {'identifier': 'arm_driver', 'dependencies': OrderedDict()}
[0.000620] (aruco_node) JobQueued: {'identifier': 'aruco_node', 'dependencies': OrderedDict()}
[0.000661] (base_driver) JobQueued: {'identifier': 'base_driver', 'dependencies': OrderedDict()}
[0.000697] (navigation_node) JobQueued: {'identifier': 'navigation_node', 'dependencies': OrderedDict()}
[0.000733] (navigation_node_three) JobQueued: {'identifier': 'navigation_node_three', 'dependencies': OrderedDict()}
[0.000774] (navigation_node_two) JobQueued: {'identifier': 'navigation_node_two', 'dependencies': OrderedDict()}
[0.001125] (navigation_return_node) JobQueued: {'identifier': 'navigation_return_node', 'dependencies': OrderedDict()}
[0.001893] (vision_node) JobQueued: {'identifier': 'vision_node', 'dependencies': OrderedDict()}
[0.002630] (arm_control) JobStarted: {'identifier': 'arm_control'}
[0.099069] (-) TimerEvent: {}
[0.200598] (-) TimerEvent: {}
[0.301242] (-) TimerEvent: {}
[0.402617] (-) TimerEvent: {}
[0.504057] (-) TimerEvent: {}
[0.604725] (-) TimerEvent: {}
[0.705441] (-) TimerEvent: {}
[0.706814] (arm_driver) JobStarted: {'identifier': 'arm_driver'}
[0.805651] (-) TimerEvent: {}
[0.906312] (-) TimerEvent: {}
[1.006979] (-) TimerEvent: {}
[1.108136] (-) TimerEvent: {}
[1.206610] (aruco_node) JobStarted: {'identifier': 'aruco_node'}
[1.208225] (-) TimerEvent: {}
[1.308824] (-) TimerEvent: {}
[1.410663] (-) TimerEvent: {}
[1.512773] (-) TimerEvent: {}
[1.614224] (-) TimerEvent: {}
[1.715992] (-) TimerEvent: {}
[1.817325] (-) TimerEvent: {}
[1.888922] (base_driver) JobStarted: {'identifier': 'base_driver'}
[1.918126] (-) TimerEvent: {}
[2.019716] (-) TimerEvent: {}
[2.120887] (-) TimerEvent: {}
[2.222849] (-) TimerEvent: {}
[2.324270] (-) TimerEvent: {}
[2.426311] (-) TimerEvent: {}
[2.527340] (-) TimerEvent: {}
[2.628557] (-) TimerEvent: {}
[2.729696] (-) TimerEvent: {}
[2.830865] (-) TimerEvent: {}
[2.933449] (-) TimerEvent: {}
[3.034485] (-) TimerEvent: {}
[3.135334] (-) TimerEvent: {}
[3.236436] (-) TimerEvent: {}
[3.337575] (-) TimerEvent: {}
[3.439476] (-) TimerEvent: {}
[3.540676] (-) TimerEvent: {}
[3.604729] (arm_driver) JobProgress: {'identifier': 'arm_driver', 'progress': 'cmake'}
[3.609471] (arm_driver) JobProgress: {'identifier': 'arm_driver', 'progress': 'build'}
[3.609659] (arm_driver) Command: {'cmd': ['/usr/bin/cmake', '--build', '/home/unitree/106a_final/build/arm_driver', '--', '-j4', '-l4'], 'cwd': '/home/unitree/106a_final/build/arm_driver', 'env': OrderedDict([('LESSOPEN', '| /usr/bin/lesspipe %s'), ('USER', 'unitree'), ('SSH_CLIENT', '192.168.50.153 44518 22'), ('XDG_SESSION_TYPE', 'tty'), ('SHLVL', '1'), ('LD_LIBRARY_PATH', '/home/unitree/106a_final/install/realsense2_camera/lib:/home/unitree/106a_final/install/realsense2_camera_msgs/lib:/usr/local/cuda-11.4/lib64:/usr/local/lib:/home/unitree/cyclonedds_ws/install/rmw_cyclonedds_cpp/lib:/home/unitree/cyclonedds_ws/install/cyclonedds/lib:/opt/ros/foxy/opt/yaml_cpp_vendor/lib:/opt/ros/foxy/opt/rviz_ogre_vendor/lib:/opt/ros/foxy/lib/aarch64-linux-gnu:/opt/ros/foxy/lib'), ('MOTD_SHOWN', 'pam'), ('HOME', '/home/unitree'), ('CYCLONEDDS_URI', '/home/unitree/cyclonedds_ws/cyclonedds.xml'), ('OLDPWD', '/home/unitree'), ('SSH_TTY', '/dev/pts/0'), ('ROS_PYTHON_VERSION', '3'), ('DBUS_SESSION_BUS_ADDRESS', 'unix:path=/run/user/1000/bus'), ('COLCON_PREFIX_PATH', '/home/unitree/106a_final/install:/home/unitree/cyclonedds_ws/install'), ('ROS_DISTRO', 'foxy'), ('LOGNAME', 'unitree'), ('_', '/usr/bin/colcon'), ('ROS_VERSION', '2'), ('PKG_CONFIG_PATH', '/home/unitree/cyclonedds_ws/install/cyclonedds/lib/aarch64-linux-gnu/pkgconfig:/home/unitree/cyclonedds_ws/install/cyclonedds/lib/pkgconfig'), ('XDG_SESSION_CLASS', 'user'), ('TERM', 'xterm-256color'), ('XDG_SESSION_ID', '8'), ('ROS_LOCALHOST_ONLY', '0'), ('PATH', '/home/unitree/.local/bin:/usr/local/cuda-11.4/bin:/home/unitree/cyclonedds_ws/install/cyclonedds/bin:/opt/ros/foxy/bin:/usr/local/sbin:/usr/local/bin:/usr/sbin:/usr/bin:/sbin:/bin:/usr/games:/usr/local/games:/snap/bin'), ('XDG_RUNTIME_DIR', '/run/user/1000'), ('LANG', 'en_US.UTF-8'), ('RMW_IMPLEMENTATION', 'rmw_cyclonedds_cpp'), ('LS_COLORS', 'rs=0:di=01;34:ln=01;36:mh=00:pi=40;33:so=01;35:do=01;35:bd=40;33;01:cd=40;33;01:or=40;31;01:mi=00:su=37;41:sg=30;43:ca=30;41:tw=30;42:ow=34;42:st=37;44:ex=01;32:*.tar=01;31:*.tgz=01;31:*.arc=01;31:*.arj=01;31:*.taz=01;31:*.lha=01;31:*.lz4=01;31:*.lzh=01;31:*.lzma=01;31:*.tlz=01;31:*.txz=01;31:*.tzo=01;31:*.t7z=01;31:*.zip=01;31:*.z=01;31:*.dz=01;31:*.gz=01;31:*.lrz=01;31:*.lz=01;31:*.lzo=01;31:*.xz=01;31:*.zst=01;31:*.tzst=01;31:*.bz2=01;31:*.bz=01;31:*.tbz=01;31:*.tbz2=01;31:*.tz=01;31:*.deb=01;31:*.rpm=01;31:*.jar=01;31:*.war=01;31:*.ear=01;31:*.sar=01;31:*.rar=01;31:*.alz=01;31:*.ace=01;31:*.zoo=01;31:*.cpio=01;31:*.7z=01;31:*.rz=01;31:*.cab=01;31:*.wim=01;31:*.swm=01;31:*.dwm=01;31:*.esd=01;31:*.jpg=01;35:*.jpeg=01;35:*.mjpg=01;35:*.mjpeg=01;35:*.gif=01;35:*.bmp=01;35:*.pbm=01;35:*.pgm=01;35:*.ppm=01;35:*.tga=01;35:*.xbm=01;35:*.xpm=01;35:*.tif=01;35:*.tiff=01;35:*.png=01;35:*.svg=01;35:*.svgz=01;35:*.mng=01;35:*.pcx=01;35:*.mov=01;35:*.mpg=01;35:*.mpeg=01;35:*.m2v=01;35:*.mkv=01;35:*.webm=01;35:*.ogm=01;35:*.mp4=01;35:*.m4v=01;35:*.mp4v=01;35:*.vob=01;35:*.qt=01;35:*.nuv=01;35:*.wmv=01;35:*.asf=01;35:*.rm=01;35:*.rmvb=01;35:*.flc=01;35:*.avi=01;35:*.fli=01;35:*.flv=01;35:*.gl=01;35:*.dl=01;35:*.xcf=01;35:*.xwd=01;35:*.yuv=01;35:*.cgm=01;35:*.emf=01;35:*.ogv=01;35:*.ogx=01;35:*.aac=00;36:*.au=00;36:*.flac=00;36:*.m4a=00;36:*.mid=00;36:*.midi=00;36:*.mka=00;36:*.mp3=00;36:*.mpc=00;36:*.ogg=00;36:*.ra=00;36:*.wav=00;36:*.oga=00;36:*.opus=00;36:*.spx=00;36:*.xspf=00;36:'), ('AMENT_PREFIX_PATH', '/home/unitree/106a_final/install/vision_node:/home/unitree/106a_final/install/realsense2_description:/home/unitree/106a_final/install/realsense2_camera:/home/unitree/106a_final/install/realsense2_camera_msgs:/home/unitree/106a_final/install/navigation_node_two:/home/unitree/106a_final/install/navigation_node_three:/home/unitree/106a_final/install/navigation_node:/home/unitree/106a_final/install/navigatigation_node_three:/home/unitree/106a_final/install/base_driver:/home/unitree/106a_final/install/aruco_node:/home/unitree/106a_final/install/arm_driver:/home/unitree/106a_final/install/arm_control:/home/unitree/cyclonedds_ws/install/rmw_cyclonedds_cpp:/opt/ros/foxy'), ('SHELL', '/bin/bash'), ('LESSCLOSE', '/usr/bin/lesspipe %s %s'), ('PWD', '/home/unitree/106a_final/build/arm_driver'), ('LC_ALL', 'en_US.UTF-8'), ('SSH_CONNECTION', '192.168.50.153 44518 192.168.50.28 22'), ('XDG_DATA_DIRS', '/usr/local/share:/usr/share:/var/lib/snapd/desktop'), ('PYTHONPATH', '/home/unitree/106a_final/install/vision_node/lib/python3.8/site-packages:/home/unitree/106a_final/install/realsense2_camera_msgs/lib/python3.8/site-packages:/home/unitree/106a_final/install/navigation_node_two/lib/python3.8/site-packages:/home/unitree/106a_final/install/navigation_node_three/lib/python3.8/site-packages:/home/unitree/106a_final/install/navigation_node/lib/python3.8/site-packages:/home/unitree/106a_final/install/navigatigation_node_three/lib/python3.8/site-packages:/home/unitree/106a_final/install/aruco_node/lib/python3.8/site-packages:/home/unitree/106a_final/install/arm_control/lib/python3.8/site-packages:/opt/ros/foxy/lib/python3.8/site-packages'), ('COLCON', '1'), ('CMAKE_PREFIX_PATH', '/home/unitree/106a_final/install/realsense2_description:/home/unitree/106a_final/install/realsense2_camera:/home/unitree/106a_final/install/realsense2_camera_msgs:/home/unitree/106a_final/install/base_driver:/home/unitree/106a_final/install/arm_driver:/home/unitree/cyclonedds_ws/install/rmw_cyclonedds_cpp:/home/unitree/cyclonedds_ws/install/cyclonedds:/home/unitree/106a_final/install/vision_node:/home/unitree/106a_final/install/navigation_node_two:/home/unitree/106a_final/install/navigation_node_three:/home/unitree/106a_final/install/navigation_node:/home/unitree/106a_final/install/navigatigation_node_three:/home/unitree/106a_final/install/aruco_node:/home/unitree/106a_final/install/arm_control:/opt/ros/foxy')]), 'shell': False}
[3.641161] (-) TimerEvent: {}
[3.743045] (-) TimerEvent: {}
[3.843733] (-) TimerEvent: {}
[3.944442] (-) TimerEvent: {}
[4.045222] (-) TimerEvent: {}
[4.146498] (-) TimerEvent: {}
[4.247385] (-) TimerEvent: {}
[4.348317] (-) TimerEvent: {}
[4.449204] (-) TimerEvent: {}
[4.551274] (-) TimerEvent: {}
[4.652335] (-) TimerEvent: {}
[4.754719] (-) TimerEvent: {}
[4.786068] (arm_driver) StdoutLine: {'line': b'[ 66%] Built target d1_wrapper\n'}
[4.787241] (arm_driver) StdoutLine: {'line': b'[100%] Built target servo_driver\n'}
[4.790098] (base_driver) JobProgress: {'identifier': 'base_driver', 'progress': 'cmake'}
[4.791497] (base_driver) JobProgress: {'identifier': 'base_driver', 'progress': 'build'}
[4.791969] (base_driver) Command: {'cmd': ['/usr/bin/cmake', '--build', '/home/unitree/106a_final/build/base_driver', '--', '-j4', '-l4'], 'cwd': '/home/unitree/106a_final/build/base_driver', 'env': OrderedDict([('LESSOPEN', '| /usr/bin/lesspipe %s'), ('USER', 'unitree'), ('SSH_CLIENT', '192.168.50.153 44518 22'), ('XDG_SESSION_TYPE', 'tty'), ('SHLVL', '1'), ('LD_LIBRARY_PATH', '/home/unitree/106a_final/install/realsense2_camera/lib:/home/unitree/106a_final/install/realsense2_camera_msgs/lib:/usr/local/cuda-11.4/lib64:/usr/local/lib:/home/unitree/cyclonedds_ws/install/rmw_cyclonedds_cpp/lib:/home/unitree/cyclonedds_ws/install/cyclonedds/lib:/opt/ros/foxy/opt/yaml_cpp_vendor/lib:/opt/ros/foxy/opt/rviz_ogre_vendor/lib:/opt/ros/foxy/lib/aarch64-linux-gnu:/opt/ros/foxy/lib'), ('MOTD_SHOWN', 'pam'), ('HOME', '/home/unitree'), ('CYCLONEDDS_URI', '/home/unitree/cyclonedds_ws/cyclonedds.xml'), ('OLDPWD', '/home/unitree'), ('SSH_TTY', '/dev/pts/0'), ('ROS_PYTHON_VERSION', '3'), ('DBUS_SESSION_BUS_ADDRESS', 'unix:path=/run/user/1000/bus'), ('COLCON_PREFIX_PATH', '/home/unitree/106a_final/install:/home/unitree/cyclonedds_ws/install'), ('ROS_DISTRO', 'foxy'), ('LOGNAME', 'unitree'), ('_', '/usr/bin/colcon'), ('ROS_VERSION', '2'), ('PKG_CONFIG_PATH', '/home/unitree/cyclonedds_ws/install/cyclonedds/lib/aarch64-linux-gnu/pkgconfig:/home/unitree/cyclonedds_ws/install/cyclonedds/lib/pkgconfig'), ('XDG_SESSION_CLASS', 'user'), ('TERM', 'xterm-256color'), ('XDG_SESSION_ID', '8'), ('ROS_LOCALHOST_ONLY', '0'), ('PATH', '/home/unitree/.local/bin:/usr/local/cuda-11.4/bin:/home/unitree/cyclonedds_ws/install/cyclonedds/bin:/opt/ros/foxy/bin:/usr/local/sbin:/usr/local/bin:/usr/sbin:/usr/bin:/sbin:/bin:/usr/games:/usr/local/games:/snap/bin'), ('XDG_RUNTIME_DIR', '/run/user/1000'), ('LANG', 'en_US.UTF-8'), ('RMW_IMPLEMENTATION', 'rmw_cyclonedds_cpp'), ('LS_COLORS', 'rs=0:di=01;34:ln=01;36:mh=00:pi=40;33:so=01;35:do=01;35:bd=40;33;01:cd=40;33;01:or=40;31;01:mi=00:su=37;41:sg=30;43:ca=30;41:tw=30;42:ow=34;42:st=37;44:ex=01;32:*.tar=01;31:*.tgz=01;31:*.arc=01;31:*.arj=01;31:*.taz=01;31:*.lha=01;31:*.lz4=01;31:*.lzh=01;31:*.lzma=01;31:*.tlz=01;31:*.txz=01;31:*.tzo=01;31:*.t7z=01;31:*.zip=01;31:*.z=01;31:*.dz=01;31:*.gz=01;31:*.lrz=01;31:*.lz=01;31:*.lzo=01;31:*.xz=01;31:*.zst=01;31:*.tzst=01;31:*.bz2=01;31:*.bz=01;31:*.tbz=01;31:*.tbz2=01;31:*.tz=01;31:*.deb=01;31:*.rpm=01;31:*.jar=01;31:*.war=01;31:*.ear=01;31:*.sar=01;31:*.rar=01;31:*.alz=01;31:*.ace=01;31:*.zoo=01;31:*.cpio=01;31:*.7z=01;31:*.rz=01;31:*.cab=01;31:*.wim=01;31:*.swm=01;31:*.dwm=01;31:*.esd=01;31:*.jpg=01;35:*.jpeg=01;35:*.mjpg=01;35:*.mjpeg=01;35:*.gif=01;35:*.bmp=01;35:*.pbm=01;35:*.pgm=01;35:*.ppm=01;35:*.tga=01;35:*.xbm=01;35:*.xpm=01;35:*.tif=01;35:*.tiff=01;35:*.png=01;35:*.svg=01;35:*.svgz=01;35:*.mng=01;35:*.pcx=01;35:*.mov=01;35:*.mpg=01;35:*.mpeg=01;35:*.m2v=01;35:*.mkv=01;35:*.webm=01;35:*.ogm=01;35:*.mp4=01;35:*.m4v=01;35:*.mp4v=01;35:*.vob=01;35:*.qt=01;35:*.nuv=01;35:*.wmv=01;35:*.asf=01;35:*.rm=01;35:*.rmvb=01;35:*.flc=01;35:*.avi=01;35:*.fli=01;35:*.flv=01;35:*.gl=01;35:*.dl=01;35:*.xcf=01;35:*.xwd=01;35:*.yuv=01;35:*.cgm=01;35:*.emf=01;35:*.ogv=01;35:*.ogx=01;35:*.aac=00;36:*.au=00;36:*.flac=00;36:*.m4a=00;36:*.mid=00;36:*.midi=00;36:*.mka=00;36:*.mp3=00;36:*.mpc=00;36:*.ogg=00;36:*.ra=00;36:*.wav=00;36:*.oga=00;36:*.opus=00;36:*.spx=00;36:*.xspf=00;36:'), ('AMENT_PREFIX_PATH', '/home/unitree/106a_final/install/vision_node:/home/unitree/106a_final/install/realsense2_description:/home/unitree/106a_final/install/realsense2_camera:/home/unitree/106a_final/install/realsense2_camera_msgs:/home/unitree/106a_final/install/navigation_node_two:/home/unitree/106a_final/install/navigation_node_three:/home/unitree/106a_final/install/navigation_node:/home/unitree/106a_final/install/navigatigation_node_three:/home/unitree/106a_final/install/base_driver:/home/unitree/106a_final/install/aruco_node:/home/unitree/106a_final/install/arm_driver:/home/unitree/106a_final/install/arm_control:/home/unitree/cyclonedds_ws/install/rmw_cyclonedds_cpp:/opt/ros/foxy'), ('SHELL', '/bin/bash'), ('LESSCLOSE', '/usr/bin/lesspipe %s %s'), ('PWD', '/home/unitree/106a_final/build/base_driver'), ('LC_ALL', 'en_US.UTF-8'), ('SSH_CONNECTION', '192.168.50.153 44518 192.168.50.28 22'), ('XDG_DATA_DIRS', '/usr/local/share:/usr/share:/var/lib/snapd/desktop'), ('PYTHONPATH', '/home/unitree/106a_final/install/vision_node/lib/python3.8/site-packages:/home/unitree/106a_final/install/realsense2_camera_msgs/lib/python3.8/site-packages:/home/unitree/106a_final/install/navigation_node_two/lib/python3.8/site-packages:/home/unitree/106a_final/install/navigation_node_three/lib/python3.8/site-packages:/home/unitree/106a_final/install/navigation_node/lib/python3.8/site-packages:/home/unitree/106a_final/install/navigatigation_node_three/lib/python3.8/site-packages:/home/unitree/106a_final/install/aruco_node/lib/python3.8/site-packages:/home/unitree/106a_final/install/arm_control/lib/python3.8/site-packages:/opt/ros/foxy/lib/python3.8/site-packages'), ('COLCON', '1'), ('CMAKE_PREFIX_PATH', '/home/unitree/106a_final/install/realsense2_description:/home/unitree/106a_final/install/realsense2_camera:/home/unitree/106a_final/install/realsense2_camera_msgs:/home/unitree/106a_final/install/base_driver:/home/unitree/106a_final/install/arm_driver:/home/unitree/cyclonedds_ws/install/rmw_cyclonedds_cpp:/home/unitree/cyclonedds_ws/install/cyclonedds:/home/unitree/106a_final/install/vision_node:/home/unitree/106a_final/install/navigation_node_two:/home/unitree/106a_final/install/navigation_node_three:/home/unitree/106a_final/install/navigation_node:/home/unitree/106a_final/install/navigatigation_node_three:/home/unitree/106a_final/install/aruco_node:/home/unitree/106a_final/install/arm_control:/opt/ros/foxy')]), 'shell': False}
[4.818376] (arm_driver) CommandEnded: {'returncode': 0}
[4.826538] (arm_driver) JobProgress: {'identifier': 'arm_driver', 'progress': 'install'}
[4.855054] (-) TimerEvent: {}
[4.879307] (arm_driver) Command: {'cmd': ['/usr/bin/cmake', '--install', '/home/unitree/106a_final/build/arm_driver'], 'cwd': '/home/unitree/106a_final/build/arm_driver', 'env': OrderedDict([('LESSOPEN', '| /usr/bin/lesspipe %s'), ('USER', 'unitree'), ('SSH_CLIENT', '192.168.50.153 44518 22'), ('XDG_SESSION_TYPE', 'tty'), ('SHLVL', '1'), ('LD_LIBRARY_PATH', '/home/unitree/106a_final/install/realsense2_camera/lib:/home/unitree/106a_final/install/realsense2_camera_msgs/lib:/usr/local/cuda-11.4/lib64:/usr/local/lib:/home/unitree/cyclonedds_ws/install/rmw_cyclonedds_cpp/lib:/home/unitree/cyclonedds_ws/install/cyclonedds/lib:/opt/ros/foxy/opt/yaml_cpp_vendor/lib:/opt/ros/foxy/opt/rviz_ogre_vendor/lib:/opt/ros/foxy/lib/aarch64-linux-gnu:/opt/ros/foxy/lib'), ('MOTD_SHOWN', 'pam'), ('HOME', '/home/unitree'), ('CYCLONEDDS_URI', '/home/unitree/cyclonedds_ws/cyclonedds.xml'), ('OLDPWD', '/home/unitree'), ('SSH_TTY', '/dev/pts/0'), ('ROS_PYTHON_VERSION', '3'), ('DBUS_SESSION_BUS_ADDRESS', 'unix:path=/run/user/1000/bus'), ('COLCON_PREFIX_PATH', '/home/unitree/106a_final/install:/home/unitree/cyclonedds_ws/install'), ('ROS_DISTRO', 'foxy'), ('LOGNAME', 'unitree'), ('_', '/usr/bin/colcon'), ('ROS_VERSION', '2'), ('PKG_CONFIG_PATH', '/home/unitree/cyclonedds_ws/install/cyclonedds/lib/aarch64-linux-gnu/pkgconfig:/home/unitree/cyclonedds_ws/install/cyclonedds/lib/pkgconfig'), ('XDG_SESSION_CLASS', 'user'), ('TERM', 'xterm-256color'), ('XDG_SESSION_ID', '8'), ('ROS_LOCALHOST_ONLY', '0'), ('PATH', '/home/unitree/.local/bin:/usr/local/cuda-11.4/bin:/home/unitree/cyclonedds_ws/install/cyclonedds/bin:/opt/ros/foxy/bin:/usr/local/sbin:/usr/local/bin:/usr/sbin:/usr/bin:/sbin:/bin:/usr/games:/usr/local/games:/snap/bin'), ('XDG_RUNTIME_DIR', '/run/user/1000'), ('LANG', 'en_US.UTF-8'), ('RMW_IMPLEMENTATION', 'rmw_cyclonedds_cpp'), ('LS_COLORS', 'rs=0:di=01;34:ln=01;36:mh=00:pi=40;33:so=01;35:do=01;35:bd=40;33;01:cd=40;33;01:or=40;31;01:mi=00:su=37;41:sg=30;43:ca=30;41:tw=30;42:ow=34;42:st=37;44:ex=01;32:*.tar=01;31:*.tgz=01;31:*.arc=01;31:*.arj=01;31:*.taz=01;31:*.lha=01;31:*.lz4=01;31:*.lzh=01;31:*.lzma=01;31:*.tlz=01;31:*.txz=01;31:*.tzo=01;31:*.t7z=01;31:*.zip=01;31:*.z=01;31:*.dz=01;31:*.gz=01;31:*.lrz=01;31:*.lz=01;31:*.lzo=01;31:*.xz=01;31:*.zst=01;31:*.tzst=01;31:*.bz2=01;31:*.bz=01;31:*.tbz=01;31:*.tbz2=01;31:*.tz=01;31:*.deb=01;31:*.rpm=01;31:*.jar=01;31:*.war=01;31:*.ear=01;31:*.sar=01;31:*.rar=01;31:*.alz=01;31:*.ace=01;31:*.zoo=01;31:*.cpio=01;31:*.7z=01;31:*.rz=01;31:*.cab=01;31:*.wim=01;31:*.swm=01;31:*.dwm=01;31:*.esd=01;31:*.jpg=01;35:*.jpeg=01;35:*.mjpg=01;35:*.mjpeg=01;35:*.gif=01;35:*.bmp=01;35:*.pbm=01;35:*.pgm=01;35:*.ppm=01;35:*.tga=01;35:*.xbm=01;35:*.xpm=01;35:*.tif=01;35:*.tiff=01;35:*.png=01;35:*.svg=01;35:*.svgz=01;35:*.mng=01;35:*.pcx=01;35:*.mov=01;35:*.mpg=01;35:*.mpeg=01;35:*.m2v=01;35:*.mkv=01;35:*.webm=01;35:*.ogm=01;35:*.mp4=01;35:*.m4v=01;35:*.mp4v=01;35:*.vob=01;35:*.qt=01;35:*.nuv=01;35:*.wmv=01;35:*.asf=01;35:*.rm=01;35:*.rmvb=01;35:*.flc=01;35:*.avi=01;35:*.fli=01;35:*.flv=01;35:*.gl=01;35:*.dl=01;35:*.xcf=01;35:*.xwd=01;35:*.yuv=01;35:*.cgm=01;35:*.emf=01;35:*.ogv=01;35:*.ogx=01;35:*.aac=00;36:*.au=00;36:*.flac=00;36:*.m4a=00;36:*.mid=00;36:*.midi=00;36:*.mka=00;36:*.mp3=00;36:*.mpc=00;36:*.ogg=00;36:*.ra=00;36:*.wav=00;36:*.oga=00;36:*.opus=00;36:*.spx=00;36:*.xspf=00;36:'), ('AMENT_PREFIX_PATH', '/home/unitree/106a_final/install/vision_node:/home/unitree/106a_final/install/realsense2_description:/home/unitree/106a_final/install/realsense2_camera:/home/unitree/106a_final/install/realsense2_camera_msgs:/home/unitree/106a_final/install/navigation_node_two:/home/unitree/106a_final/install/navigation_node_three:/home/unitree/106a_final/install/navigation_node:/home/unitree/106a_final/install/navigatigation_node_three:/home/unitree/106a_final/install/base_driver:/home/unitree/106a_final/install/aruco_node:/home/unitree/106a_final/install/arm_driver:/home/unitree/106a_final/install/arm_control:/home/unitree/cyclonedds_ws/install/rmw_cyclonedds_cpp:/opt/ros/foxy'), ('SHELL', '/bin/bash'), ('LESSCLOSE', '/usr/bin/lesspipe %s %s'), ('PWD', '/home/unitree/106a_final/build/arm_driver'), ('LC_ALL', 'en_US.UTF-8'), ('SSH_CONNECTION', '192.168.50.153 44518 192.168.50.28 22'), ('XDG_DATA_DIRS', '/usr/local/share:/usr/share:/var/lib/snapd/desktop'), ('PYTHONPATH', '/home/unitree/106a_final/install/vision_node/lib/python3.8/site-packages:/home/unitree/106a_final/install/realsense2_camera_msgs/lib/python3.8/site-packages:/home/unitree/106a_final/install/navigation_node_two/lib/python3.8/site-packages:/home/unitree/106a_final/install/navigation_node_three/lib/python3.8/site-packages:/home/unitree/106a_final/install/navigation_node/lib/python3.8/site-packages:/home/unitree/106a_final/install/navigatigation_node_three/lib/python3.8/site-packages:/home/unitree/106a_final/install/aruco_node/lib/python3.8/site-packages:/home/unitree/106a_final/install/arm_control/lib/python3.8/site-packages:/opt/ros/foxy/lib/python3.8/site-packages'), ('COLCON', '1'), ('CMAKE_PREFIX_PATH', '/home/unitree/106a_final/install/realsense2_description:/home/unitree/106a_final/install/realsense2_camera:/home/unitree/106a_final/install/realsense2_camera_msgs:/home/unitree/106a_final/install/base_driver:/home/unitree/106a_final/install/arm_driver:/home/unitree/cyclonedds_ws/install/rmw_cyclonedds_cpp:/home/unitree/cyclonedds_ws/install/cyclonedds:/home/unitree/106a_final/install/vision_node:/home/unitree/106a_final/install/navigation_node_two:/home/unitree/106a_final/install/navigation_node_three:/home/unitree/106a_final/install/navigation_node:/home/unitree/106a_final/install/navigatigation_node_three:/home/unitree/106a_final/install/aruco_node:/home/unitree/106a_final/install/arm_control:/opt/ros/foxy')]), 'shell': False}
[4.914571] (arm_driver) StdoutLine: {'line': b'-- Install configuration: ""\n'}
[4.915101] (arm_driver) StdoutLine: {'line': b'-- Up-to-date: /home/unitree/106a_final/install/arm_driver/lib/arm_driver/servo_driver\n'}
[4.915287] (arm_driver) StdoutLine: {'line': b'-- Up-to-date: /home/unitree/106a_final/install/arm_driver/share/arm_driver/launch\n'}
[4.915424] (arm_driver) StdoutLine: {'line': b'-- Up-to-date: /home/unitree/106a_final/install/arm_driver/share/arm_driver/launch/arm_driver.launch.py\n'}
[4.915562] (arm_driver) StdoutLine: {'line': b'-- Up-to-date: /home/unitree/106a_final/install/arm_driver/share/ament_index/resource_index/package_run_dependencies/arm_driver\n'}
[4.915734] (arm_driver) StdoutLine: {'line': b'-- Up-to-date: /home/unitree/106a_final/install/arm_driver/share/ament_index/resource_index/parent_prefix_path/arm_driver\n'}
[4.915894] (arm_driver) StdoutLine: {'line': b'-- Up-to-date: /home/unitree/106a_final/install/arm_driver/share/arm_driver/environment/ament_prefix_path.sh\n'}
[4.916019] (arm_driver) StdoutLine: {'line': b'-- Up-to-date: /home/unitree/106a_final/install/arm_driver/share/arm_driver/environment/ament_prefix_path.dsv\n'}
[4.916191] (arm_driver) StdoutLine: {'line': b'-- Up-to-date: /home/unitree/106a_final/install/arm_driver/share/arm_driver/environment/path.sh\n'}
[4.917693] (arm_driver) StdoutLine: {'line': b'-- Up-to-date: /home/unitree/106a_final/install/arm_driver/share/arm_driver/environment/path.dsv\n'}
[4.918197] (arm_driver) StdoutLine: {'line': b'-- Up-to-date: /home/unitree/106a_final/install/arm_driver/share/arm_driver/local_setup.bash\n'}
[4.918367] (arm_driver) StdoutLine: {'line': b'-- Up-to-date: /home/unitree/106a_final/install/arm_driver/share/arm_driver/local_setup.sh\n'}
[4.918525] (arm_driver) StdoutLine: {'line': b'-- Up-to-date: /home/unitree/106a_final/install/arm_driver/share/arm_driver/local_setup.zsh\n'}
[4.918676] (arm_driver) StdoutLine: {'line': b'-- Up-to-date: /home/unitree/106a_final/install/arm_driver/share/arm_driver/local_setup.dsv\n'}
[4.918820] (arm_driver) StdoutLine: {'line': b'-- Installing: /home/unitree/106a_final/install/arm_driver/share/arm_driver/package.dsv\n'}
[4.918937] (arm_driver) StdoutLine: {'line': b'-- Up-to-date: /home/unitree/106a_final/install/arm_driver/share/ament_index/resource_index/packages/arm_driver\n'}
[4.919083] (arm_driver) StdoutLine: {'line': b'-- Up-to-date: /home/unitree/106a_final/install/arm_driver/share/arm_driver/cmake/arm_driverConfig.cmake\n'}
[4.919218] (arm_driver) StdoutLine: {'line': b'-- Up-to-date: /home/unitree/106a_final/install/arm_driver/share/arm_driver/cmake/arm_driverConfig-version.cmake\n'}
[4.919359] (arm_driver) StdoutLine: {'line': b'-- Up-to-date: /home/unitree/106a_final/install/arm_driver/share/arm_driver/package.xml\n'}
[4.955423] (-) TimerEvent: {}
[4.961945] (base_driver) StdoutLine: {'line': b'[ 50%] Built target base_wrapper\n'}
[4.985502] (arm_driver) CommandEnded: {'returncode': 0}
[5.056708] (-) TimerEvent: {}
[5.064357] (base_driver) StdoutLine: {'line': b'[100%] Built target base_driver\n'}
[5.162088] (-) TimerEvent: {}
[5.262831] (-) TimerEvent: {}
[5.364187] (-) TimerEvent: {}
[5.465693] (-) TimerEvent: {}
[5.571046] (-) TimerEvent: {}
[5.674138] (-) TimerEvent: {}
[5.775588] (-) TimerEvent: {}
[5.877572] (-) TimerEvent: {}
[5.919420] (arm_driver) JobEnded: {'identifier': 'arm_driver', 'rc': 0}
[5.923291] (navigation_node) JobStarted: {'identifier': 'navigation_node'}
[5.983403] (-) TimerEvent: {}
[6.085127] (-) TimerEvent: {}
[6.186800] (-) TimerEvent: {}
[6.287920] (-) TimerEvent: {}
[6.389595] (-) TimerEvent: {}
[6.491924] (-) TimerEvent: {}
[6.598177] (-) TimerEvent: {}
[6.699450] (-) TimerEvent: {}
[6.799986] (base_driver) CommandEnded: {'returncode': 0}
[6.801523] (-) TimerEvent: {}
[6.803361] (base_driver) JobProgress: {'identifier': 'base_driver', 'progress': 'install'}
[6.803985] (base_driver) Command: {'cmd': ['/usr/bin/cmake', '--install', '/home/unitree/106a_final/build/base_driver'], 'cwd': '/home/unitree/106a_final/build/base_driver', 'env': OrderedDict([('LESSOPEN', '| /usr/bin/lesspipe %s'), ('USER', 'unitree'), ('SSH_CLIENT', '192.168.50.153 44518 22'), ('XDG_SESSION_TYPE', 'tty'), ('SHLVL', '1'), ('LD_LIBRARY_PATH', '/home/unitree/106a_final/install/realsense2_camera/lib:/home/unitree/106a_final/install/realsense2_camera_msgs/lib:/usr/local/cuda-11.4/lib64:/usr/local/lib:/home/unitree/cyclonedds_ws/install/rmw_cyclonedds_cpp/lib:/home/unitree/cyclonedds_ws/install/cyclonedds/lib:/opt/ros/foxy/opt/yaml_cpp_vendor/lib:/opt/ros/foxy/opt/rviz_ogre_vendor/lib:/opt/ros/foxy/lib/aarch64-linux-gnu:/opt/ros/foxy/lib'), ('MOTD_SHOWN', 'pam'), ('HOME', '/home/unitree'), ('CYCLONEDDS_URI', '/home/unitree/cyclonedds_ws/cyclonedds.xml'), ('OLDPWD', '/home/unitree'), ('SSH_TTY', '/dev/pts/0'), ('ROS_PYTHON_VERSION', '3'), ('DBUS_SESSION_BUS_ADDRESS', 'unix:path=/run/user/1000/bus'), ('COLCON_PREFIX_PATH', '/home/unitree/106a_final/install:/home/unitree/cyclonedds_ws/install'), ('ROS_DISTRO', 'foxy'), ('LOGNAME', 'unitree'), ('_', '/usr/bin/colcon'), ('ROS_VERSION', '2'), ('PKG_CONFIG_PATH', '/home/unitree/cyclonedds_ws/install/cyclonedds/lib/aarch64-linux-gnu/pkgconfig:/home/unitree/cyclonedds_ws/install/cyclonedds/lib/pkgconfig'), ('XDG_SESSION_CLASS', 'user'), ('TERM', 'xterm-256color'), ('XDG_SESSION_ID', '8'), ('ROS_LOCALHOST_ONLY', '0'), ('PATH', '/home/unitree/.local/bin:/usr/local/cuda-11.4/bin:/home/unitree/cyclonedds_ws/install/cyclonedds/bin:/opt/ros/foxy/bin:/usr/local/sbin:/usr/local/bin:/usr/sbin:/usr/bin:/sbin:/bin:/usr/games:/usr/local/games:/snap/bin'), ('XDG_RUNTIME_DIR', '/run/user/1000'), ('LANG', 'en_US.UTF-8'), ('RMW_IMPLEMENTATION', 'rmw_cyclonedds_cpp'), ('LS_COLORS', 'rs=0:di=01;34:ln=01;36:mh=00:pi=40;33:so=01;35:do=01;35:bd=40;33;01:cd=40;33;01:or=40;31;01:mi=00:su=37;41:sg=30;43:ca=30;41:tw=30;42:ow=34;42:st=37;44:ex=01;32:*.tar=01;31:*.tgz=01;31:*.arc=01;31:*.arj=01;31:*.taz=01;31:*.lha=01;31:*.lz4=01;31:*.lzh=01;31:*.lzma=01;31:*.tlz=01;31:*.txz=01;31:*.tzo=01;31:*.t7z=01;31:*.zip=01;31:*.z=01;31:*.dz=01;31:*.gz=01;31:*.lrz=01;31:*.lz=01;31:*.lzo=01;31:*.xz=01;31:*.zst=01;31:*.tzst=01;31:*.bz2=01;31:*.bz=01;31:*.tbz=01;31:*.tbz2=01;31:*.tz=01;31:*.deb=01;31:*.rpm=01;31:*.jar=01;31:*.war=01;31:*.ear=01;31:*.sar=01;31:*.rar=01;31:*.alz=01;31:*.ace=01;31:*.zoo=01;31:*.cpio=01;31:*.7z=01;31:*.rz=01;31:*.cab=01;31:*.wim=01;31:*.swm=01;31:*.dwm=01;31:*.esd=01;31:*.jpg=01;35:*.jpeg=01;35:*.mjpg=01;35:*.mjpeg=01;35:*.gif=01;35:*.bmp=01;35:*.pbm=01;35:*.pgm=01;35:*.ppm=01;35:*.tga=01;35:*.xbm=01;35:*.xpm=01;35:*.tif=01;35:*.tiff=01;35:*.png=01;35:*.svg=01;35:*.svgz=01;35:*.mng=01;35:*.pcx=01;35:*.mov=01;35:*.mpg=01;35:*.mpeg=01;35:*.m2v=01;35:*.mkv=01;35:*.webm=01;35:*.ogm=01;35:*.mp4=01;35:*.m4v=01;35:*.mp4v=01;35:*.vob=01;35:*.qt=01;35:*.nuv=01;35:*.wmv=01;35:*.asf=01;35:*.rm=01;35:*.rmvb=01;35:*.flc=01;35:*.avi=01;35:*.fli=01;35:*.flv=01;35:*.gl=01;35:*.dl=01;35:*.xcf=01;35:*.xwd=01;35:*.yuv=01;35:*.cgm=01;35:*.emf=01;35:*.ogv=01;35:*.ogx=01;35:*.aac=00;36:*.au=00;36:*.flac=00;36:*.m4a=00;36:*.mid=00;36:*.midi=00;36:*.mka=00;36:*.mp3=00;36:*.mpc=00;36:*.ogg=00;36:*.ra=00;36:*.wav=00;36:*.oga=00;36:*.opus=00;36:*.spx=00;36:*.xspf=00;36:'), ('AMENT_PREFIX_PATH', '/home/unitree/106a_final/install/vision_node:/home/unitree/106a_final/install/realsense2_description:/home/unitree/106a_final/install/realsense2_camera:/home/unitree/106a_final/install/realsense2_camera_msgs:/home/unitree/106a_final/install/navigation_node_two:/home/unitree/106a_final/install/navigation_node_three:/home/unitree/106a_final/install/navigation_node:/home/unitree/106a_final/install/navigatigation_node_three:/home/unitree/106a_final/install/base_driver:/home/unitree/106a_final/install/aruco_node:/home/unitree/106a_final/install/arm_driver:/home/unitree/106a_final/install/arm_control:/home/unitree/cyclonedds_ws/install/rmw_cyclonedds_cpp:/opt/ros/foxy'), ('SHELL', '/bin/bash'), ('LESSCLOSE', '/usr/bin/lesspipe %s %s'), ('PWD', '/home/unitree/106a_final/build/base_driver'), ('LC_ALL', 'en_US.UTF-8'), ('SSH_CONNECTION', '192.168.50.153 44518 192.168.50.28 22'), ('XDG_DATA_DIRS', '/usr/local/share:/usr/share:/var/lib/snapd/desktop'), ('PYTHONPATH', '/home/unitree/106a_final/install/vision_node/lib/python3.8/site-packages:/home/unitree/106a_final/install/realsense2_camera_msgs/lib/python3.8/site-packages:/home/unitree/106a_final/install/navigation_node_two/lib/python3.8/site-packages:/home/unitree/106a_final/install/navigation_node_three/lib/python3.8/site-packages:/home/unitree/106a_final/install/navigation_node/lib/python3.8/site-packages:/home/unitree/106a_final/install/navigatigation_node_three/lib/python3.8/site-packages:/home/unitree/106a_final/install/aruco_node/lib/python3.8/site-packages:/home/unitree/106a_final/install/arm_control/lib/python3.8/site-packages:/opt/ros/foxy/lib/python3.8/site-packages'), ('COLCON', '1'), ('CMAKE_PREFIX_PATH', '/home/unitree/106a_final/install/realsense2_description:/home/unitree/106a_final/install/realsense2_camera:/home/unitree/106a_final/install/realsense2_camera_msgs:/home/unitree/106a_final/install/base_driver:/home/unitree/106a_final/install/arm_driver:/home/unitree/cyclonedds_ws/install/rmw_cyclonedds_cpp:/home/unitree/cyclonedds_ws/install/cyclonedds:/home/unitree/106a_final/install/vision_node:/home/unitree/106a_final/install/navigation_node_two:/home/unitree/106a_final/install/navigation_node_three:/home/unitree/106a_final/install/navigation_node:/home/unitree/106a_final/install/navigatigation_node_three:/home/unitree/106a_final/install/aruco_node:/home/unitree/106a_final/install/arm_control:/opt/ros/foxy')]), 'shell': False}
[6.818954] (arm_control) Command: {'cmd': ['/usr/bin/python3', 'setup.py', 'egg_info', '--egg-base', '../../build/arm_control', 'build', '--build-base', '/home/unitree/106a_final/build/arm_control/build', 'install', '--record', '/home/unitree/106a_final/build/arm_control/install.log', '--install-scripts', '$base/lib/arm_control', '--single-version-externally-managed'], 'cwd': '/home/unitree/106a_final/src/arm_control', 'env': {'LESSOPEN': '| /usr/bin/lesspipe %s', 'USER': 'unitree', 'SSH_CLIENT': '192.168.50.153 44518 22', 'XDG_SESSION_TYPE': 'tty', 'SHLVL': '1', 'LD_LIBRARY_PATH': '/home/unitree/106a_final/install/realsense2_camera/lib:/home/unitree/106a_final/install/realsense2_camera_msgs/lib:/usr/local/cuda-11.4/lib64:/usr/local/lib:/home/unitree/cyclonedds_ws/install/rmw_cyclonedds_cpp/lib:/home/unitree/cyclonedds_ws/install/cyclonedds/lib:/opt/ros/foxy/opt/yaml_cpp_vendor/lib:/opt/ros/foxy/opt/rviz_ogre_vendor/lib:/opt/ros/foxy/lib/aarch64-linux-gnu:/opt/ros/foxy/lib', 'MOTD_SHOWN': 'pam', 'HOME': '/home/unitree', 'CYCLONEDDS_URI': '/home/unitree/cyclonedds_ws/cyclonedds.xml', 'OLDPWD': '/home/unitree', 'SSH_TTY': '/dev/pts/0', 'ROS_PYTHON_VERSION': '3', 'DBUS_SESSION_BUS_ADDRESS': 'unix:path=/run/user/1000/bus', 'COLCON_PREFIX_PATH': '/home/unitree/106a_final/install:/home/unitree/cyclonedds_ws/install', 'ROS_DISTRO': 'foxy', 'LOGNAME': 'unitree', '_': '/usr/bin/colcon', 'ROS_VERSION': '2', 'PKG_CONFIG_PATH': '/home/unitree/cyclonedds_ws/install/cyclonedds/lib/aarch64-linux-gnu/pkgconfig:/home/unitree/cyclonedds_ws/install/cyclonedds/lib/pkgconfig', 'XDG_SESSION_CLASS': 'user', 'TERM': 'xterm-256color', 'XDG_SESSION_ID': '8', 'ROS_LOCALHOST_ONLY': '0', 'PATH': '/home/unitree/.local/bin:/usr/local/cuda-11.4/bin:/home/unitree/cyclonedds_ws/install/cyclonedds/bin:/opt/ros/foxy/bin:/usr/local/sbin:/usr/local/bin:/usr/sbin:/usr/bin:/sbin:/bin:/usr/games:/usr/local/games:/snap/bin', 'XDG_RUNTIME_DIR': '/run/user/1000', 'LANG': 'en_US.UTF-8', 'RMW_IMPLEMENTATION': 'rmw_cyclonedds_cpp', 'LS_COLORS': 'rs=0:di=01;34:ln=01;36:mh=00:pi=40;33:so=01;35:do=01;35:bd=40;33;01:cd=40;33;01:or=40;31;01:mi=00:su=37;41:sg=30;43:ca=30;41:tw=30;42:ow=34;42:st=37;44:ex=01;32:*.tar=01;31:*.tgz=01;31:*.arc=01;31:*.arj=01;31:*.taz=01;31:*.lha=01;31:*.lz4=01;31:*.lzh=01;31:*.lzma=01;31:*.tlz=01;31:*.txz=01;31:*.tzo=01;31:*.t7z=01;31:*.zip=01;31:*.z=01;31:*.dz=01;31:*.gz=01;31:*.lrz=01;31:*.lz=01;31:*.lzo=01;31:*.xz=01;31:*.zst=01;31:*.tzst=01;31:*.bz2=01;31:*.bz=01;31:*.tbz=01;31:*.tbz2=01;31:*.tz=01;31:*.deb=01;31:*.rpm=01;31:*.jar=01;31:*.war=01;31:*.ear=01;31:*.sar=01;31:*.rar=01;31:*.alz=01;31:*.ace=01;31:*.zoo=01;31:*.cpio=01;31:*.7z=01;31:*.rz=01;31:*.cab=01;31:*.wim=01;31:*.swm=01;31:*.dwm=01;31:*.esd=01;31:*.jpg=01;35:*.jpeg=01;35:*.mjpg=01;35:*.mjpeg=01;35:*.gif=01;35:*.bmp=01;35:*.pbm=01;35:*.pgm=01;35:*.ppm=01;35:*.tga=01;35:*.xbm=01;35:*.xpm=01;35:*.tif=01;35:*.tiff=01;35:*.png=01;35:*.svg=01;35:*.svgz=01;35:*.mng=01;35:*.pcx=01;35:*.mov=01;35:*.mpg=01;35:*.mpeg=01;35:*.m2v=01;35:*.mkv=01;35:*.webm=01;35:*.ogm=01;35:*.mp4=01;35:*.m4v=01;35:*.mp4v=01;35:*.vob=01;35:*.qt=01;35:*.nuv=01;35:*.wmv=01;35:*.asf=01;35:*.rm=01;35:*.rmvb=01;35:*.flc=01;35:*.avi=01;35:*.fli=01;35:*.flv=01;35:*.gl=01;35:*.dl=01;35:*.xcf=01;35:*.xwd=01;35:*.yuv=01;35:*.cgm=01;35:*.emf=01;35:*.ogv=01;35:*.ogx=01;35:*.aac=00;36:*.au=00;36:*.flac=00;36:*.m4a=00;36:*.mid=00;36:*.midi=00;36:*.mka=00;36:*.mp3=00;36:*.mpc=00;36:*.ogg=00;36:*.ra=00;36:*.wav=00;36:*.oga=00;36:*.opus=00;36:*.spx=00;36:*.xspf=00;36:', 'AMENT_PREFIX_PATH': '/home/unitree/106a_final/install/vision_node:/home/unitree/106a_final/install/realsense2_description:/home/unitree/106a_final/install/realsense2_camera:/home/unitree/106a_final/install/realsense2_camera_msgs:/home/unitree/106a_final/install/navigation_node_two:/home/unitree/106a_final/install/navigation_node_three:/home/unitree/106a_final/install/navigation_node:/home/unitree/106a_final/install/navigatigation_node_three:/home/unitree/106a_final/install/base_driver:/home/unitree/106a_final/install/aruco_node:/home/unitree/106a_final/install/arm_driver:/home/unitree/106a_final/install/arm_control:/home/unitree/cyclonedds_ws/install/rmw_cyclonedds_cpp:/opt/ros/foxy', 'SHELL': '/bin/bash', 'LESSCLOSE': '/usr/bin/lesspipe %s %s', 'PWD': '/home/unitree/106a_final/build/arm_control', 'LC_ALL': 'en_US.UTF-8', 'SSH_CONNECTION': '192.168.50.153 44518 192.168.50.28 22', 'XDG_DATA_DIRS': '/usr/local/share:/usr/share:/var/lib/snapd/desktop', 'PYTHONPATH': '/home/unitree/106a_final/build/arm_control/prefix_override:/home/unitree/106a_final/install/arm_control/lib/python3.8/site-packages:/home/unitree/106a_final/install/vision_node/lib/python3.8/site-packages:/home/unitree/106a_final/install/realsense2_camera_msgs/lib/python3.8/site-packages:/home/unitree/106a_final/install/navigation_node_two/lib/python3.8/site-packages:/home/unitree/106a_final/install/navigation_node_three/lib/python3.8/site-packages:/home/unitree/106a_final/install/navigation_node/lib/python3.8/site-packages:/home/unitree/106a_final/install/navigatigation_node_three/lib/python3.8/site-packages:/home/unitree/106a_final/install/aruco_node/lib/python3.8/site-packages:/home/unitree/106a_final/install/arm_control/lib/python3.8/site-packages:/opt/ros/foxy/lib/python3.8/site-packages', 'COLCON': '1', 'CMAKE_PREFIX_PATH': '/home/unitree/106a_final/install/realsense2_description:/home/unitree/106a_final/install/realsense2_camera:/home/unitree/106a_final/install/realsense2_camera_msgs:/home/unitree/106a_final/install/base_driver:/home/unitree/106a_final/install/arm_driver:/home/unitree/cyclonedds_ws/install/rmw_cyclonedds_cpp:/home/unitree/cyclonedds_ws/install/cyclonedds'}, 'shell': False}
[6.835065] (base_driver) StdoutLine: {'line': b'-- Install configuration: ""\n'}
[6.836392] (base_driver) StdoutLine: {'line': b'-- Up-to-date: /home/unitree/106a_final/install/base_driver/lib/base_driver/base_driver\n'}
[6.836612] (base_driver) StdoutLine: {'line': b'-- Up-to-date: /home/unitree/106a_final/install/base_driver/share/ament_index/resource_index/package_run_dependencies/base_driver\n'}
[6.836769] (base_driver) StdoutLine: {'line': b'-- Up-to-date: /home/unitree/106a_final/install/base_driver/share/ament_index/resource_index/parent_prefix_path/base_driver\n'}
[6.836904] (base_driver) StdoutLine: {'line': b'-- Up-to-date: /home/unitree/106a_final/install/base_driver/share/base_driver/environment/ament_prefix_path.sh\n'}
[6.837060] (base_driver) StdoutLine: {'line': b'-- Up-to-date: /home/unitree/106a_final/install/base_driver/share/base_driver/environment/ament_prefix_path.dsv\n'}
[6.837181] (base_driver) StdoutLine: {'line': b'-- Up-to-date: /home/unitree/106a_final/install/base_driver/share/base_driver/environment/path.sh\n'}
[6.837339] (base_driver) StdoutLine: {'line': b'-- Up-to-date: /home/unitree/106a_final/install/base_driver/share/base_driver/environment/path.dsv\n'}
[6.837463] (base_driver) StdoutLine: {'line': b'-- Up-to-date: /home/unitree/106a_final/install/base_driver/share/base_driver/local_setup.bash\n'}
[6.837582] (base_driver) StdoutLine: {'line': b'-- Up-to-date: /home/unitree/106a_final/install/base_driver/share/base_driver/local_setup.sh\n'}
[6.837697] (base_driver) StdoutLine: {'line': b'-- Up-to-date: /home/unitree/106a_final/install/base_driver/share/base_driver/local_setup.zsh\n'}
[6.837927] (base_driver) StdoutLine: {'line': b'-- Up-to-date: /home/unitree/106a_final/install/base_driver/share/base_driver/local_setup.dsv\n'}
[6.838066] (base_driver) StdoutLine: {'line': b'-- Installing: /home/unitree/106a_final/install/base_driver/share/base_driver/package.dsv\n'}
[6.838187] (base_driver) StdoutLine: {'line': b'-- Up-to-date: /home/unitree/106a_final/install/base_driver/share/ament_index/resource_index/packages/base_driver\n'}
[6.838299] (base_driver) StdoutLine: {'line': b'-- Up-to-date: /home/unitree/106a_final/install/base_driver/share/base_driver/cmake/base_driverConfig.cmake\n'}
[6.838410] (base_driver) StdoutLine: {'line': b'-- Up-to-date: /home/unitree/106a_final/install/base_driver/share/base_driver/cmake/base_driverConfig-version.cmake\n'}
[6.838521] (base_driver) StdoutLine: {'line': b'-- Up-to-date: /home/unitree/106a_final/install/base_driver/share/base_driver/package.xml\n'}
[6.848175] (aruco_node) Command: {'cmd': ['/usr/bin/python3', 'setup.py', 'egg_info', '--egg-base', '../../build/aruco_node', 'build', '--build-base', '/home/unitree/106a_final/build/aruco_node/build', 'install', '--record', '/home/unitree/106a_final/build/aruco_node/install.log', '--single-version-externally-managed'], 'cwd': '/home/unitree/106a_final/src/aruco_node', 'env': {'LESSOPEN': '| /usr/bin/lesspipe %s', 'USER': 'unitree', 'SSH_CLIENT': '192.168.50.153 44518 22', 'XDG_SESSION_TYPE': 'tty', 'SHLVL': '1', 'LD_LIBRARY_PATH': '/home/unitree/106a_final/install/realsense2_camera/lib:/home/unitree/106a_final/install/realsense2_camera_msgs/lib:/usr/local/cuda-11.4/lib64:/usr/local/lib:/home/unitree/cyclonedds_ws/install/rmw_cyclonedds_cpp/lib:/home/unitree/cyclonedds_ws/install/cyclonedds/lib:/opt/ros/foxy/opt/yaml_cpp_vendor/lib:/opt/ros/foxy/opt/rviz_ogre_vendor/lib:/opt/ros/foxy/lib/aarch64-linux-gnu:/opt/ros/foxy/lib', 'MOTD_SHOWN': 'pam', 'HOME': '/home/unitree', 'CYCLONEDDS_URI': '/home/unitree/cyclonedds_ws/cyclonedds.xml', 'OLDPWD': '/home/unitree', 'SSH_TTY': '/dev/pts/0', 'ROS_PYTHON_VERSION': '3', 'DBUS_SESSION_BUS_ADDRESS': 'unix:path=/run/user/1000/bus', 'COLCON_PREFIX_PATH': '/home/unitree/106a_final/install:/home/unitree/cyclonedds_ws/install', 'ROS_DISTRO': 'foxy', 'LOGNAME': 'unitree', '_': '/usr/bin/colcon', 'ROS_VERSION': '2', 'PKG_CONFIG_PATH': '/home/unitree/cyclonedds_ws/install/cyclonedds/lib/aarch64-linux-gnu/pkgconfig:/home/unitree/cyclonedds_ws/install/cyclonedds/lib/pkgconfig', 'XDG_SESSION_CLASS': 'user', 'TERM': 'xterm-256color', 'XDG_SESSION_ID': '8', 'ROS_LOCALHOST_ONLY': '0', 'PATH': '/home/unitree/.local/bin:/usr/local/cuda-11.4/bin:/home/unitree/cyclonedds_ws/install/cyclonedds/bin:/opt/ros/foxy/bin:/usr/local/sbin:/usr/local/bin:/usr/sbin:/usr/bin:/sbin:/bin:/usr/games:/usr/local/games:/snap/bin', 'XDG_RUNTIME_DIR': '/run/user/1000', 'LANG': 'en_US.UTF-8', 'RMW_IMPLEMENTATION': 'rmw_cyclonedds_cpp', 'LS_COLORS': 'rs=0:di=01;34:ln=01;36:mh=00:pi=40;33:so=01;35:do=01;35:bd=40;33;01:cd=40;33;01:or=40;31;01:mi=00:su=37;41:sg=30;43:ca=30;41:tw=30;42:ow=34;42:st=37;44:ex=01;32:*.tar=01;31:*.tgz=01;31:*.arc=01;31:*.arj=01;31:*.taz=01;31:*.lha=01;31:*.lz4=01;31:*.lzh=01;31:*.lzma=01;31:*.tlz=01;31:*.txz=01;31:*.tzo=01;31:*.t7z=01;31:*.zip=01;31:*.z=01;31:*.dz=01;31:*.gz=01;31:*.lrz=01;31:*.lz=01;31:*.lzo=01;31:*.xz=01;31:*.zst=01;31:*.tzst=01;31:*.bz2=01;31:*.bz=01;31:*.tbz=01;31:*.tbz2=01;31:*.tz=01;31:*.deb=01;31:*.rpm=01;31:*.jar=01;31:*.war=01;31:*.ear=01;31:*.sar=01;31:*.rar=01;31:*.alz=01;31:*.ace=01;31:*.zoo=01;31:*.cpio=01;31:*.7z=01;31:*.rz=01;31:*.cab=01;31:*.wim=01;31:*.swm=01;31:*.dwm=01;31:*.esd=01;31:*.jpg=01;35:*.jpeg=01;35:*.mjpg=01;35:*.mjpeg=01;35:*.gif=01;35:*.bmp=01;35:*.pbm=01;35:*.pgm=01;35:*.ppm=01;35:*.tga=01;35:*.xbm=01;35:*.xpm=01;35:*.tif=01;35:*.tiff=01;35:*.png=01;35:*.svg=01;35:*.svgz=01;35:*.mng=01;35:*.pcx=01;35:*.mov=01;35:*.mpg=01;35:*.mpeg=01;35:*.m2v=01;35:*.mkv=01;35:*.webm=01;35:*.ogm=01;35:*.mp4=01;35:*.m4v=01;35:*.mp4v=01;35:*.vob=01;35:*.qt=01;35:*.nuv=01;35:*.wmv=01;35:*.asf=01;35:*.rm=01;35:*.rmvb=01;35:*.flc=01;35:*.avi=01;35:*.fli=01;35:*.flv=01;35:*.gl=01;35:*.dl=01;35:*.xcf=01;35:*.xwd=01;35:*.yuv=01;35:*.cgm=01;35:*.emf=01;35:*.ogv=01;35:*.ogx=01;35:*.aac=00;36:*.au=00;36:*.flac=00;36:*.m4a=00;36:*.mid=00;36:*.midi=00;36:*.mka=00;36:*.mp3=00;36:*.mpc=00;36:*.ogg=00;36:*.ra=00;36:*.wav=00;36:*.oga=00;36:*.opus=00;36:*.spx=00;36:*.xspf=00;36:', 'AMENT_PREFIX_PATH': '/home/unitree/106a_final/install/vision_node:/home/unitree/106a_final/install/realsense2_description:/home/unitree/106a_final/install/realsense2_camera:/home/unitree/106a_final/install/realsense2_camera_msgs:/home/unitree/106a_final/install/navigation_node_two:/home/unitree/106a_final/install/navigation_node_three:/home/unitree/106a_final/install/navigation_node:/home/unitree/106a_final/install/navigatigation_node_three:/home/unitree/106a_final/install/base_driver:/home/unitree/106a_final/install/aruco_node:/home/unitree/106a_final/install/arm_driver:/home/unitree/106a_final/install/arm_control:/home/unitree/cyclonedds_ws/install/rmw_cyclonedds_cpp:/opt/ros/foxy', 'SHELL': '/bin/bash', 'LESSCLOSE': '/usr/bin/lesspipe %s %s', 'PWD': '/home/unitree/106a_final/build/aruco_node', 'LC_ALL': 'en_US.UTF-8', 'SSH_CONNECTION': '192.168.50.153 44518 192.168.50.28 22', 'XDG_DATA_DIRS': '/usr/local/share:/usr/share:/var/lib/snapd/desktop', 'PYTHONPATH': '/home/unitree/106a_final/build/aruco_node/prefix_override:/home/unitree/106a_final/install/aruco_node/lib/python3.8/site-packages:/home/unitree/106a_final/install/vision_node/lib/python3.8/site-packages:/home/unitree/106a_final/install/realsense2_camera_msgs/lib/python3.8/site-packages:/home/unitree/106a_final/install/navigation_node_two/lib/python3.8/site-packages:/home/unitree/106a_final/install/navigation_node_three/lib/python3.8/site-packages:/home/unitree/106a_final/install/navigation_node/lib/python3.8/site-packages:/home/unitree/106a_final/install/navigatigation_node_three/lib/python3.8/site-packages:/home/unitree/106a_final/install/aruco_node/lib/python3.8/site-packages:/home/unitree/106a_final/install/arm_control/lib/python3.8/site-packages:/opt/ros/foxy/lib/python3.8/site-packages', 'COLCON': '1', 'CMAKE_PREFIX_PATH': '/home/unitree/106a_final/install/realsense2_description:/home/unitree/106a_final/install/realsense2_camera:/home/unitree/106a_final/install/realsense2_camera_msgs:/home/unitree/106a_final/install/base_driver:/home/unitree/106a_final/install/arm_driver:/home/unitree/cyclonedds_ws/install/rmw_cyclonedds_cpp:/home/unitree/cyclonedds_ws/install/cyclonedds'}, 'shell': False}
[6.902482] (-) TimerEvent: {}
[7.003445] (-) TimerEvent: {}
[7.104144] (-) TimerEvent: {}
[7.205237] (-) TimerEvent: {}
[7.306434] (-) TimerEvent: {}
[7.408468] (-) TimerEvent: {}
[7.509322] (-) TimerEvent: {}
[7.610022] (-) TimerEvent: {}
[7.710733] (-) TimerEvent: {}
[7.811918] (-) TimerEvent: {}
[7.913072] (-) TimerEvent: {}
[8.014271] (-) TimerEvent: {}
[8.119606] (-) TimerEvent: {}
[8.221060] (-) TimerEvent: {}
[8.321919] (-) TimerEvent: {}
[8.423740] (-) TimerEvent: {}
[8.526146] (-) TimerEvent: {}
[8.606570] (aruco_node) StdoutLine: {'line': b'running egg_info\n'}
[8.608883] (aruco_node) StdoutLine: {'line': b'writing ../../build/aruco_node/aruco_node.egg-info/PKG-INFO\n'}
[8.609496] (aruco_node) StdoutLine: {'line': b'writing dependency_links to ../../build/aruco_node/aruco_node.egg-info/dependency_links.txt\n'}
[8.609702] (aruco_node) StdoutLine: {'line': b'writing entry points to ../../build/aruco_node/aruco_node.egg-info/entry_points.txt\n'}
[8.609837] (aruco_node) StdoutLine: {'line': b'writing requirements to ../../build/aruco_node/aruco_node.egg-info/requires.txt\n'}
[8.610000] (aruco_node) StdoutLine: {'line': b'writing top-level names to ../../build/aruco_node/aruco_node.egg-info/top_level.txt\n'}
[8.610251] (aruco_node) StdoutLine: {'line': b"reading manifest file '../../build/aruco_node/aruco_node.egg-info/SOURCES.txt'\n"}
[8.610385] (aruco_node) StdoutLine: {'line': b"writing manifest file '../../build/aruco_node/aruco_node.egg-info/SOURCES.txt'\n"}
[8.610573] (aruco_node) StdoutLine: {'line': b'running build\n'}
[8.610700] (aruco_node) StdoutLine: {'line': b'running build_py\n'}
[8.610816] (aruco_node) StdoutLine: {'line': b'running install\n'}
[8.610928] (aruco_node) StdoutLine: {'line': b'running install_lib\n'}
[8.611065] (aruco_node) StdoutLine: {'line': b'running install_data\n'}
[8.611178] (aruco_node) StdoutLine: {'line': b'running install_egg_info\n'}
[8.611284] (aruco_node) StdoutLine: {'line': b"removing '/home/unitree/106a_final/install/aruco_node/lib/python3.8/site-packages/aruco_node-0.0.0-py3.8.egg-info' (and everything under it)\n"}
[8.611402] (aruco_node) StdoutLine: {'line': b'Copying ../../build/aruco_node/aruco_node.egg-info to /home/unitree/106a_final/install/aruco_node/lib/python3.8/site-packages/aruco_node-0.0.0-py3.8.egg-info\n'}
[8.611519] (aruco_node) StdoutLine: {'line': b'running install_scripts\n'}
[8.611656] (aruco_node) StdoutLine: {'line': b'Installing aruco script to /home/unitree/106a_final/install/aruco_node/lib/aruco_node\n'}
[8.611770] (aruco_node) StdoutLine: {'line': b"writing list of installed files to '/home/unitree/106a_final/build/aruco_node/install.log'\n"}
[8.611884] (arm_control) StdoutLine: {'line': b'running egg_info\n'}
[8.612098] (arm_control) StdoutLine: {'line': b'writing ../../build/arm_control/arm_control.egg-info/PKG-INFO\n'}
[8.612244] (arm_control) StdoutLine: {'line': b'writing dependency_links to ../../build/arm_control/arm_control.egg-info/dependency_links.txt\n'}
[8.612359] (arm_control) StdoutLine: {'line': b'writing entry points to ../../build/arm_control/arm_control.egg-info/entry_points.txt\n'}
[8.612471] (arm_control) StdoutLine: {'line': b'writing requirements to ../../build/arm_control/arm_control.egg-info/requires.txt\n'}
[8.612582] (arm_control) StdoutLine: {'line': b'writing top-level names to ../../build/arm_control/arm_control.egg-info/top_level.txt\n'}
[8.612690] (arm_control) StdoutLine: {'line': b"reading manifest file '../../build/arm_control/arm_control.egg-info/SOURCES.txt'\n"}
[8.612832] (arm_control) StdoutLine: {'line': b"writing manifest file '../../build/arm_control/arm_control.egg-info/SOURCES.txt'\n"}
[8.612942] (arm_control) StdoutLine: {'line': b'running build\n'}
[8.613051] (arm_control) StdoutLine: {'line': b'running build_py\n'}
[8.613494] (arm_control) StdoutLine: {'line': b'copying arm_control/arm_node.py -> /home/unitree/106a_final/build/arm_control/build/lib/arm_control\n'}
[8.614097] (arm_control) StdoutLine: {'line': b'running install\n'}
[8.616892] (arm_control) StdoutLine: {'line': b'running install_lib\n'}
[8.627506] (-) TimerEvent: {}
[8.630846] (arm_control) StdoutLine: {'line': b'copying /home/unitree/106a_final/build/arm_control/build/lib/arm_control/arm_node.py -> /home/unitree/106a_final/install/arm_control/lib/python3.8/site-packages/arm_control\n'}
[8.631506] (arm_control) StdoutLine: {'line': b'byte-compiling /home/unitree/106a_final/install/arm_control/lib/python3.8/site-packages/arm_control/arm_node.py to arm_node.cpython-38.pyc\n'}
[8.631955] (arm_control) StdoutLine: {'line': b'running install_data\n'}
[8.632116] (arm_control) StdoutLine: {'line': b'running install_egg_info\n'}
[8.632948] (arm_control) StdoutLine: {'line': b"removing '/home/unitree/106a_final/install/arm_control/lib/python3.8/site-packages/arm_control-0.0.0-py3.8.egg-info' (and everything under it)\n"}
[8.633169] (arm_control) StdoutLine: {'line': b'Copying ../../build/arm_control/arm_control.egg-info to /home/unitree/106a_final/install/arm_control/lib/python3.8/site-packages/arm_control-0.0.0-py3.8.egg-info\n'}
[8.633494] (arm_control) StdoutLine: {'line': b'running install_scripts\n'}
[8.635752] (arm_control) StdoutLine: {'line': b'Installing arm_node script to /home/unitree/106a_final/install/arm_control/lib/arm_control\n'}
[8.637516] (arm_control) StdoutLine: {'line': b'Installing servo_driver script to /home/unitree/106a_final/install/arm_control/lib/arm_control\n'}
[8.637980] (arm_control) StdoutLine: {'line': b"writing list of installed files to '/home/unitree/106a_final/build/arm_control/install.log'\n"}
[8.638931] (base_driver) CommandEnded: {'returncode': 0}
[8.727712] (-) TimerEvent: {}
[8.829174] (-) TimerEvent: {}
[8.930829] (-) TimerEvent: {}
[9.033393] (-) TimerEvent: {}
[9.135046] (-) TimerEvent: {}
[9.241291] (-) TimerEvent: {}
[9.342060] (-) TimerEvent: {}
[9.380105] (base_driver) JobEnded: {'identifier': 'base_driver', 'rc': 0}
[9.382780] (arm_control) CommandEnded: {'returncode': 0}
[9.442273] (-) TimerEvent: {}
[9.544139] (-) TimerEvent: {}
[9.645926] (-) TimerEvent: {}
[9.686527] (arm_control) JobEnded: {'identifier': 'arm_control', 'rc': 0}
[9.691083] (navigation_node_three) JobStarted: {'identifier': 'navigation_node_three'}
[9.746069] (-) TimerEvent: {}
[9.847340] (-) TimerEvent: {}
[9.949966] (-) TimerEvent: {}
[10.050838] (-) TimerEvent: {}
[10.152522] (-) TimerEvent: {}
[10.256579] (-) TimerEvent: {}
[10.345891] (aruco_node) CommandEnded: {'returncode': 0}
[10.356790] (-) TimerEvent: {}
[10.458046] (-) TimerEvent: {}
[10.559456] (-) TimerEvent: {}
[10.660647] (-) TimerEvent: {}
[10.662139] (aruco_node) JobEnded: {'identifier': 'aruco_node', 'rc': 0}
[10.664389] (navigation_node_two) JobStarted: {'identifier': 'navigation_node_two'}
[10.761011] (-) TimerEvent: {}
[10.861768] (-) TimerEvent: {}
[10.962768] (-) TimerEvent: {}
[11.064174] (-) TimerEvent: {}
[11.165445] (-) TimerEvent: {}
[11.266312] (-) TimerEvent: {}
[11.279873] (navigation_return_node) JobStarted: {'identifier': 'navigation_return_node'}
[11.366550] (-) TimerEvent: {}
[11.467559] (-) TimerEvent: {}
[11.568533] (-) TimerEvent: {}
[11.670377] (-) TimerEvent: {}
[11.771308] (-) TimerEvent: {}
[11.886378] (-) TimerEvent: {}
[11.987829] (-) TimerEvent: {}
[12.089690] (-) TimerEvent: {}
[12.190750] (-) TimerEvent: {}
[12.291562] (-) TimerEvent: {}
[12.392359] (-) TimerEvent: {}
[12.493896] (-) TimerEvent: {}
[12.594700] (-) TimerEvent: {}
[12.695335] (-) TimerEvent: {}
[12.796248] (-) TimerEvent: {}
[12.897493] (-) TimerEvent: {}
[12.998579] (-) TimerEvent: {}
[13.103314] (-) TimerEvent: {}
[13.204607] (-) TimerEvent: {}
[13.306244] (-) TimerEvent: {}
[13.408145] (-) TimerEvent: {}
[13.509400] (-) TimerEvent: {}
[13.610156] (-) TimerEvent: {}
[13.711226] (-) TimerEvent: {}
[13.812392] (-) TimerEvent: {}
[13.915710] (-) TimerEvent: {}
[14.017571] (-) TimerEvent: {}
[14.118620] (-) TimerEvent: {}
[14.219483] (-) TimerEvent: {}
[14.320830] (-) TimerEvent: {}
[14.423013] (-) TimerEvent: {}
[14.524576] (-) TimerEvent: {}
[14.625626] (-) TimerEvent: {}
[14.726482] (-) TimerEvent: {}
[14.827406] (-) TimerEvent: {}
[14.929294] (-) TimerEvent: {}
[15.030145] (-) TimerEvent: {}
[15.130796] (-) TimerEvent: {}
[15.231428] (-) TimerEvent: {}
[15.332472] (-) TimerEvent: {}
[15.433839] (-) TimerEvent: {}
[15.535451] (-) TimerEvent: {}
[15.582461] (navigation_node) Command: {'cmd': ['/usr/bin/python3', 'setup.py', 'egg_info', '--egg-base', '../../build/navigation_node', 'build', '--build-base', '/home/unitree/106a_final/build/navigation_node/build', 'install', '--record', '/home/unitree/106a_final/build/navigation_node/install.log', '--install-scripts', '$base/lib/navigation_node', '--single-version-externally-managed'], 'cwd': '/home/unitree/106a_final/src/navigation_node', 'env': {'LESSOPEN': '| /usr/bin/lesspipe %s', 'USER': 'unitree', 'SSH_CLIENT': '192.168.50.153 44518 22', 'XDG_SESSION_TYPE': 'tty', 'SHLVL': '1', 'LD_LIBRARY_PATH': '/home/unitree/106a_final/install/realsense2_camera/lib:/home/unitree/106a_final/install/realsense2_camera_msgs/lib:/usr/local/cuda-11.4/lib64:/usr/local/lib:/home/unitree/cyclonedds_ws/install/rmw_cyclonedds_cpp/lib:/home/unitree/cyclonedds_ws/install/cyclonedds/lib:/opt/ros/foxy/opt/yaml_cpp_vendor/lib:/opt/ros/foxy/opt/rviz_ogre_vendor/lib:/opt/ros/foxy/lib/aarch64-linux-gnu:/opt/ros/foxy/lib', 'MOTD_SHOWN': 'pam', 'HOME': '/home/unitree', 'CYCLONEDDS_URI': '/home/unitree/cyclonedds_ws/cyclonedds.xml', 'OLDPWD': '/home/unitree', 'SSH_TTY': '/dev/pts/0', 'ROS_PYTHON_VERSION': '3', 'DBUS_SESSION_BUS_ADDRESS': 'unix:path=/run/user/1000/bus', 'COLCON_PREFIX_PATH': '/home/unitree/106a_final/install:/home/unitree/cyclonedds_ws/install', 'ROS_DISTRO': 'foxy', 'LOGNAME': 'unitree', '_': '/usr/bin/colcon', 'ROS_VERSION': '2', 'PKG_CONFIG_PATH': '/home/unitree/cyclonedds_ws/install/cyclonedds/lib/aarch64-linux-gnu/pkgconfig:/home/unitree/cyclonedds_ws/install/cyclonedds/lib/pkgconfig', 'XDG_SESSION_CLASS': 'user', 'TERM': 'xterm-256color', 'XDG_SESSION_ID': '8', 'ROS_LOCALHOST_ONLY': '0', 'PATH': '/home/unitree/.local/bin:/usr/local/cuda-11.4/bin:/home/unitree/cyclonedds_ws/install/cyclonedds/bin:/opt/ros/foxy/bin:/usr/local/sbin:/usr/local/bin:/usr/sbin:/usr/bin:/sbin:/bin:/usr/games:/usr/local/games:/snap/bin', 'XDG_RUNTIME_DIR': '/run/user/1000', 'LANG': 'en_US.UTF-8', 'RMW_IMPLEMENTATION': 'rmw_cyclonedds_cpp', 'LS_COLORS': 'rs=0:di=01;34:ln=01;36:mh=00:pi=40;33:so=01;35:do=01;35:bd=40;33;01:cd=40;33;01:or=40;31;01:mi=00:su=37;41:sg=30;43:ca=30;41:tw=30;42:ow=34;42:st=37;44:ex=01;32:*.tar=01;31:*.tgz=01;31:*.arc=01;31:*.arj=01;31:*.taz=01;31:*.lha=01;31:*.lz4=01;31:*.lzh=01;31:*.lzma=01;31:*.tlz=01;31:*.txz=01;31:*.tzo=01;31:*.t7z=01;31:*.zip=01;31:*.z=01;31:*.dz=01;31:*.gz=01;31:*.lrz=01;31:*.lz=01;31:*.lzo=01;31:*.xz=01;31:*.zst=01;31:*.tzst=01;31:*.bz2=01;31:*.bz=01;31:*.tbz=01;31:*.tbz2=01;31:*.tz=01;31:*.deb=01;31:*.rpm=01;31:*.jar=01;31:*.war=01;31:*.ear=01;31:*.sar=01;31:*.rar=01;31:*.alz=01;31:*.ace=01;31:*.zoo=01;31:*.cpio=01;31:*.7z=01;31:*.rz=01;31:*.cab=01;31:*.wim=01;31:*.swm=01;31:*.dwm=01;31:*.esd=01;31:*.jpg=01;35:*.jpeg=01;35:*.mjpg=01;35:*.mjpeg=01;35:*.gif=01;35:*.bmp=01;35:*.pbm=01;35:*.pgm=01;35:*.ppm=01;35:*.tga=01;35:*.xbm=01;35:*.xpm=01;35:*.tif=01;35:*.tiff=01;35:*.png=01;35:*.svg=01;35:*.svgz=01;35:*.mng=01;35:*.pcx=01;35:*.mov=01;35:*.mpg=01;35:*.mpeg=01;35:*.m2v=01;35:*.mkv=01;35:*.webm=01;35:*.ogm=01;35:*.mp4=01;35:*.m4v=01;35:*.mp4v=01;35:*.vob=01;35:*.qt=01;35:*.nuv=01;35:*.wmv=01;35:*.asf=01;35:*.rm=01;35:*.rmvb=01;35:*.flc=01;35:*.avi=01;35:*.fli=01;35:*.flv=01;35:*.gl=01;35:*.dl=01;35:*.xcf=01;35:*.xwd=01;35:*.yuv=01;35:*.cgm=01;35:*.emf=01;35:*.ogv=01;35:*.ogx=01;35:*.aac=00;36:*.au=00;36:*.flac=00;36:*.m4a=00;36:*.mid=00;36:*.midi=00;36:*.mka=00;36:*.mp3=00;36:*.mpc=00;36:*.ogg=00;36:*.ra=00;36:*.wav=00;36:*.oga=00;36:*.opus=00;36:*.spx=00;36:*.xspf=00;36:', 'AMENT_PREFIX_PATH': '/home/unitree/106a_final/install/vision_node:/home/unitree/106a_final/install/realsense2_description:/home/unitree/106a_final/install/realsense2_camera:/home/unitree/106a_final/install/realsense2_camera_msgs:/home/unitree/106a_final/install/navigation_node_two:/home/unitree/106a_final/install/navigation_node_three:/home/unitree/106a_final/install/navigation_node:/home/unitree/106a_final/install/navigatigation_node_three:/home/unitree/106a_final/install/base_driver:/home/unitree/106a_final/install/aruco_node:/home/unitree/106a_final/install/arm_driver:/home/unitree/106a_final/install/arm_control:/home/unitree/cyclonedds_ws/install/rmw_cyclonedds_cpp:/opt/ros/foxy', 'SHELL': '/bin/bash', 'LESSCLOSE': '/usr/bin/lesspipe %s %s', 'PWD': '/home/unitree/106a_final/build/navigation_node', 'LC_ALL': 'en_US.UTF-8', 'SSH_CONNECTION': '192.168.50.153 44518 192.168.50.28 22', 'XDG_DATA_DIRS': '/usr/local/share:/usr/share:/var/lib/snapd/desktop', 'PYTHONPATH': '/home/unitree/106a_final/build/navigation_node/prefix_override:/home/unitree/106a_final/install/navigation_node/lib/python3.8/site-packages:/home/unitree/106a_final/install/vision_node/lib/python3.8/site-packages:/home/unitree/106a_final/install/realsense2_camera_msgs/lib/python3.8/site-packages:/home/unitree/106a_final/install/navigation_node_two/lib/python3.8/site-packages:/home/unitree/106a_final/install/navigation_node_three/lib/python3.8/site-packages:/home/unitree/106a_final/install/navigation_node/lib/python3.8/site-packages:/home/unitree/106a_final/install/navigatigation_node_three/lib/python3.8/site-packages:/home/unitree/106a_final/install/aruco_node/lib/python3.8/site-packages:/home/unitree/106a_final/install/arm_control/lib/python3.8/site-packages:/opt/ros/foxy/lib/python3.8/site-packages', 'COLCON': '1', 'CMAKE_PREFIX_PATH': '/home/unitree/106a_final/install/realsense2_description:/home/unitree/106a_final/install/realsense2_camera:/home/unitree/106a_final/install/realsense2_camera_msgs:/home/unitree/106a_final/install/base_driver:/home/unitree/106a_final/install/arm_driver:/home/unitree/cyclonedds_ws/install/rmw_cyclonedds_cpp:/home/unitree/cyclonedds_ws/install/cyclonedds'}, 'shell': False}
[15.636038] (-) TimerEvent: {}
[15.737874] (-) TimerEvent: {}
[15.839408] (-) TimerEvent: {}
[15.940691] (-) TimerEvent: {}
[16.041828] (-) TimerEvent: {}
[16.142876] (-) TimerEvent: {}
[16.243894] (-) TimerEvent: {}
[16.344928] (-) TimerEvent: {}
[16.446107] (-) TimerEvent: {}
[16.547225] (-) TimerEvent: {}
[16.626693] (navigation_node) StdoutLine: {'line': b'running egg_info\n'}
[16.628387] (navigation_node) StdoutLine: {'line': b'writing ../../build/navigation_node/navigation_node.egg-info/PKG-INFO\n'}
[16.629127] (navigation_node) StdoutLine: {'line': b'writing dependency_links to ../../build/navigation_node/navigation_node.egg-info/dependency_links.txt\n'}
[16.629400] (navigation_node) StdoutLine: {'line': b'writing entry points to ../../build/navigation_node/navigation_node.egg-info/entry_points.txt\n'}
[16.629618] (navigation_node) StdoutLine: {'line': b'writing requirements to ../../build/navigation_node/navigation_node.egg-info/requires.txt\n'}
[16.629817] (navigation_node) StdoutLine: {'line': b'writing top-level names to ../../build/navigation_node/navigation_node.egg-info/top_level.txt\n'}
[16.647388] (-) TimerEvent: {}
[16.748386] (-) TimerEvent: {}
[16.749550] (navigation_node) StdoutLine: {'line': b"reading manifest file '../../build/navigation_node/navigation_node.egg-info/SOURCES.txt'\n"}
[16.758149] (navigation_node) StdoutLine: {'line': b"writing manifest file '../../build/navigation_node/navigation_node.egg-info/SOURCES.txt'\n"}
[16.758775] (navigation_node) StdoutLine: {'line': b'running build\n'}
[16.758956] (navigation_node) StdoutLine: {'line': b'running build_py\n'}
[16.759471] (navigation_node) StdoutLine: {'line': b'running install\n'}
[16.761770] (navigation_node) StdoutLine: {'line': b'running install_lib\n'}
[16.783993] (navigation_node) StdoutLine: {'line': b'running install_data\n'}
[16.785071] (navigation_node) StdoutLine: {'line': b'running install_egg_info\n'}
[16.789204] (navigation_node) StdoutLine: {'line': b"removing '/home/unitree/106a_final/install/navigation_node/lib/python3.8/site-packages/navigation_node-0.0.0-py3.8.egg-info' (and everything under it)\n"}
[16.789873] (navigation_node) StdoutLine: {'line': b'Copying ../../build/navigation_node/navigation_node.egg-info to /home/unitree/106a_final/install/navigation_node/lib/python3.8/site-packages/navigation_node-0.0.0-py3.8.egg-info\n'}
[16.795622] (navigation_node) StdoutLine: {'line': b'running install_scripts\n'}
[16.848545] (-) TimerEvent: {}
[16.921162] (navigation_node) StdoutLine: {'line': b'Installing nav_node_go script to /home/unitree/106a_final/install/navigation_node/lib/navigation_node\n'}
[16.935464] (navigation_node) StdoutLine: {'line': b"writing list of installed files to '/home/unitree/106a_final/build/navigation_node/install.log'\n"}
[16.948743] (-) TimerEvent: {}
[17.049870] (-) TimerEvent: {}
[17.078570] (navigation_node) CommandEnded: {'returncode': 0}
[17.150279] (-) TimerEvent: {}
[17.256794] (-) TimerEvent: {}
[17.357816] (-) TimerEvent: {}
[17.459179] (-) TimerEvent: {}
[17.554686] (navigation_node) JobEnded: {'identifier': 'navigation_node', 'rc': 0}
[17.558631] (vision_node) JobStarted: {'identifier': 'vision_node'}
[17.559823] (-) TimerEvent: {}
[17.660620] (-) TimerEvent: {}
[17.761937] (-) TimerEvent: {}
[17.862778] (-) TimerEvent: {}
[17.964634] (-) TimerEvent: {}
[18.067409] (-) TimerEvent: {}
[18.169007] (-) TimerEvent: {}
[18.210639] (navigation_node_two) Command: {'cmd': ['/usr/bin/python3', 'setup.py', 'egg_info', '--egg-base', '../../build/navigation_node_two', 'build', '--build-base', '/home/unitree/106a_final/build/navigation_node_two/build', 'install', '--record', '/home/unitree/106a_final/build/navigation_node_two/install.log', '--install-scripts', '$base/lib/navigation_node_two', '--single-version-externally-managed'], 'cwd': '/home/unitree/106a_final/src/navigation_node_two', 'env': {'LESSOPEN': '| /usr/bin/lesspipe %s', 'USER': 'unitree', 'SSH_CLIENT': '192.168.50.153 44518 22', 'XDG_SESSION_TYPE': 'tty', 'SHLVL': '1', 'LD_LIBRARY_PATH': '/home/unitree/106a_final/install/realsense2_camera/lib:/home/unitree/106a_final/install/realsense2_camera_msgs/lib:/usr/local/cuda-11.4/lib64:/usr/local/lib:/home/unitree/cyclonedds_ws/install/rmw_cyclonedds_cpp/lib:/home/unitree/cyclonedds_ws/install/cyclonedds/lib:/opt/ros/foxy/opt/yaml_cpp_vendor/lib:/opt/ros/foxy/opt/rviz_ogre_vendor/lib:/opt/ros/foxy/lib/aarch64-linux-gnu:/opt/ros/foxy/lib', 'MOTD_SHOWN': 'pam', 'HOME': '/home/unitree', 'CYCLONEDDS_URI': '/home/unitree/cyclonedds_ws/cyclonedds.xml', 'OLDPWD': '/home/unitree', 'SSH_TTY': '/dev/pts/0', 'ROS_PYTHON_VERSION': '3', 'DBUS_SESSION_BUS_ADDRESS': 'unix:path=/run/user/1000/bus', 'COLCON_PREFIX_PATH': '/home/unitree/106a_final/install:/home/unitree/cyclonedds_ws/install', 'ROS_DISTRO': 'foxy', 'LOGNAME': 'unitree', '_': '/usr/bin/colcon', 'ROS_VERSION': '2', 'PKG_CONFIG_PATH': '/home/unitree/cyclonedds_ws/install/cyclonedds/lib/aarch64-linux-gnu/pkgconfig:/home/unitree/cyclonedds_ws/install/cyclonedds/lib/pkgconfig', 'XDG_SESSION_CLASS': 'user', 'TERM': 'xterm-256color', 'XDG_SESSION_ID': '8', 'ROS_LOCALHOST_ONLY': '0', 'PATH': '/home/unitree/.local/bin:/usr/local/cuda-11.4/bin:/home/unitree/cyclonedds_ws/install/cyclonedds/bin:/opt/ros/foxy/bin:/usr/local/sbin:/usr/local/bin:/usr/sbin:/usr/bin:/sbin:/bin:/usr/games:/usr/local/games:/snap/bin', 'XDG_RUNTIME_DIR': '/run/user/1000', 'LANG': 'en_US.UTF-8', 'RMW_IMPLEMENTATION': 'rmw_cyclonedds_cpp', 'LS_COLORS': 'rs=0:di=01;34:ln=01;36:mh=00:pi=40;33:so=01;35:do=01;35:bd=40;33;01:cd=40;33;01:or=40;31;01:mi=00:su=37;41:sg=30;43:ca=30;41:tw=30;42:ow=34;42:st=37;44:ex=01;32:*.tar=01;31:*.tgz=01;31:*.arc=01;31:*.arj=01;31:*.taz=01;31:*.lha=01;31:*.lz4=01;31:*.lzh=01;31:*.lzma=01;31:*.tlz=01;31:*.txz=01;31:*.tzo=01;31:*.t7z=01;31:*.zip=01;31:*.z=01;31:*.dz=01;31:*.gz=01;31:*.lrz=01;31:*.lz=01;31:*.lzo=01;31:*.xz=01;31:*.zst=01;31:*.tzst=01;31:*.bz2=01;31:*.bz=01;31:*.tbz=01;31:*.tbz2=01;31:*.tz=01;31:*.deb=01;31:*.rpm=01;31:*.jar=01;31:*.war=01;31:*.ear=01;31:*.sar=01;31:*.rar=01;31:*.alz=01;31:*.ace=01;31:*.zoo=01;31:*.cpio=01;31:*.7z=01;31:*.rz=01;31:*.cab=01;31:*.wim=01;31:*.swm=01;31:*.dwm=01;31:*.esd=01;31:*.jpg=01;35:*.jpeg=01;35:*.mjpg=01;35:*.mjpeg=01;35:*.gif=01;35:*.bmp=01;35:*.pbm=01;35:*.pgm=01;35:*.ppm=01;35:*.tga=01;35:*.xbm=01;35:*.xpm=01;35:*.tif=01;35:*.tiff=01;35:*.png=01;35:*.svg=01;35:*.svgz=01;35:*.mng=01;35:*.pcx=01;35:*.mov=01;35:*.mpg=01;35:*.mpeg=01;35:*.m2v=01;35:*.mkv=01;35:*.webm=01;35:*.ogm=01;35:*.mp4=01;35:*.m4v=01;35:*.mp4v=01;35:*.vob=01;35:*.qt=01;35:*.nuv=01;35:*.wmv=01;35:*.asf=01;35:*.rm=01;35:*.rmvb=01;35:*.flc=01;35:*.avi=01;35:*.fli=01;35:*.flv=01;35:*.gl=01;35:*.dl=01;35:*.xcf=01;35:*.xwd=01;35:*.yuv=01;35:*.cgm=01;35:*.emf=01;35:*.ogv=01;35:*.ogx=01;35:*.aac=00;36:*.au=00;36:*.flac=00;36:*.m4a=00;36:*.mid=00;36:*.midi=00;36:*.mka=00;36:*.mp3=00;36:*.mpc=00;36:*.ogg=00;36:*.ra=00;36:*.wav=00;36:*.oga=00;36:*.opus=00;36:*.spx=00;36:*.xspf=00;36:', 'AMENT_PREFIX_PATH': '/home/unitree/106a_final/install/vision_node:/home/unitree/106a_final/install/realsense2_description:/home/unitree/106a_final/install/realsense2_camera:/home/unitree/106a_final/install/realsense2_camera_msgs:/home/unitree/106a_final/install/navigation_node_two:/home/unitree/106a_final/install/navigation_node_three:/home/unitree/106a_final/install/navigation_node:/home/unitree/106a_final/install/navigatigation_node_three:/home/unitree/106a_final/install/base_driver:/home/unitree/106a_final/install/aruco_node:/home/unitree/106a_final/install/arm_driver:/home/unitree/106a_final/install/arm_control:/home/unitree/cyclonedds_ws/install/rmw_cyclonedds_cpp:/opt/ros/foxy', 'SHELL': '/bin/bash', 'LESSCLOSE': '/usr/bin/lesspipe %s %s', 'PWD': '/home/unitree/106a_final/build/navigation_node_two', 'LC_ALL': 'en_US.UTF-8', 'SSH_CONNECTION': '192.168.50.153 44518 192.168.50.28 22', 'XDG_DATA_DIRS': '/usr/local/share:/usr/share:/var/lib/snapd/desktop', 'PYTHONPATH': '/home/unitree/106a_final/build/navigation_node_two/prefix_override:/home/unitree/106a_final/install/navigation_node_two/lib/python3.8/site-packages:/home/unitree/106a_final/install/vision_node/lib/python3.8/site-packages:/home/unitree/106a_final/install/realsense2_camera_msgs/lib/python3.8/site-packages:/home/unitree/106a_final/install/navigation_node_two/lib/python3.8/site-packages:/home/unitree/106a_final/install/navigation_node_three/lib/python3.8/site-packages:/home/unitree/106a_final/install/navigation_node/lib/python3.8/site-packages:/home/unitree/106a_final/install/navigatigation_node_three/lib/python3.8/site-packages:/home/unitree/106a_final/install/aruco_node/lib/python3.8/site-packages:/home/unitree/106a_final/install/arm_control/lib/python3.8/site-packages:/opt/ros/foxy/lib/python3.8/site-packages', 'COLCON': '1', 'CMAKE_PREFIX_PATH': '/home/unitree/106a_final/install/realsense2_description:/home/unitree/106a_final/install/realsense2_camera:/home/unitree/106a_final/install/realsense2_camera_msgs:/home/unitree/106a_final/install/base_driver:/home/unitree/106a_final/install/arm_driver:/home/unitree/cyclonedds_ws/install/rmw_cyclonedds_cpp:/home/unitree/cyclonedds_ws/install/cyclonedds'}, 'shell': False}
[18.225737] (navigation_node_three) Command: {'cmd': ['/usr/bin/python3', 'setup.py', 'egg_info', '--egg-base', '../../build/navigation_node_three', 'build', '--build-base', '/home/unitree/106a_final/build/navigation_node_three/build', 'install', '--record', '/home/unitree/106a_final/build/navigation_node_three/install.log', '--install-scripts', '$base/lib/navigation_node_three', '--single-version-externally-managed'], 'cwd': '/home/unitree/106a_final/src/navigation_node_three', 'env': {'LESSOPEN': '| /usr/bin/lesspipe %s', 'USER': 'unitree', 'SSH_CLIENT': '192.168.50.153 44518 22', 'XDG_SESSION_TYPE': 'tty', 'SHLVL': '1', 'LD_LIBRARY_PATH': '/home/unitree/106a_final/install/realsense2_camera/lib:/home/unitree/106a_final/install/realsense2_camera_msgs/lib:/usr/local/cuda-11.4/lib64:/usr/local/lib:/home/unitree/cyclonedds_ws/install/rmw_cyclonedds_cpp/lib:/home/unitree/cyclonedds_ws/install/cyclonedds/lib:/opt/ros/foxy/opt/yaml_cpp_vendor/lib:/opt/ros/foxy/opt/rviz_ogre_vendor/lib:/opt/ros/foxy/lib/aarch64-linux-gnu:/opt/ros/foxy/lib', 'MOTD_SHOWN': 'pam', 'HOME': '/home/unitree', 'CYCLONEDDS_URI': '/home/unitree/cyclonedds_ws/cyclonedds.xml', 'OLDPWD': '/home/unitree', 'SSH_TTY': '/dev/pts/0', 'ROS_PYTHON_VERSION': '3', 'DBUS_SESSION_BUS_ADDRESS': 'unix:path=/run/user/1000/bus', 'COLCON_PREFIX_PATH': '/home/unitree/106a_final/install:/home/unitree/cyclonedds_ws/install', 'ROS_DISTRO': 'foxy', 'LOGNAME': 'unitree', '_': '/usr/bin/colcon', 'ROS_VERSION': '2', 'PKG_CONFIG_PATH': '/home/unitree/cyclonedds_ws/install/cyclonedds/lib/aarch64-linux-gnu/pkgconfig:/home/unitree/cyclonedds_ws/install/cyclonedds/lib/pkgconfig', 'XDG_SESSION_CLASS': 'user', 'TERM': 'xterm-256color', 'XDG_SESSION_ID': '8', 'ROS_LOCALHOST_ONLY': '0', 'PATH': '/home/unitree/.local/bin:/usr/local/cuda-11.4/bin:/home/unitree/cyclonedds_ws/install/cyclonedds/bin:/opt/ros/foxy/bin:/usr/local/sbin:/usr/local/bin:/usr/sbin:/usr/bin:/sbin:/bin:/usr/games:/usr/local/games:/snap/bin', 'XDG_RUNTIME_DIR': '/run/user/1000', 'LANG': 'en_US.UTF-8', 'RMW_IMPLEMENTATION': 'rmw_cyclonedds_cpp', 'LS_COLORS': 'rs=0:di=01;34:ln=01;36:mh=00:pi=40;33:so=01;35:do=01;35:bd=40;33;01:cd=40;33;01:or=40;31;01:mi=00:su=37;41:sg=30;43:ca=30;41:tw=30;42:ow=34;42:st=37;44:ex=01;32:*.tar=01;31:*.tgz=01;31:*.arc=01;31:*.arj=01;31:*.taz=01;31:*.lha=01;31:*.lz4=01;31:*.lzh=01;31:*.lzma=01;31:*.tlz=01;31:*.txz=01;31:*.tzo=01;31:*.t7z=01;31:*.zip=01;31:*.z=01;31:*.dz=01;31:*.gz=01;31:*.lrz=01;31:*.lz=01;31:*.lzo=01;31:*.xz=01;31:*.zst=01;31:*.tzst=01;31:*.bz2=01;31:*.bz=01;31:*.tbz=01;31:*.tbz2=01;31:*.tz=01;31:*.deb=01;31:*.rpm=01;31:*.jar=01;31:*.war=01;31:*.ear=01;31:*.sar=01;31:*.rar=01;31:*.alz=01;31:*.ace=01;31:*.zoo=01;31:*.cpio=01;31:*.7z=01;31:*.rz=01;31:*.cab=01;31:*.wim=01;31:*.swm=01;31:*.dwm=01;31:*.esd=01;31:*.jpg=01;35:*.jpeg=01;35:*.mjpg=01;35:*.mjpeg=01;35:*.gif=01;35:*.bmp=01;35:*.pbm=01;35:*.pgm=01;35:*.ppm=01;35:*.tga=01;35:*.xbm=01;35:*.xpm=01;35:*.tif=01;35:*.tiff=01;35:*.png=01;35:*.svg=01;35:*.svgz=01;35:*.mng=01;35:*.pcx=01;35:*.mov=01;35:*.mpg=01;35:*.mpeg=01;35:*.m2v=01;35:*.mkv=01;35:*.webm=01;35:*.ogm=01;35:*.mp4=01;35:*.m4v=01;35:*.mp4v=01;35:*.vob=01;35:*.qt=01;35:*.nuv=01;35:*.wmv=01;35:*.asf=01;35:*.rm=01;35:*.rmvb=01;35:*.flc=01;35:*.avi=01;35:*.fli=01;35:*.flv=01;35:*.gl=01;35:*.dl=01;35:*.xcf=01;35:*.xwd=01;35:*.yuv=01;35:*.cgm=01;35:*.emf=01;35:*.ogv=01;35:*.ogx=01;35:*.aac=00;36:*.au=00;36:*.flac=00;36:*.m4a=00;36:*.mid=00;36:*.midi=00;36:*.mka=00;36:*.mp3=00;36:*.mpc=00;36:*.ogg=00;36:*.ra=00;36:*.wav=00;36:*.oga=00;36:*.opus=00;36:*.spx=00;36:*.xspf=00;36:', 'AMENT_PREFIX_PATH': '/home/unitree/106a_final/install/vision_node:/home/unitree/106a_final/install/realsense2_description:/home/unitree/106a_final/install/realsense2_camera:/home/unitree/106a_final/install/realsense2_camera_msgs:/home/unitree/106a_final/install/navigation_node_two:/home/unitree/106a_final/install/navigation_node_three:/home/unitree/106a_final/install/navigation_node:/home/unitree/106a_final/install/navigatigation_node_three:/home/unitree/106a_final/install/base_driver:/home/unitree/106a_final/install/aruco_node:/home/unitree/106a_final/install/arm_driver:/home/unitree/106a_final/install/arm_control:/home/unitree/cyclonedds_ws/install/rmw_cyclonedds_cpp:/opt/ros/foxy', 'SHELL': '/bin/bash', 'LESSCLOSE': '/usr/bin/lesspipe %s %s', 'PWD': '/home/unitree/106a_final/build/navigation_node_three', 'LC_ALL': 'en_US.UTF-8', 'SSH_CONNECTION': '192.168.50.153 44518 192.168.50.28 22', 'XDG_DATA_DIRS': '/usr/local/share:/usr/share:/var/lib/snapd/desktop', 'PYTHONPATH': '/home/unitree/106a_final/build/navigation_node_three/prefix_override:/home/unitree/106a_final/install/navigation_node_three/lib/python3.8/site-packages:/home/unitree/106a_final/install/vision_node/lib/python3.8/site-packages:/home/unitree/106a_final/install/realsense2_camera_msgs/lib/python3.8/site-packages:/home/unitree/106a_final/install/navigation_node_two/lib/python3.8/site-packages:/home/unitree/106a_final/install/navigation_node_three/lib/python3.8/site-packages:/home/unitree/106a_final/install/navigation_node/lib/python3.8/site-packages:/home/unitree/106a_final/install/navigatigation_node_three/lib/python3.8/site-packages:/home/unitree/106a_final/install/aruco_node/lib/python3.8/site-packages:/home/unitree/106a_final/install/arm_control/lib/python3.8/site-packages:/opt/ros/foxy/lib/python3.8/site-packages', 'COLCON': '1', 'CMAKE_PREFIX_PATH': '/home/unitree/106a_final/install/realsense2_description:/home/unitree/106a_final/install/realsense2_camera:/home/unitree/106a_final/install/realsense2_camera_msgs:/home/unitree/106a_final/install/base_driver:/home/unitree/106a_final/install/arm_driver:/home/unitree/cyclonedds_ws/install/rmw_cyclonedds_cpp:/home/unitree/cyclonedds_ws/install/cyclonedds'}, 'shell': False}
[18.254105] (navigation_return_node) Command: {'cmd': ['/usr/bin/python3', 'setup.py', 'egg_info', '--egg-base', '../../build/navigation_return_node', 'build', '--build-base', '/home/unitree/106a_final/build/navigation_return_node/build', 'install', '--record', '/home/unitree/106a_final/build/navigation_return_node/install.log', '--install-scripts', '$base/lib/navigation_return_node', '--single-version-externally-managed'], 'cwd': '/home/unitree/106a_final/src/navigation_return_node', 'env': {'LESSOPEN': '| /usr/bin/lesspipe %s', 'USER': 'unitree', 'SSH_CLIENT': '192.168.50.153 44518 22', 'XDG_SESSION_TYPE': 'tty', 'SHLVL': '1', 'LD_LIBRARY_PATH': '/home/unitree/106a_final/install/realsense2_camera/lib:/home/unitree/106a_final/install/realsense2_camera_msgs/lib:/usr/local/cuda-11.4/lib64:/usr/local/lib:/home/unitree/cyclonedds_ws/install/rmw_cyclonedds_cpp/lib:/home/unitree/cyclonedds_ws/install/cyclonedds/lib:/opt/ros/foxy/opt/yaml_cpp_vendor/lib:/opt/ros/foxy/opt/rviz_ogre_vendor/lib:/opt/ros/foxy/lib/aarch64-linux-gnu:/opt/ros/foxy/lib', 'MOTD_SHOWN': 'pam', 'HOME': '/home/unitree', 'CYCLONEDDS_URI': '/home/unitree/cyclonedds_ws/cyclonedds.xml', 'OLDPWD': '/home/unitree', 'SSH_TTY': '/dev/pts/0', 'ROS_PYTHON_VERSION': '3', 'DBUS_SESSION_BUS_ADDRESS': 'unix:path=/run/user/1000/bus', 'COLCON_PREFIX_PATH': '/home/unitree/106a_final/install:/home/unitree/cyclonedds_ws/install', 'ROS_DISTRO': 'foxy', 'LOGNAME': 'unitree', '_': '/usr/bin/colcon', 'ROS_VERSION': '2', 'PKG_CONFIG_PATH': '/home/unitree/cyclonedds_ws/install/cyclonedds/lib/aarch64-linux-gnu/pkgconfig:/home/unitree/cyclonedds_ws/install/cyclonedds/lib/pkgconfig', 'XDG_SESSION_CLASS': 'user', 'TERM': 'xterm-256color', 'XDG_SESSION_ID': '8', 'ROS_LOCALHOST_ONLY': '0', 'PATH': '/home/unitree/.local/bin:/usr/local/cuda-11.4/bin:/home/unitree/cyclonedds_ws/install/cyclonedds/bin:/opt/ros/foxy/bin:/usr/local/sbin:/usr/local/bin:/usr/sbin:/usr/bin:/sbin:/bin:/usr/games:/usr/local/games:/snap/bin', 'XDG_RUNTIME_DIR': '/run/user/1000', 'LANG': 'en_US.UTF-8', 'RMW_IMPLEMENTATION': 'rmw_cyclonedds_cpp', 'LS_COLORS': 'rs=0:di=01;34:ln=01;36:mh=00:pi=40;33:so=01;35:do=01;35:bd=40;33;01:cd=40;33;01:or=40;31;01:mi=00:su=37;41:sg=30;43:ca=30;41:tw=30;42:ow=34;42:st=37;44:ex=01;32:*.tar=01;31:*.tgz=01;31:*.arc=01;31:*.arj=01;31:*.taz=01;31:*.lha=01;31:*.lz4=01;31:*.lzh=01;31:*.lzma=01;31:*.tlz=01;31:*.txz=01;31:*.tzo=01;31:*.t7z=01;31:*.zip=01;31:*.z=01;31:*.dz=01;31:*.gz=01;31:*.lrz=01;31:*.lz=01;31:*.lzo=01;31:*.xz=01;31:*.zst=01;31:*.tzst=01;31:*.bz2=01;31:*.bz=01;31:*.tbz=01;31:*.tbz2=01;31:*.tz=01;31:*.deb=01;31:*.rpm=01;31:*.jar=01;31:*.war=01;31:*.ear=01;31:*.sar=01;31:*.rar=01;31:*.alz=01;31:*.ace=01;31:*.zoo=01;31:*.cpio=01;31:*.7z=01;31:*.rz=01;31:*.cab=01;31:*.wim=01;31:*.swm=01;31:*.dwm=01;31:*.esd=01;31:*.jpg=01;35:*.jpeg=01;35:*.mjpg=01;35:*.mjpeg=01;35:*.gif=01;35:*.bmp=01;35:*.pbm=01;35:*.pgm=01;35:*.ppm=01;35:*.tga=01;35:*.xbm=01;35:*.xpm=01;35:*.tif=01;35:*.tiff=01;35:*.png=01;35:*.svg=01;35:*.svgz=01;35:*.mng=01;35:*.pcx=01;35:*.mov=01;35:*.mpg=01;35:*.mpeg=01;35:*.m2v=01;35:*.mkv=01;35:*.webm=01;35:*.ogm=01;35:*.mp4=01;35:*.m4v=01;35:*.mp4v=01;35:*.vob=01;35:*.qt=01;35:*.nuv=01;35:*.wmv=01;35:*.asf=01;35:*.rm=01;35:*.rmvb=01;35:*.flc=01;35:*.avi=01;35:*.fli=01;35:*.flv=01;35:*.gl=01;35:*.dl=01;35:*.xcf=01;35:*.xwd=01;35:*.yuv=01;35:*.cgm=01;35:*.emf=01;35:*.ogv=01;35:*.ogx=01;35:*.aac=00;36:*.au=00;36:*.flac=00;36:*.m4a=00;36:*.mid=00;36:*.midi=00;36:*.mka=00;36:*.mp3=00;36:*.mpc=00;36:*.ogg=00;36:*.ra=00;36:*.wav=00;36:*.oga=00;36:*.opus=00;36:*.spx=00;36:*.xspf=00;36:', 'AMENT_PREFIX_PATH': '/home/unitree/106a_final/install/vision_node:/home/unitree/106a_final/install/realsense2_description:/home/unitree/106a_final/install/realsense2_camera:/home/unitree/106a_final/install/realsense2_camera_msgs:/home/unitree/106a_final/install/navigation_node_two:/home/unitree/106a_final/install/navigation_node_three:/home/unitree/106a_final/install/navigation_node:/home/unitree/106a_final/install/navigatigation_node_three:/home/unitree/106a_final/install/base_driver:/home/unitree/106a_final/install/aruco_node:/home/unitree/106a_final/install/arm_driver:/home/unitree/106a_final/install/arm_control:/home/unitree/cyclonedds_ws/install/rmw_cyclonedds_cpp:/opt/ros/foxy', 'SHELL': '/bin/bash', 'LESSCLOSE': '/usr/bin/lesspipe %s %s', 'PWD': '/home/unitree/106a_final/build/navigation_return_node', 'LC_ALL': 'en_US.UTF-8', 'SSH_CONNECTION': '192.168.50.153 44518 192.168.50.28 22', 'XDG_DATA_DIRS': '/usr/local/share:/usr/share:/var/lib/snapd/desktop', 'PYTHONPATH': '/home/unitree/106a_final/build/navigation_return_node/prefix_override:/home/unitree/106a_final/install/navigation_return_node/lib/python3.8/site-packages:/home/unitree/106a_final/install/vision_node/lib/python3.8/site-packages:/home/unitree/106a_final/install/realsense2_camera_msgs/lib/python3.8/site-packages:/home/unitree/106a_final/install/navigation_node_two/lib/python3.8/site-packages:/home/unitree/106a_final/install/navigation_node_three/lib/python3.8/site-packages:/home/unitree/106a_final/install/navigation_node/lib/python3.8/site-packages:/home/unitree/106a_final/install/navigatigation_node_three/lib/python3.8/site-packages:/home/unitree/106a_final/install/aruco_node/lib/python3.8/site-packages:/home/unitree/106a_final/install/arm_control/lib/python3.8/site-packages:/opt/ros/foxy/lib/python3.8/site-packages', 'COLCON': '1', 'CMAKE_PREFIX_PATH': '/home/unitree/106a_final/install/realsense2_description:/home/unitree/106a_final/install/realsense2_camera:/home/unitree/106a_final/install/realsense2_camera_msgs:/home/unitree/106a_final/install/base_driver:/home/unitree/106a_final/install/arm_driver:/home/unitree/cyclonedds_ws/install/rmw_cyclonedds_cpp:/home/unitree/cyclonedds_ws/install/cyclonedds'}, 'shell': False}
[18.269765] (-) TimerEvent: {}
[18.371712] (-) TimerEvent: {}
[18.472940] (-) TimerEvent: {}
[18.573960] (-) TimerEvent: {}
[18.675034] (-) TimerEvent: {}
[18.776233] (-) TimerEvent: {}
[18.877160] (-) TimerEvent: {}
[18.977916] (-) TimerEvent: {}
[19.078698] (-) TimerEvent: {}
[19.180039] (-) TimerEvent: {}
[19.221787] (navigation_return_node) StdoutLine: {'line': b'running egg_info\n'}
[19.222797] (navigation_return_node) StdoutLine: {'line': b'creating ../../build/navigation_return_node/navigation_return_node.egg-info\n'}
[19.223503] (navigation_return_node) StdoutLine: {'line': b'writing ../../build/navigation_return_node/navigation_return_node.egg-info/PKG-INFO\n'}
[19.224285] (navigation_return_node) StdoutLine: {'line': b'writing dependency_links to ../../build/navigation_return_node/navigation_return_node.egg-info/dependency_links.txt\n'}
[19.224758] (navigation_return_node) StdoutLine: {'line': b'writing entry points to ../../build/navigation_return_node/navigation_return_node.egg-info/entry_points.txt\n'}
[19.224920] (navigation_return_node) StdoutLine: {'line': b'writing requirements to ../../build/navigation_return_node/navigation_return_node.egg-info/requires.txt\n'}
[19.225065] (navigation_return_node) StdoutLine: {'line': b'writing top-level names to ../../build/navigation_return_node/navigation_return_node.egg-info/top_level.txt\n'}
[19.234551] (navigation_return_node) StdoutLine: {'line': b"writing manifest file '../../build/navigation_return_node/navigation_return_node.egg-info/SOURCES.txt'\n"}
[19.288335] (-) TimerEvent: {}
[19.291190] (navigation_return_node) StdoutLine: {'line': b"reading manifest file '../../build/navigation_return_node/navigation_return_node.egg-info/SOURCES.txt'\n"}
[19.292807] (navigation_return_node) StdoutLine: {'line': b"writing manifest file '../../build/navigation_return_node/navigation_return_node.egg-info/SOURCES.txt'\n"}
[19.293330] (navigation_return_node) StdoutLine: {'line': b'running build\n'}
[19.293586] (navigation_return_node) StdoutLine: {'line': b'running build_py\n'}
[19.293823] (navigation_return_node) StdoutLine: {'line': b'creating /home/unitree/106a_final/build/navigation_return_node/build\n'}
[19.294086] (navigation_return_node) StdoutLine: {'line': b'creating /home/unitree/106a_final/build/navigation_return_node/build/lib\n'}
[19.294228] (navigation_return_node) StdoutLine: {'line': b'creating /home/unitree/106a_final/build/navigation_return_node/build/lib/navigation_return_node\n'}
[19.294443] (navigation_return_node) StdoutLine: {'line': b'copying navigation_return_node/return_navigator.py -> /home/unitree/106a_final/build/navigation_return_node/build/lib/navigation_return_node\n'}
[19.294591] (navigation_return_node) StdoutLine: {'line': b'copying navigation_return_node/__init__.py -> /home/unitree/106a_final/build/navigation_return_node/build/lib/navigation_return_node\n'}
[19.294808] (navigation_return_node) StdoutLine: {'line': b'running install\n'}
[19.297825] (navigation_return_node) StdoutLine: {'line': b'running install_lib\n'}
[19.298477] (navigation_return_node) StdoutLine: {'line': b'creating /home/unitree/106a_final/install/navigation_return_node/lib/python3.8/site-packages/navigation_return_node\n'}
[19.307463] (navigation_return_node) StdoutLine: {'line': b'copying /home/unitree/106a_final/build/navigation_return_node/build/lib/navigation_return_node/return_navigator.py -> /home/unitree/106a_final/install/navigation_return_node/lib/python3.8/site-packages/navigation_return_node\n'}
[19.308862] (navigation_node_three) StdoutLine: {'line': b'running egg_info\n'}
[19.310633] (navigation_node_three) StdoutLine: {'line': b'writing ../../build/navigation_node_three/navigation_node_three.egg-info/PKG-INFO\n'}
[19.311306] (navigation_node_three) StdoutLine: {'line': b'writing dependency_links to ../../build/navigation_node_three/navigation_node_three.egg-info/dependency_links.txt\n'}
[19.312150] (navigation_node_three) StdoutLine: {'line': b'writing entry points to ../../build/navigation_node_three/navigation_node_three.egg-info/entry_points.txt\n'}
[19.312362] (navigation_node_three) StdoutLine: {'line': b'writing requirements to ../../build/navigation_node_three/navigation_node_three.egg-info/requires.txt\n'}
[19.312500] (navigation_node_three) StdoutLine: {'line': b'writing top-level names to ../../build/navigation_node_three/navigation_node_three.egg-info/top_level.txt\n'}
[19.312626] (navigation_return_node) StdoutLine: {'line': b'copying /home/unitree/106a_final/build/navigation_return_node/build/lib/navigation_return_node/__init__.py -> /home/unitree/106a_final/install/navigation_return_node/lib/python3.8/site-packages/navigation_return_node\n'}
[19.312827] (navigation_return_node) StdoutLine: {'line': b'byte-compiling /home/unitree/106a_final/install/navigation_return_node/lib/python3.8/site-packages/navigation_return_node/return_navigator.py to return_navigator.cpython-38.pyc\n'}
[19.312973] (navigation_return_node) StdoutLine: {'line': b'byte-compiling /home/unitree/106a_final/install/navigation_return_node/lib/python3.8/site-packages/navigation_return_node/__init__.py to __init__.cpython-38.pyc\n'}
[19.313179] (navigation_return_node) StdoutLine: {'line': b'running install_data\n'}
[19.313410] (navigation_return_node) StdoutLine: {'line': b'creating /home/unitree/106a_final/install/navigation_return_node/share/ament_index\n'}
[19.313536] (navigation_return_node) StdoutLine: {'line': b'creating /home/unitree/106a_final/install/navigation_return_node/share/ament_index/resource_index\n'}
[19.313650] (navigation_return_node) StdoutLine: {'line': b'creating /home/unitree/106a_final/install/navigation_return_node/share/ament_index/resource_index/packages\n'}
[19.313761] (navigation_return_node) StdoutLine: {'line': b'copying resource/navigation_return_node -> /home/unitree/106a_final/install/navigation_return_node/share/ament_index/resource_index/packages\n'}
[19.314088] (navigation_return_node) StdoutLine: {'line': b'copying package.xml -> /home/unitree/106a_final/install/navigation_return_node/share/navigation_return_node\n'}
[19.314257] (navigation_return_node) StdoutLine: {'line': b'running install_egg_info\n'}
[19.314412] (navigation_return_node) StdoutLine: {'line': b'Copying ../../build/navigation_return_node/navigation_return_node.egg-info to /home/unitree/106a_final/install/navigation_return_node/lib/python3.8/site-packages/navigation_return_node-0.0.0-py3.8.egg-info\n'}
[19.314567] (navigation_return_node) StdoutLine: {'line': b'running install_scripts\n'}
[19.359607] (navigation_return_node) StdoutLine: {'line': b"writing list of installed files to '/home/unitree/106a_final/build/navigation_return_node/install.log'\n"}
[19.384899] (navigation_node_two) StdoutLine: {'line': b'running egg_info\n'}
[19.385486] (navigation_node_two) StdoutLine: {'line': b'writing ../../build/navigation_node_two/navigation_node_two.egg-info/PKG-INFO\n'}
[19.385679] (navigation_node_three) StdoutLine: {'line': b"reading manifest file '../../build/navigation_node_three/navigation_node_three.egg-info/SOURCES.txt'\n"}
[19.385944] (navigation_node_three) StdoutLine: {'line': b"writing manifest file '../../build/navigation_node_three/navigation_node_three.egg-info/SOURCES.txt'\n"}
[19.386118] (navigation_node_three) StdoutLine: {'line': b'running build\n'}
[19.386254] (navigation_node_three) StdoutLine: {'line': b'running build_py\n'}
[19.386371] (navigation_node_three) StdoutLine: {'line': b'copying navigation_node_three/navigator.py -> /home/unitree/106a_final/build/navigation_node_three/build/lib/navigation_node_three\n'}
[19.386488] (navigation_node_three) StdoutLine: {'line': b'running install\n'}
[19.386599] (navigation_node_three) StdoutLine: {'line': b'running install_lib\n'}
[19.386708] (navigation_node_three) StdoutLine: {'line': b'copying /home/unitree/106a_final/build/navigation_node_three/build/lib/navigation_node_three/navigator.py -> /home/unitree/106a_final/install/navigation_node_three/lib/python3.8/site-packages/navigation_node_three\n'}
[19.386960] (navigation_node_three) StdoutLine: {'line': b'byte-compiling /home/unitree/106a_final/install/navigation_node_three/lib/python3.8/site-packages/navigation_node_three/navigator.py to navigator.cpython-38.pyc\n'}
[19.391004] (navigation_node_two) StdoutLine: {'line': b'writing dependency_links to ../../build/navigation_node_two/navigation_node_two.egg-info/dependency_links.txt\n'}
[19.391471] (-) TimerEvent: {}
[19.391786] (navigation_node_two) StdoutLine: {'line': b'writing entry points to ../../build/navigation_node_two/navigation_node_two.egg-info/entry_points.txt\n'}
[19.392005] (navigation_node_three) StdoutLine: {'line': b'running install_data\n'}
[19.392314] (navigation_node_three) StdoutLine: {'line': b'running install_egg_info\n'}
[19.392680] (navigation_node_two) StdoutLine: {'line': b'writing requirements to ../../build/navigation_node_two/navigation_node_two.egg-info/requires.txt\n'}
[19.396116] (navigation_node_two) StdoutLine: {'line': b'writing top-level names to ../../build/navigation_node_two/navigation_node_two.egg-info/top_level.txt\n'}
[19.397800] (navigation_node_three) StdoutLine: {'line': b"removing '/home/unitree/106a_final/install/navigation_node_three/lib/python3.8/site-packages/navigation_node_three-0.0.0-py3.8.egg-info' (and everything under it)\n"}
[19.398154] (navigation_node_three) StdoutLine: {'line': b'Copying ../../build/navigation_node_three/navigation_node_three.egg-info to /home/unitree/106a_final/install/navigation_node_three/lib/python3.8/site-packages/navigation_node_three-0.0.0-py3.8.egg-info\n'}
[19.405489] (navigation_node_three) StdoutLine: {'line': b'running install_scripts\n'}
[19.457600] (navigation_node_three) StdoutLine: {'line': b'Installing navigator script to /home/unitree/106a_final/install/navigation_node_three/lib/navigation_node_three\n'}
[19.459042] (navigation_node_three) StdoutLine: {'line': b"writing list of installed files to '/home/unitree/106a_final/build/navigation_node_three/install.log'\n"}
[19.493017] (-) TimerEvent: {}
[19.557898] (navigation_node_two) StdoutLine: {'line': b"reading manifest file '../../build/navigation_node_two/navigation_node_two.egg-info/SOURCES.txt'\n"}
[19.558780] (navigation_node_two) StdoutLine: {'line': b"writing manifest file '../../build/navigation_node_two/navigation_node_two.egg-info/SOURCES.txt'\n"}
[19.559500] (navigation_node_two) StdoutLine: {'line': b'running build\n'}
[19.559711] (navigation_node_two) StdoutLine: {'line': b'running build_py\n'}
[19.559851] (navigation_node_two) StdoutLine: {'line': b'running install\n'}
[19.561818] (navigation_node_two) StdoutLine: {'line': b'running install_lib\n'}
[19.568462] (navigation_node_two) StdoutLine: {'line': b'running install_data\n'}
[19.570499] (navigation_node_two) StdoutLine: {'line': b'running install_egg_info\n'}
[19.574812] (navigation_node_two) StdoutLine: {'line': b"removing '/home/unitree/106a_final/install/navigation_node_two/lib/python3.8/site-packages/navigation_node_two-0.0.0-py3.8.egg-info' (and everything under it)\n"}
[19.576589] (navigation_node_two) StdoutLine: {'line': b'Copying ../../build/navigation_node_two/navigation_node_two.egg-info to /home/unitree/106a_final/install/navigation_node_two/lib/python3.8/site-packages/navigation_node_two-0.0.0-py3.8.egg-info\n'}
[19.581531] (navigation_node_two) StdoutLine: {'line': b'running install_scripts\n'}
[19.593365] (-) TimerEvent: {}
[19.646433] (navigation_node_two) StdoutLine: {'line': b'Installing nav_to_bottle script to /home/unitree/106a_final/install/navigation_node_two/lib/navigation_node_two\n'}
[19.646930] (navigation_node_two) StdoutLine: {'line': b'Installing pose_bridge_node script to /home/unitree/106a_final/install/navigation_node_two/lib/navigation_node_two\n'}
[19.648058] (navigation_node_two) StdoutLine: {'line': b"writing list of installed files to '/home/unitree/106a_final/build/navigation_node_two/install.log'\n"}
[19.693613] (-) TimerEvent: {}
[19.794561] (-) TimerEvent: {}
[19.895457] (-) TimerEvent: {}
[19.996276] (-) TimerEvent: {}
[20.057860] (navigation_return_node) CommandEnded: {'returncode': 0}
[20.096661] (-) TimerEvent: {}
[20.198696] (-) TimerEvent: {}
[20.299798] (-) TimerEvent: {}
[20.371152] (navigation_return_node) JobEnded: {'identifier': 'navigation_return_node', 'rc': 0}
[20.371902] (navigation_node_three) CommandEnded: {'returncode': 0}
[20.400164] (-) TimerEvent: {}
[20.500783] (-) TimerEvent: {}
[20.601656] (-) TimerEvent: {}
[20.702254] (-) TimerEvent: {}
[20.724988] (navigation_node_three) JobEnded: {'identifier': 'navigation_node_three', 'rc': 0}
[20.725926] (navigation_node_two) CommandEnded: {'returncode': 0}
[20.802533] (-) TimerEvent: {}
[20.903594] (-) TimerEvent: {}
[21.004308] (-) TimerEvent: {}
[21.034413] (navigation_node_two) JobEnded: {'identifier': 'navigation_node_two', 'rc': 0}
[21.104549] (-) TimerEvent: {}
[21.205417] (-) TimerEvent: {}
[21.306062] (-) TimerEvent: {}
[21.406713] (-) TimerEvent: {}
[21.507446] (-) TimerEvent: {}
[21.608240] (-) TimerEvent: {}
[21.708959] (-) TimerEvent: {}
[21.809813] (-) TimerEvent: {}
[21.910513] (-) TimerEvent: {}
[22.013438] (-) TimerEvent: {}
[22.116049] (-) TimerEvent: {}
[22.118230] (vision_node) Command: {'cmd': ['/usr/bin/python3', 'setup.py', 'egg_info', '--egg-base', '../../build/vision_node', 'build', '--build-base', '/home/unitree/106a_final/build/vision_node/build', 'install', '--record', '/home/unitree/106a_final/build/vision_node/install.log', '--install-scripts', '$base/lib/vision_node', '--single-version-externally-managed'], 'cwd': '/home/unitree/106a_final/src/vision_node', 'env': {'LESSOPEN': '| /usr/bin/lesspipe %s', 'USER': 'unitree', 'SSH_CLIENT': '192.168.50.153 44518 22', 'XDG_SESSION_TYPE': 'tty', 'SHLVL': '1', 'LD_LIBRARY_PATH': '/home/unitree/106a_final/install/realsense2_camera/lib:/home/unitree/106a_final/install/realsense2_camera_msgs/lib:/usr/local/cuda-11.4/lib64:/usr/local/lib:/home/unitree/cyclonedds_ws/install/rmw_cyclonedds_cpp/lib:/home/unitree/cyclonedds_ws/install/cyclonedds/lib:/opt/ros/foxy/opt/yaml_cpp_vendor/lib:/opt/ros/foxy/opt/rviz_ogre_vendor/lib:/opt/ros/foxy/lib/aarch64-linux-gnu:/opt/ros/foxy/lib', 'MOTD_SHOWN': 'pam', 'HOME': '/home/unitree', 'CYCLONEDDS_URI': '/home/unitree/cyclonedds_ws/cyclonedds.xml', 'OLDPWD': '/home/unitree', 'SSH_TTY': '/dev/pts/0', 'ROS_PYTHON_VERSION': '3', 'DBUS_SESSION_BUS_ADDRESS': 'unix:path=/run/user/1000/bus', 'COLCON_PREFIX_PATH': '/home/unitree/106a_final/install:/home/unitree/cyclonedds_ws/install', 'ROS_DISTRO': 'foxy', 'LOGNAME': 'unitree', '_': '/usr/bin/colcon', 'ROS_VERSION': '2', 'PKG_CONFIG_PATH': '/home/unitree/cyclonedds_ws/install/cyclonedds/lib/aarch64-linux-gnu/pkgconfig:/home/unitree/cyclonedds_ws/install/cyclonedds/lib/pkgconfig', 'XDG_SESSION_CLASS': 'user', 'TERM': 'xterm-256color', 'XDG_SESSION_ID': '8', 'ROS_LOCALHOST_ONLY': '0', 'PATH': '/home/unitree/.local/bin:/usr/local/cuda-11.4/bin:/home/unitree/cyclonedds_ws/install/cyclonedds/bin:/opt/ros/foxy/bin:/usr/local/sbin:/usr/local/bin:/usr/sbin:/usr/bin:/sbin:/bin:/usr/games:/usr/local/games:/snap/bin', 'XDG_RUNTIME_DIR': '/run/user/1000', 'LANG': 'en_US.UTF-8', 'RMW_IMPLEMENTATION': 'rmw_cyclonedds_cpp', 'LS_COLORS': 'rs=0:di=01;34:ln=01;36:mh=00:pi=40;33:so=01;35:do=01;35:bd=40;33;01:cd=40;33;01:or=40;31;01:mi=00:su=37;41:sg=30;43:ca=30;41:tw=30;42:ow=34;42:st=37;44:ex=01;32:*.tar=01;31:*.tgz=01;31:*.arc=01;31:*.arj=01;31:*.taz=01;31:*.lha=01;31:*.lz4=01;31:*.lzh=01;31:*.lzma=01;31:*.tlz=01;31:*.txz=01;31:*.tzo=01;31:*.t7z=01;31:*.zip=01;31:*.z=01;31:*.dz=01;31:*.gz=01;31:*.lrz=01;31:*.lz=01;31:*.lzo=01;31:*.xz=01;31:*.zst=01;31:*.tzst=01;31:*.bz2=01;31:*.bz=01;31:*.tbz=01;31:*.tbz2=01;31:*.tz=01;31:*.deb=01;31:*.rpm=01;31:*.jar=01;31:*.war=01;31:*.ear=01;31:*.sar=01;31:*.rar=01;31:*.alz=01;31:*.ace=01;31:*.zoo=01;31:*.cpio=01;31:*.7z=01;31:*.rz=01;31:*.cab=01;31:*.wim=01;31:*.swm=01;31:*.dwm=01;31:*.esd=01;31:*.jpg=01;35:*.jpeg=01;35:*.mjpg=01;35:*.mjpeg=01;35:*.gif=01;35:*.bmp=01;35:*.pbm=01;35:*.pgm=01;35:*.ppm=01;35:*.tga=01;35:*.xbm=01;35:*.xpm=01;35:*.tif=01;35:*.tiff=01;35:*.png=01;35:*.svg=01;35:*.svgz=01;35:*.mng=01;35:*.pcx=01;35:*.mov=01;35:*.mpg=01;35:*.mpeg=01;35:*.m2v=01;35:*.mkv=01;35:*.webm=01;35:*.ogm=01;35:*.mp4=01;35:*.m4v=01;35:*.mp4v=01;35:*.vob=01;35:*.qt=01;35:*.nuv=01;35:*.wmv=01;35:*.asf=01;35:*.rm=01;35:*.rmvb=01;35:*.flc=01;35:*.avi=01;35:*.fli=01;35:*.flv=01;35:*.gl=01;35:*.dl=01;35:*.xcf=01;35:*.xwd=01;35:*.yuv=01;35:*.cgm=01;35:*.emf=01;35:*.ogv=01;35:*.ogx=01;35:*.aac=00;36:*.au=00;36:*.flac=00;36:*.m4a=00;36:*.mid=00;36:*.midi=00;36:*.mka=00;36:*.mp3=00;36:*.mpc=00;36:*.ogg=00;36:*.ra=00;36:*.wav=00;36:*.oga=00;36:*.opus=00;36:*.spx=00;36:*.xspf=00;36:', 'AMENT_PREFIX_PATH': '/home/unitree/106a_final/install/vision_node:/home/unitree/106a_final/install/realsense2_description:/home/unitree/106a_final/install/realsense2_camera:/home/unitree/106a_final/install/realsense2_camera_msgs:/home/unitree/106a_final/install/navigation_node_two:/home/unitree/106a_final/install/navigation_node_three:/home/unitree/106a_final/install/navigation_node:/home/unitree/106a_final/install/navigatigation_node_three:/home/unitree/106a_final/install/base_driver:/home/unitree/106a_final/install/aruco_node:/home/unitree/106a_final/install/arm_driver:/home/unitree/106a_final/install/arm_control:/home/unitree/cyclonedds_ws/install/rmw_cyclonedds_cpp:/opt/ros/foxy', 'SHELL': '/bin/bash', 'LESSCLOSE': '/usr/bin/lesspipe %s %s', 'PWD': '/home/unitree/106a_final/build/vision_node', 'LC_ALL': 'en_US.UTF-8', 'SSH_CONNECTION': '192.168.50.153 44518 192.168.50.28 22', 'XDG_DATA_DIRS': '/usr/local/share:/usr/share:/var/lib/snapd/desktop', 'PYTHONPATH': '/home/unitree/106a_final/build/vision_node/prefix_override:/home/unitree/106a_final/install/vision_node/lib/python3.8/site-packages:/home/unitree/106a_final/install/vision_node/lib/python3.8/site-packages:/home/unitree/106a_final/install/realsense2_camera_msgs/lib/python3.8/site-packages:/home/unitree/106a_final/install/navigation_node_two/lib/python3.8/site-packages:/home/unitree/106a_final/install/navigation_node_three/lib/python3.8/site-packages:/home/unitree/106a_final/install/navigation_node/lib/python3.8/site-packages:/home/unitree/106a_final/install/navigatigation_node_three/lib/python3.8/site-packages:/home/unitree/106a_final/install/aruco_node/lib/python3.8/site-packages:/home/unitree/106a_final/install/arm_control/lib/python3.8/site-packages:/opt/ros/foxy/lib/python3.8/site-packages', 'COLCON': '1', 'CMAKE_PREFIX_PATH': '/home/unitree/106a_final/install/realsense2_description:/home/unitree/106a_final/install/realsense2_camera:/home/unitree/106a_final/install/realsense2_camera_msgs:/home/unitree/106a_final/install/base_driver:/home/unitree/106a_final/install/arm_driver:/home/unitree/cyclonedds_ws/install/rmw_cyclonedds_cpp:/home/unitree/cyclonedds_ws/install/cyclonedds'}, 'shell': False}
[22.216710] (-) TimerEvent: {}
[22.317530] (-) TimerEvent: {}
[22.418226] (-) TimerEvent: {}
[22.518933] (-) TimerEvent: {}
[22.619816] (-) TimerEvent: {}
[22.649704] (vision_node) StdoutLine: {'line': b'running egg_info\n'}
[22.651304] (vision_node) StdoutLine: {'line': b'writing ../../build/vision_node/vision_node.egg-info/PKG-INFO\n'}
[22.652011] (vision_node) StdoutLine: {'line': b'writing dependency_links to ../../build/vision_node/vision_node.egg-info/dependency_links.txt\n'}
[22.652460] (vision_node) StdoutLine: {'line': b'writing entry points to ../../build/vision_node/vision_node.egg-info/entry_points.txt\n'}
[22.652810] (vision_node) StdoutLine: {'line': b'writing requirements to ../../build/vision_node/vision_node.egg-info/requires.txt\n'}
[22.653100] (vision_node) StdoutLine: {'line': b'writing top-level names to ../../build/vision_node/vision_node.egg-info/top_level.txt\n'}
[22.719998] (-) TimerEvent: {}
[22.729652] (vision_node) StdoutLine: {'line': b"reading manifest file '../../build/vision_node/vision_node.egg-info/SOURCES.txt'\n"}
[22.731478] (vision_node) StdoutLine: {'line': b"writing manifest file '../../build/vision_node/vision_node.egg-info/SOURCES.txt'\n"}
[22.731815] (vision_node) StdoutLine: {'line': b'running build\n'}
[22.732062] (vision_node) StdoutLine: {'line': b'running build_py\n'}
[22.732407] (vision_node) StdoutLine: {'line': b'copying vision_node/pingpong.py -> /home/unitree/106a_final/build/vision_node/build/lib/vision_node\n'}
[22.732919] (vision_node) StdoutLine: {'line': b'running install\n'}
[22.735220] (vision_node) StdoutLine: {'line': b'running install_lib\n'}
[22.737853] (vision_node) StdoutLine: {'line': b'copying /home/unitree/106a_final/build/vision_node/build/lib/vision_node/pingpong.py -> /home/unitree/106a_final/install/vision_node/lib/python3.8/site-packages/vision_node\n'}
[22.739317] (vision_node) StdoutLine: {'line': b'byte-compiling /home/unitree/106a_final/install/vision_node/lib/python3.8/site-packages/vision_node/pingpong.py to pingpong.cpython-38.pyc\n'}
[22.743764] (vision_node) StdoutLine: {'line': b'running install_data\n'}
[22.745207] (vision_node) StdoutLine: {'line': b'running install_egg_info\n'}
[22.750405] (vision_node) StdoutLine: {'line': b"removing '/home/unitree/106a_final/install/vision_node/lib/python3.8/site-packages/vision_node-0.0.0-py3.8.egg-info' (and everything under it)\n"}
[22.751120] (vision_node) StdoutLine: {'line': b'Copying ../../build/vision_node/vision_node.egg-info to /home/unitree/106a_final/install/vision_node/lib/python3.8/site-packages/vision_node-0.0.0-py3.8.egg-info\n'}
[22.753502] (vision_node) StdoutLine: {'line': b'running install_scripts\n'}
[22.807578] (vision_node) StdoutLine: {'line': b'Installing pingpong_node script to /home/unitree/106a_final/install/vision_node/lib/vision_node\n'}
[22.808515] (vision_node) StdoutLine: {'line': b"writing list of installed files to '/home/unitree/106a_final/build/vision_node/install.log'\n"}
[22.820217] (-) TimerEvent: {}
[22.900142] (vision_node) CommandEnded: {'returncode': 0}
[22.920574] (-) TimerEvent: {}
[23.022181] (-) TimerEvent: {}
[23.123366] (-) TimerEvent: {}
[23.224658] (-) TimerEvent: {}
[23.247736] (vision_node) JobEnded: {'identifier': 'vision_node', 'rc': 0}
[23.252851] (-) EventReactorShutdown: {}
